;FLAVOR:Marlin
;TIME:569
;Filament used: 1.09195m
;Layer height: 0.3
;MINX:82.515
;MINY:82.509
;MINZ:0.3
;MAXX:137.49
;MAXY:137.491
;MAXZ:30.3
;TARGET_MACHINE.NAME:Creality Ender-3 Pro
;Generated with Cura_SteamEngine 5.13.0
; Ender 3 Custom Start G-code
G92 E0 ; Reset Extruder
G28 ; Home all axes
G92 Z0.35 ; first-layer squish comp (raise value = closer to bed)
G1 Z5.0 F3000 ; Move Z Axis up a bit during heating to not damage bed
M104 S175 ; Start heating up the nozzle most of the way
M190 S60 ; Start heating the bed, wait until target temperature reached
M109 S210 ; Finish heating the nozzle
G1 Z2.0 F3000 ; Move Z Axis up little to prevent scratching of Heat Bed
G1 X6.1 Y20 Z0.3 F5000.0 ; Move to start position
G1 X6.1 Y200.0 Z0.3 F1500.0 E15 ; Draw the first line
G1 X6.4 Y200.0 Z0.3 F5000.0 ; Move to side a little
G1 X6.4 Y20 Z0.3 F1500.0 E30 ; Draw the second line
G92 E0 ; Reset Extruder
G1 Z2.0 F3000 ; Move Z Axis up little to prevent scratching of Heat Bed
G1 X5 Y20 Z0.3 F5000.0 ; Move over to prevent blob squish
M82 ;absolute extrusion mode
G92 E0
G92 E0
G1 F1500 E-6.5
;LAYER_COUNT:100
;LAYER:0
M107
G0 F6000 X90.539 Y90.584 Z0.3
;TYPE:SKIRT
G1 F1500 E0
G1 F1200 X91.143 Y89.998 E0.06298
G1 X91.988 Y89.23 E0.14843
G1 X92.416 Y88.868 E0.19038
G1 X93.375 Y88.11 E0.28186
G1 X94.253 Y87.461 E0.36356
G1 X94.653 Y87.194 E0.39955
G1 X95.984 Y86.353 E0.51738
G1 X96.49 Y86.057 E0.56125
G1 X96.952 Y85.803 E0.6007
G1 X97.779 Y85.376 E0.67035
G1 X98.261 Y85.143 E0.71042
G1 X99.027 Y84.794 E0.77341
G1 X99.615 Y84.546 E0.82117
G1 X100.616 Y84.159 E0.90148
G1 X101.467 Y83.867 E0.96881
G1 X102.262 Y83.623 E1.03104
G1 X102.929 Y83.438 E1.08284
G1 X103.658 Y83.254 E1.13911
G1 X104.29 Y83.108 E1.18765
G1 X105.012 Y82.965 E1.24273
G1 X105.71 Y82.847 E1.29571
G1 X106.346 Y82.759 E1.34376
G1 X107.562 Y82.623 E1.43532
G1 X108.061 Y82.58 E1.47281
G1 X108.834 Y82.533 E1.53076
G1 X109.427 Y82.515 E1.57516
G1 X110.175 Y82.509 E1.63114
G1 X110.905 Y82.525 E1.68578
G1 X112.104 Y82.588 E1.77563
G1 X112.98 Y82.668 E1.84146
G1 X113.547 Y82.738 E1.88421
G1 X114.406 Y82.864 E1.94918
G1 X114.926 Y82.952 E1.98865
G1 X115.435 Y83.052 E2.02747
G1 X116.681 Y83.331 E2.12302
G1 X117.802 Y83.639 E2.21002
G1 X118.493 Y83.854 E2.26418
G1 X119.022 Y84.031 E2.30593
G1 X119.826 Y84.326 E2.37002
G1 X120.55 Y84.613 E2.4283
G1 X121.672 Y85.109 E2.5201
G1 X122.488 Y85.509 E2.58811
G1 X122.96 Y85.756 E2.62798
G1 X123.771 Y86.208 E2.69746
G1 X124.307 Y86.53 E2.74425
G1 X125.302 Y87.167 E2.83266
G1 X126.16 Y87.76 E2.91072
G1 X126.595 Y88.081 E2.95117
G1 X127.299 Y88.635 E3.01821
G1 X127.753 Y89.009 E3.06223
G1 X128.574 Y89.736 E3.1443
G1 X129.403 Y90.528 E3.2301
G1 X130.056 Y91.2 E3.30022
G1 X130.627 Y91.826 E3.36363
G1 X131.046 Y92.313 E3.4117
G1 X131.435 Y92.785 E3.45748
G1 X131.786 Y93.232 E3.50001
G1 X132.206 Y93.794 E3.55251
G1 X132.569 Y94.303 E3.5993
G1 X133.214 Y95.271 E3.68635
G1 X133.497 Y95.732 E3.72683
G1 X133.943 Y96.49 E3.79264
G1 X134.196 Y96.95 E3.83193
G1 X134.601 Y97.734 E3.89797
G1 X135.087 Y98.76 E3.98293
G1 X135.493 Y99.715 E4.06059
G1 X135.994 Y101.073 E4.16891
G1 X136.197 Y101.672 E4.21624
G1 X136.419 Y102.406 E4.27363
G1 X136.685 Y103.391 E4.34998
G1 X136.866 Y104.179 E4.41048
G1 X137.07 Y105.217 E4.48965
G1 X137.196 Y105.986 E4.54797
G1 X137.341 Y107.125 E4.63389
G1 X137.413 Y107.923 E4.69385
G1 X137.442 Y108.39 E4.72887
G1 X137.479 Y109.275 E4.79515
G1 X137.49 Y109.956 E4.84612
G1 X137.486 Y110.546 E4.89028
G1 X137.453 Y111.441 E4.9573
G1 X137.411 Y112.092 E5.00612
G1 X137.297 Y113.281 E5.09551
G1 X137.154 Y114.292 E5.17192
G1 X137.058 Y114.856 E5.21473
G1 X136.868 Y115.794 E5.28635
G1 X136.618 Y116.861 E5.36837
G1 X136.486 Y117.365 E5.40735
G1 X136.336 Y117.88 E5.4475
G1 X136.05 Y118.784 E5.51845
G1 X135.656 Y119.875 E5.60526
G1 X135.471 Y120.346 E5.64313
G1 X135.139 Y121.124 E5.70643
G1 X134.885 Y121.683 E5.75238
G1 X134.508 Y122.452 E5.81647
G1 X134.252 Y122.945 E5.85804
G1 X133.861 Y123.646 E5.91811
G1 X133.316 Y124.561 E5.99781
G1 X132.897 Y125.215 E6.05593
G1 X132.237 Y126.164 E6.14244
G1 X131.758 Y126.804 E6.20226
G1 X131.204 Y127.499 E6.26878
G1 X130.784 Y127.992 E6.31724
G1 X130.27 Y128.567 E6.37496
G1 X129.773 Y129.096 E6.42928
G1 X129.284 Y129.593 E6.48146
G1 X128.811 Y130.047 E6.53052
G1 X128.17 Y130.63 E6.59536
G1 X127.677 Y131.053 E6.64398
G1 X126.803 Y131.759 E6.72805
G1 X126.074 Y132.305 E6.79621
G1 X125.714 Y132.561 E6.82927
G1 X125.343 Y132.809 E6.86267
G1 X124.339 Y133.45 E6.95181
G1 X123.606 Y133.885 E7.0156
G1 X122.923 Y134.259 E7.07387
G1 X122.26 Y134.604 E7.1298
G1 X121.768 Y134.844 E7.17077
G1 X120.975 Y135.204 E7.23594
G1 X119.849 Y135.665 E7.32699
G1 X119.084 Y135.946 E7.38798
G1 X118.264 Y136.219 E7.45266
G1 X117.713 Y136.386 E7.49575
G1 X117.009 Y136.578 E7.55035
G1 X116.233 Y136.767 E7.61012
G1 X115.344 Y136.962 E7.67823
G1 X114.837 Y137.061 E7.71689
G1 X114.308 Y137.151 E7.75705
G1 X113.654 Y137.241 E7.80645
G1 X112.438 Y137.377 E7.89802
G1 X111.939 Y137.42 E7.9355
G1 X111.166 Y137.467 E7.99346
G1 X110.573 Y137.485 E8.03785
G1 X109.825 Y137.491 E8.09383
G1 X109.095 Y137.475 E8.14848
G1 X107.889 Y137.41 E8.23886
G1 X107.036 Y137.331 E8.30297
G1 X106.605 Y137.279 E8.33545
G1 X105.565 Y137.131 E8.41407
G1 X104.852 Y137.005 E8.46825
G1 X104.105 Y136.852 E8.52531
G1 X102.624 Y136.484 E8.63951
G1 X101.49 Y136.141 E8.72817
G1 X100.977 Y135.968 E8.76869
G1 X100.123 Y135.655 E8.83676
G1 X99.457 Y135.39 E8.8904
G1 X98.764 Y135.089 E8.94694
G1 X97.976 Y134.72 E9.01205
G1 X97.05 Y134.25 E9.08977
G1 X96.227 Y133.791 E9.16029
G1 X95.581 Y133.406 E9.21656
G1 X94.602 Y132.776 E9.30369
G1 X94.118 Y132.433 E9.34808
G1 X92.972 Y131.58 E9.45499
G1 X92.497 Y131.199 E9.50056
G1 X92.1 Y130.863 E9.53948
G1 X91.126 Y129.984 E9.63767
G1 X90.571 Y129.447 E9.69546
G1 X90.168 Y129.037 E9.73848
G1 X89.558 Y128.379 E9.80563
G1 X89.057 Y127.811 E9.86231
G1 X88.787 Y127.488 E9.89381
G1 X88.233 Y126.79 E9.9605
G1 X87.436 Y125.706 E10.06119
G1 X87.166 Y125.302 E10.09755
G1 X86.349 Y124.01 E10.21195
G1 X86.051 Y123.499 E10.25622
G1 X85.5 Y122.471 E10.3435
G1 X85.181 Y121.824 E10.39748
G1 X84.791 Y120.967 E10.46795
G1 X84.604 Y120.527 E10.50372
G1 X84.105 Y119.215 E10.60877
G1 X83.968 Y118.832 E10.63921
G1 X83.699 Y118 E10.70465
G1 X83.562 Y117.518 E10.74215
G1 X83.182 Y116.03 E10.85707
G1 X83.047 Y115.407 E10.90478
G1 X82.952 Y114.911 E10.94257
G1 X82.809 Y114.047 E11.00811
G1 X82.665 Y112.911 E11.0938
G1 X82.605 Y112.298 E11.1399
G1 X82.551 Y111.524 E11.19796
G1 X82.522 Y110.856 E11.248
G1 X82.515 Y110.366 E11.28467
G1 X82.533 Y108.936 E11.39169
G1 X82.568 Y108.207 E11.44631
G1 X82.709 Y106.73 E11.55734
G1 X82.773 Y106.215 E11.59618
G1 X82.902 Y105.367 E11.66037
G1 X83.117 Y104.253 E11.74528
G1 X83.283 Y103.522 E11.80137
G1 X83.519 Y102.616 E11.87144
G1 X83.677 Y102.075 E11.91361
G1 X84.094 Y100.816 E12.01287
G1 X84.335 Y100.147 E12.06608
G1 X84.708 Y99.222 E12.14072
G1 X85.192 Y98.151 E12.22867
G1 X85.509 Y97.513 E12.28198
G1 X85.874 Y96.823 E12.3404
G1 X86.208 Y96.227 E12.39153
G1 X86.591 Y95.588 E12.44728
G1 X87.087 Y94.81 E12.51633
G1 X87.515 Y94.189 E12.57277
G1 X88.412 Y92.984 E12.68519
G1 X88.801 Y92.497 E12.73183
G1 X89.137 Y92.1 E12.77075
G1 X90.016 Y91.126 E12.86894
G1 X90.539 Y90.584 E12.9253
G0 F6000 X90.971 Y91.001
G1 F1200 X91.546 Y90.442 E12.98531
G1 X92.376 Y89.688 E13.06923
G1 X92.788 Y89.339 E13.10964
G1 X93.732 Y88.592 E13.19973
G1 X94.586 Y87.96 E13.27923
G1 X94.974 Y87.701 E13.31414
G1 X96.287 Y86.871 E13.43039
G1 X96.779 Y86.583 E13.47305
G1 X97.228 Y86.336 E13.5114
G1 X98.04 Y85.916 E13.57981
G1 X98.51 Y85.689 E13.61887
G1 X99.26 Y85.347 E13.68056
G1 X99.832 Y85.106 E13.72701
G1 X100.811 Y84.727 E13.80557
G1 X101.662 Y84.435 E13.8729
G1 X102.422 Y84.201 E13.93241
G1 X103.076 Y84.02 E13.98319
G1 X103.793 Y83.839 E14.03853
G1 X104.407 Y83.697 E14.0857
G1 X105.129 Y83.554 E14.14078
G1 X105.793 Y83.441 E14.19118
G1 X106.412 Y83.355 E14.23795
G1 X107.614 Y83.221 E14.32846
G1 X108.097 Y83.179 E14.36474
G1 X108.853 Y83.133 E14.42142
G1 X109.432 Y83.115 E14.46477
G1 X110.162 Y83.109 E14.5194
G1 X110.873 Y83.124 E14.57262
G1 X112.05 Y83.186 E14.66083
G1 X112.907 Y83.264 E14.72523
G1 X113.46 Y83.332 E14.76692
G1 X114.306 Y83.456 E14.83091
G1 X114.811 Y83.541 E14.86923
G1 X115.304 Y83.637 E14.90682
G1 X116.522 Y83.91 E15.00023
G1 X117.624 Y84.212 E15.08574
G1 X118.303 Y84.423 E15.13895
G1 X118.815 Y84.594 E15.17934
G1 X119.605 Y84.884 E15.24232
G1 X120.308 Y85.162 E15.2989
G1 X121.408 Y85.648 E15.38889
G1 X122.21 Y86.041 E15.45573
G1 X122.668 Y86.28 E15.49439
G1 X123.463 Y86.723 E15.56249
G1 X123.984 Y87.035 E15.60794
G1 X124.961 Y87.66 E15.69474
G1 X125.804 Y88.243 E15.77144
G1 X126.224 Y88.553 E15.8105
G1 X126.918 Y89.098 E15.87654
G1 X127.355 Y89.458 E15.91891
G1 X128.16 Y90.17 E15.99934
G1 X128.973 Y90.946 E16.08344
G1 X129.613 Y91.605 E16.15219
G1 X130.172 Y92.217 E16.21422
G1 X130.583 Y92.695 E16.26139
G1 X130.963 Y93.156 E16.3061
G1 X131.314 Y93.603 E16.34863
G1 X131.718 Y94.143 E16.3991
G1 X132.07 Y94.636 E16.44444
G1 X132.703 Y95.586 E16.52987
G1 X132.98 Y96.036 E16.56941
G1 X133.417 Y96.779 E16.63392
G1 X133.663 Y97.226 E16.6721
G1 X134.059 Y97.991 E16.73656
G1 X134.535 Y98.995 E16.81972
G1 X134.93 Y99.923 E16.89519
G1 X135.426 Y101.266 E17.00233
G1 X135.623 Y101.846 E17.04817
G1 X135.84 Y102.563 E17.10423
G1 X136.1 Y103.525 E17.17881
G1 X136.277 Y104.295 E17.23793
G1 X136.478 Y105.314 E17.31566
G1 X136.601 Y106.062 E17.37239
G1 X136.743 Y107.179 E17.45665
G1 X136.814 Y107.961 E17.51541
G1 X136.843 Y108.415 E17.54946
G1 X136.879 Y109.285 E17.61462
G1 X136.89 Y109.952 E17.66454
G1 X136.886 Y110.524 E17.70735
G1 X136.854 Y111.403 E17.77317
G1 X136.814 Y112.035 E17.82056
G1 X136.703 Y113.197 E17.90792
G1 X136.563 Y114.191 E17.98304
G1 X136.47 Y114.737 E18.02449
G1 X136.284 Y115.657 E18.09473
G1 X136.038 Y116.709 E18.17558
G1 X135.91 Y117.197 E18.21333
G1 X135.764 Y117.699 E18.25246
G1 X135.486 Y118.58 E18.32159
G1 X135.097 Y119.656 E18.40721
G1 X134.919 Y120.11 E18.44371
G1 X134.592 Y120.876 E18.50604
G1 X134.346 Y121.419 E18.55065
G1 X133.975 Y122.176 E18.61374
G1 X133.728 Y122.653 E18.65393
G1 X133.346 Y123.339 E18.71269
G1 X132.81 Y124.238 E18.79102
G1 X132.404 Y124.873 E18.84742
G1 X131.757 Y125.804 E18.93227
G1 X131.288 Y126.43 E18.9908
G1 X130.747 Y127.11 E19.05583
G1 X130.337 Y127.592 E19.10319
G1 X129.833 Y128.156 E19.15979
G1 X129.345 Y128.675 E19.2131
G1 X128.868 Y129.16 E19.26401
G1 X128.407 Y129.603 E19.31186
G1 X127.779 Y130.175 E19.37543
G1 X127.3 Y130.586 E19.42266
G1 X126.443 Y131.279 E19.50514
G1 X125.726 Y131.816 E19.57218
G1 X125.38 Y132.062 E19.60395
G1 X125.02 Y132.303 E19.63637
G1 X124.032 Y132.934 E19.7241
G1 X123.317 Y133.359 E19.78634
G1 X122.646 Y133.727 E19.84361
G1 X121.997 Y134.065 E19.89837
G1 X121.52 Y134.298 E19.9381
G1 X120.748 Y134.649 E20.00156
G1 X119.642 Y135.102 E20.09101
G1 X118.894 Y135.377 E20.15065
G1 X118.09 Y135.645 E20.21407
G1 X117.555 Y135.807 E20.2559
G1 X116.867 Y135.995 E20.30927
G1 X116.104 Y136.181 E20.36805
G1 X115.23 Y136.373 E20.43501
G1 X114.736 Y136.469 E20.47267
G1 X114.207 Y136.559 E20.51283
G1 X113.588 Y136.645 E20.5596
G1 X112.386 Y136.779 E20.65011
G1 X111.903 Y136.821 E20.68639
G1 X111.147 Y136.867 E20.74307
G1 X110.568 Y136.885 E20.78642
G1 X109.838 Y136.891 E20.84105
G1 X109.127 Y136.876 E20.89427
G1 X107.945 Y136.813 E20.98285
G1 X107.107 Y136.735 E21.04583
G1 X106.689 Y136.685 E21.07734
G1 X105.669 Y136.54 E21.15444
G1 X104.972 Y136.417 E21.2074
G1 X104.225 Y136.264 E21.26447
G1 X102.798 Y135.91 E21.37449
G1 X101.681 Y135.572 E21.46183
G1 X101.183 Y135.405 E21.50113
G1 X100.345 Y135.098 E21.56792
G1 X99.695 Y134.839 E21.62028
G1 X99.018 Y134.546 E21.67549
G1 X98.247 Y134.185 E21.7392
G1 X97.342 Y133.726 E21.81514
G1 X96.534 Y133.275 E21.88439
G1 X95.906 Y132.901 E21.93909
G1 X94.927 Y132.271 E22.02621
G1 X94.476 Y131.952 E22.06755
G1 X93.347 Y131.112 E22.17286
G1 X92.885 Y130.742 E22.21715
G1 X92.502 Y130.417 E22.25474
G1 X91.543 Y129.552 E22.35139
G1 X90.999 Y129.027 E22.40797
G1 X90.608 Y128.629 E22.44972
G1 X90.008 Y127.982 E22.51575
G1 X89.517 Y127.426 E22.57126
G1 X89.257 Y127.115 E22.6016
G1 X88.716 Y126.434 E22.66669
G1 X87.935 Y125.373 E22.76528
G1 X87.673 Y124.981 E22.80056
G1 X86.867 Y123.707 E22.91338
G1 X86.58 Y123.216 E22.95594
G1 X86.038 Y122.205 E23.04179
G1 X85.727 Y121.576 E23.0943
G1 X85.343 Y120.732 E23.16369
G1 X85.165 Y120.313 E23.19776
G1 X84.67 Y119.013 E23.30186
G1 X84.539 Y118.647 E23.33095
G1 X84.276 Y117.836 E23.39475
G1 X84.143 Y117.369 E23.43109
G1 X83.768 Y115.903 E23.54433
G1 X83.636 Y115.295 E23.59089
G1 X83.544 Y114.813 E23.62761
G1 X83.404 Y113.971 E23.69149
G1 X83.262 Y112.853 E23.77583
G1 X83.204 Y112.256 E23.82071
G1 X83.15 Y111.482 E23.87878
G1 X83.122 Y110.847 E23.92634
G1 X83.115 Y110.373 E23.96182
G1 X83.132 Y108.964 E24.06727
G1 X83.165 Y108.264 E24.11971
G1 X83.304 Y106.804 E24.22947
G1 X83.366 Y106.305 E24.2671
G1 X83.491 Y105.481 E24.32947
G1 X83.702 Y104.386 E24.41292
G1 X83.864 Y103.673 E24.46764
G1 X84.095 Y102.784 E24.53637
G1 X84.247 Y102.264 E24.57692
G1 X84.659 Y101.019 E24.67505
G1 X84.892 Y100.371 E24.72659
G1 X85.255 Y99.469 E24.79935
G1 X85.729 Y98.418 E24.88563
G1 X86.039 Y97.794 E24.93777
G1 X86.398 Y97.116 E24.99519
G1 X86.723 Y96.535 E25.04501
G1 X87.097 Y95.91 E25.09951
G1 X87.581 Y95.15 E25.16694
G1 X87.996 Y94.547 E25.22172
G1 X88.881 Y93.358 E25.33264
G1 X89.258 Y92.885 E25.37791
G1 X89.583 Y92.502 E25.4155
G1 X90.448 Y91.543 E25.51215
G1 X90.971 Y91.001 E25.56851
G0 F6000 X91.389 Y91.431
G1 F1200 X91.95 Y90.886 E25.62704
G1 X92.764 Y90.146 E25.70937
G1 X93.176 Y89.797 E25.74978
G1 X94.089 Y89.074 E25.83693
G1 X94.92 Y88.459 E25.9143
G1 X95.295 Y88.208 E25.94806
G1 X96.59 Y87.389 E26.06273
G1 X97.068 Y87.109 E26.10419
G1 X97.504 Y86.869 E26.14143
G1 X98.301 Y86.456 E26.20861
G1 X98.759 Y86.235 E26.24666
G1 X99.492 Y85.9 E26.30698
G1 X100.049 Y85.666 E26.35219
G1 X101.028 Y85.287 E26.43075
G1 X101.839 Y85.008 E26.49493
G1 X102.581 Y84.779 E26.55304
G1 X103.223 Y84.602 E26.60288
G1 X103.928 Y84.424 E26.6573
G1 X104.542 Y84.282 E26.70446
G1 X105.23 Y84.145 E26.75696
G1 X105.876 Y84.035 E26.80599
G1 X106.478 Y83.951 E26.85148
G1 X107.666 Y83.819 E26.94093
G1 X108.133 Y83.778 E26.97602
G1 X108.872 Y83.733 E27.03142
G1 X109.437 Y83.715 E27.07373
G1 X110.15 Y83.709 E27.12708
G1 X110.841 Y83.723 E27.17881
G1 X111.996 Y83.784 E27.26536
G1 X112.834 Y83.86 E27.32833
G1 X113.373 Y83.926 E27.36897
G1 X114.207 Y84.048 E27.43205
G1 X114.697 Y84.13 E27.46922
G1 X115.173 Y84.222 E27.50551
G1 X116.364 Y84.489 E27.59685
G1 X117.446 Y84.785 E27.68079
G1 X118.125 Y84.996 E27.734
G1 X118.608 Y85.157 E27.7721
G1 X119.385 Y85.442 E27.83404
G1 X120.066 Y85.711 E27.88883
G1 X121.144 Y86.187 E27.97702
G1 X121.933 Y86.573 E28.04275
G1 X122.376 Y86.804 E28.08014
G1 X123.155 Y87.238 E28.14688
G1 X123.661 Y87.541 E28.19101
G1 X124.62 Y88.154 E28.27619
G1 X125.448 Y88.726 E28.3515
G1 X125.853 Y89.025 E28.38917
G1 X126.537 Y89.562 E28.45425
G1 X126.958 Y89.908 E28.49503
G1 X127.746 Y90.604 E28.57371
G1 X128.543 Y91.364 E28.65612
G1 X129.17 Y92.009 E28.72344
G1 X129.717 Y92.609 E28.7842
G1 X130.12 Y93.077 E28.83042
G1 X130.491 Y93.527 E28.87406
G1 X130.834 Y93.963 E28.91558
G1 X131.23 Y94.492 E28.96503
G1 X131.571 Y94.969 E29.00891
G1 X132.192 Y95.901 E29.09272
G1 X132.463 Y96.34 E29.13133
G1 X132.891 Y97.068 E29.19453
G1 X133.13 Y97.502 E29.23161
G1 X133.517 Y98.248 E29.2945
G1 X133.983 Y99.23 E29.37584
G1 X134.367 Y100.131 E29.44914
G1 X134.858 Y101.459 E29.55509
G1 X135.049 Y102.02 E29.59944
G1 X135.261 Y102.72 E29.65418
G1 X135.515 Y103.659 E29.72697
G1 X135.688 Y104.412 E29.78479
G1 X135.886 Y105.412 E29.86108
G1 X136.006 Y106.137 E29.91607
G1 X136.145 Y107.233 E29.99875
G1 X136.215 Y108.001 E30.05646
G1 X136.244 Y108.44 E30.08938
G1 X136.279 Y109.295 E30.15342
G1 X136.29 Y109.948 E30.2023
G1 X136.286 Y110.502 E30.24376
G1 X136.255 Y111.366 E30.30846
G1 X136.217 Y111.978 E30.35434
G1 X136.109 Y113.113 E30.43966
G1 X135.971 Y114.091 E30.51358
G1 X135.882 Y114.618 E30.55358
G1 X135.7 Y115.52 E30.62244
G1 X135.457 Y116.558 E30.70222
G1 X135.334 Y117.03 E30.73872
G1 X135.192 Y117.519 E30.77682
G1 X134.922 Y118.376 E30.84407
G1 X134.539 Y119.437 E30.92848
G1 X134.367 Y119.875 E30.9637
G1 X134.046 Y120.628 E31.02495
G1 X133.807 Y121.155 E31.06826
G1 X133.442 Y121.9 E31.13034
G1 X133.203 Y122.362 E31.16927
G1 X132.831 Y123.032 E31.22662
G1 X132.304 Y123.915 E31.30357
G1 X131.911 Y124.531 E31.35825
G1 X131.277 Y125.444 E31.44144
G1 X130.818 Y126.056 E31.49868
G1 X130.277 Y126.736 E31.56371
G1 X129.89 Y127.192 E31.60847
G1 X129.396 Y127.745 E31.66396
G1 X128.918 Y128.254 E31.71622
G1 X128.452 Y128.727 E31.76591
G1 X127.991 Y129.17 E31.81375
G1 X127.388 Y129.72 E31.87483
G1 X126.923 Y130.12 E31.92073
G1 X126.084 Y130.799 E32.0015
G1 X125.378 Y131.327 E32.06748
G1 X125.047 Y131.563 E32.0979
G1 X124.697 Y131.797 E32.12941
G1 X123.725 Y132.418 E32.21573
G1 X123.028 Y132.833 E32.27643
G1 X122.368 Y133.195 E32.33276
G1 X121.734 Y133.526 E32.38629
G1 X121.271 Y133.752 E32.42484
G1 X120.521 Y134.094 E32.48653
G1 X119.435 Y134.539 E32.57436
G1 X118.704 Y134.808 E32.63265
G1 X117.917 Y135.071 E32.69475
G1 X117.397 Y135.228 E32.7354
G1 X116.725 Y135.412 E32.78754
G1 X115.975 Y135.595 E32.84531
G1 X115.114 Y135.784 E32.91128
G1 X114.635 Y135.878 E32.94781
G1 X114.124 Y135.965 E32.9866
G1 X113.522 Y136.049 E33.03209
G1 X112.334 Y136.181 E33.12154
G1 X111.867 Y136.222 E33.15662
G1 X111.128 Y136.267 E33.21203
G1 X110.563 Y136.285 E33.25433
G1 X109.85 Y136.291 E33.30769
G1 X109.159 Y136.277 E33.35941
G1 X108.001 Y136.216 E33.44619
G1 X107.178 Y136.139 E33.50805
G1 X106.773 Y136.091 E33.53857
G1 X105.773 Y135.949 E33.61415
G1 X105.092 Y135.829 E33.6659
G1 X104.345 Y135.676 E33.72296
G1 X102.972 Y135.336 E33.82882
G1 X101.871 Y135.003 E33.9149
G1 X101.39 Y134.842 E33.95286
G1 X100.567 Y134.54 E34.01846
G1 X99.933 Y134.288 E34.06952
G1 X99.272 Y134.003 E34.12338
G1 X98.518 Y133.65 E34.18569
G1 X97.634 Y133.202 E34.25985
G1 X96.841 Y132.76 E34.32779
G1 X96.231 Y132.396 E34.38095
G1 X95.252 Y131.766 E34.46808
G1 X94.834 Y131.471 E34.50636
G1 X93.722 Y130.643 E34.61011
G1 X93.273 Y130.284 E34.65314
G1 X92.904 Y129.971 E34.68935
G1 X91.945 Y129.106 E34.78599
G1 X91.427 Y128.607 E34.83982
G1 X91.048 Y128.221 E34.8803
G1 X90.458 Y127.585 E34.94522
G1 X89.977 Y127.04 E34.99962
G1 X89.727 Y126.742 E35.02873
G1 X89.199 Y126.078 E35.09222
G1 X88.434 Y125.04 E35.18871
G1 X88.18 Y124.66 E35.22292
G1 X87.385 Y123.404 E35.33416
G1 X87.109 Y122.932 E35.37507
G1 X86.576 Y121.938 E35.45948
G1 X86.273 Y121.327 E35.51052
G1 X85.895 Y120.498 E35.5787
G1 X85.726 Y120.099 E35.61113
G1 X85.235 Y118.812 E35.71421
G1 X85.11 Y118.461 E35.7421
G1 X84.853 Y117.671 E35.80427
G1 X84.724 Y117.22 E35.83937
G1 X84.354 Y115.775 E35.951
G1 X84.225 Y115.183 E35.99634
G1 X84.136 Y114.714 E36.03206
G1 X83.999 Y113.895 E36.0942
G1 X83.859 Y112.796 E36.17711
G1 X83.803 Y112.214 E36.22087
G1 X83.749 Y111.44 E36.27893
G1 X83.722 Y110.838 E36.32403
G1 X83.715 Y110.38 E36.35831
G1 X83.731 Y108.992 E36.46218
G1 X83.762 Y108.321 E36.51245
G1 X83.899 Y106.878 E36.62093
G1 X83.959 Y106.395 E36.65735
G1 X84.08 Y105.594 E36.71797
G1 X84.287 Y104.519 E36.7999
G1 X84.445 Y103.824 E36.85323
G1 X84.671 Y102.952 E36.92065
G1 X84.817 Y102.452 E36.95963
G1 X85.224 Y101.222 E37.05658
G1 X85.449 Y100.595 E37.10643
G1 X85.802 Y99.716 E37.17732
G1 X86.267 Y98.685 E37.26196
G1 X86.57 Y98.074 E37.313
G1 X86.921 Y97.409 E37.36927
G1 X87.238 Y96.843 E37.41782
G1 X87.603 Y96.232 E37.47108
G1 X88.075 Y95.49 E37.53689
G1 X88.477 Y94.905 E37.59001
G1 X89.35 Y93.732 E37.69943
G1 X89.716 Y93.273 E37.74337
G1 X90.029 Y92.904 E37.77958
G1 X90.894 Y91.945 E37.87623
G1 X91.389 Y91.431 E37.92963
G1 F1500 E31.42963
;MESH:flow_cal_cylinder_32x30.stl
G0 F6000 X93.54 Y112.602
G0 X93.902 Y114.309
G0 X94.441 Y115.968
G0 X95.15 Y117.562
G0 X96.022 Y119.072
G0 X97.047 Y120.485
G0 X98.213 Y121.781
G0 X99.509 Y122.949
G0 X100.922 Y123.974
G0 X102.431 Y124.846
G0 X104.024 Y125.557
G0 X105.683 Y126.096
G0 X107.389 Y126.458
G0 X107.881 Y126.51
G0 X109.97 Y126.665
G0 X109.995 Y125.699
;TYPE:WALL-OUTER
G1 F1500 E37.92963
G1 F1200 X109.161 Y125.676 E37.99206
G1 X108.368 Y125.613 E38.0516
G1 X107.544 Y125.503 E38.11381
G1 X106.719 Y125.35 E38.1766
G1 X105.946 Y125.165 E38.23608
G1 X105.145 Y124.93 E38.29855
G1 X104.356 Y124.647 E38.36128
G1 X103.622 Y124.345 E38.42067
G1 X102.857 Y123.98 E38.48411
G1 X102.143 Y123.592 E38.54492
G1 X101.444 Y123.16 E38.60641
G1 X100.761 Y122.692 E38.66837
G1 X100.122 Y122.203 E38.72859
G1 X99.481 Y121.653 E38.7918
G1 X98.905 Y121.107 E38.85119
G1 X98.323 Y120.491 E38.91461
G1 X97.785 Y119.866 E38.97632
G1 X97.3 Y119.231 E39.03612
G1 X96.82 Y118.532 E39.09957
G1 X96.397 Y117.842 E39.16014
G1 X96.004 Y117.112 E39.22218
G1 X95.651 Y116.369 E39.28374
G1 X95.345 Y115.632 E39.34346
G1 X95.062 Y114.831 E39.40704
G1 X94.83 Y114.046 E39.46829
G1 X94.642 Y113.265 E39.52841
G1 X94.489 Y112.437 E39.59142
G1 X94.383 Y111.624 E39.65278
G1 X94.32 Y110.82 E39.71313
G1 X94.301 Y110.007 E39.77399
G1 X94.32 Y109.16 E39.83739
G1 X94.383 Y108.368 E39.89685
G1 X94.493 Y107.552 E39.95846
G1 X94.646 Y106.718 E40.02192
G1 X94.83 Y105.946 E40.08131
G1 X95.066 Y105.157 E40.14294
G1 X95.349 Y104.356 E40.20651
G1 X95.655 Y103.623 E40.26596
G1 X96.02 Y102.857 E40.32945
G1 X96.405 Y102.146 E40.38996
G1 X96.824 Y101.456 E40.45037
G1 X97.307 Y100.757 E40.51396
G1 X97.794 Y100.125 E40.57367
G1 X98.336 Y99.489 E40.6362
G1 X98.889 Y98.905 E40.69639
G1 X99.505 Y98.324 E40.75976
G1 X100.133 Y97.786 E40.82164
G1 X100.765 Y97.303 E40.88117
G1 X101.464 Y96.82 E40.94475
G1 X102.146 Y96.405 E41.00449
G1 X102.876 Y96.008 E41.06668
G1 X103.623 Y95.655 E41.12851
G1 X104.365 Y95.344 E41.18872
G1 X105.161 Y95.062 E41.25191
G1 X105.953 Y94.831 E41.31365
G1 X106.727 Y94.646 E41.37321
G1 X107.548 Y94.493 E41.4357
G1 X108.372 Y94.383 E41.49792
G1 X109.168 Y94.32 E41.55767
G1 X110.003 Y94.301 E41.62017
G1 X110.836 Y94.32 E41.68253
G1 X111.632 Y94.383 E41.74228
G1 X112.456 Y94.493 E41.8045
G1 X113.277 Y94.646 E41.86699
G1 X114.054 Y94.83 E41.92675
G1 X114.842 Y95.066 E41.98831
G1 X115.64 Y95.349 E42.05167
G1 X116.377 Y95.655 E42.11139
G1 X117.139 Y96.02 E42.17462
G1 X117.858 Y96.409 E42.23579
G1 X118.54 Y96.824 E42.29554
G1 X119.239 Y97.307 E42.35912
G1 X119.871 Y97.794 E42.41883
G1 X120.511 Y98.34 E42.48179
G1 X121.091 Y98.889 E42.54155
G1 X121.668 Y99.497 E42.60428
G1 X122.21 Y100.133 E42.66681
G1 X122.693 Y100.765 E42.72634
G1 X123.176 Y101.464 E42.78992
G1 X123.588 Y102.139 E42.8491
G1 X123.996 Y102.885 E42.91273
G1 X124.337 Y103.606 E42.97242
G1 X124.651 Y104.364 E43.03382
G1 X124.934 Y105.165 E43.09739
G1 X125.166 Y105.954 E43.15894
G1 X125.354 Y106.723 E43.21818
G1 X125.503 Y107.535 E43.27996
G1 X125.613 Y108.376 E43.34343
G1 X125.676 Y109.169 E43.40297
G1 X125.699 Y109.989 E43.46435
G1 X125.676 Y110.828 E43.52717
G1 X125.613 Y111.628 E43.58722
G1 X125.507 Y112.444 E43.6488
G1 X125.35 Y113.277 E43.71223
G1 X125.165 Y114.054 E43.77201
G1 X124.934 Y114.839 E43.83324
G1 X124.651 Y115.632 E43.89625
G1 X124.345 Y116.377 E43.95652
G1 X123.98 Y117.135 E44.01948
G1 X123.591 Y117.85 E44.0804
G1 X123.172 Y118.54 E44.14081
G1 X122.689 Y119.239 E44.20439
G1 X122.206 Y119.871 E44.26392
G1 X121.665 Y120.507 E44.3264
G1 X121.108 Y121.091 E44.3868
G1 X120.495 Y121.673 E44.45005
G1 X119.871 Y122.206 E44.51147
G1 X119.231 Y122.697 E44.57183
G1 X118.552 Y123.164 E44.6335
G1 X117.845 Y123.596 E44.69551
G1 X117.119 Y123.992 E44.7574
G1 X116.39 Y124.337 E44.81775
G1 X115.632 Y124.651 E44.87915
G1 X114.843 Y124.93 E44.94178
G1 X114.045 Y125.166 E45.00405
G1 X113.273 Y125.354 E45.06352
G1 X112.449 Y125.503 E45.12618
G1 X111.624 Y125.613 E45.18847
G1 X110.827 Y125.676 E45.24829
G1 X109.995 Y125.699 E45.31058
G0 F6000 X110 Y125.155
;TYPE:SKIN
G1 F1200 X109.992 Y125.155 E45.31118
G1 X109.176 Y125.132 E45.37227
G1 X108.436 Y125.077 E45.4278
G1 X107.632 Y124.967 E45.48853
G1 X106.819 Y124.818 E45.55038
G1 X106.094 Y124.642 E45.60622
G1 X105.297 Y124.41 E45.66833
G1 X104.557 Y124.148 E45.72708
G1 X103.855 Y123.854 E45.78404
G1 X103.089 Y123.488 E45.84757
G1 X102.411 Y123.12 E45.9053
G1 X101.728 Y122.696 E45.96546
G1 X101.088 Y122.26 E46.02341
G1 X100.462 Y121.782 E46.08235
G1 X99.834 Y121.241 E46.14438
G1 X99.297 Y120.731 E46.19981
G1 X98.715 Y120.118 E46.26306
G1 X98.214 Y119.534 E46.32064
G1 X97.727 Y118.899 E46.38053
G1 X97.268 Y118.232 E46.44112
G1 X96.857 Y117.559 E46.50014
G1 X96.492 Y116.876 E46.55809
G1 X96.143 Y116.141 E46.61898
G1 X95.849 Y115.436 E46.67614
G1 X95.574 Y114.659 E46.73782
G1 X95.346 Y113.894 E46.79756
G1 X95.17 Y113.15 E46.85478
G1 X95.021 Y112.336 E46.9167
G1 X94.915 Y111.553 E46.97583
G1 X94.86 Y110.797 E47.03256
G1 X94.841 Y110.015 E47.0911
G1 X94.86 Y109.172 E47.1542
G1 X94.919 Y108.44 E47.20916
G1 X95.025 Y107.636 E47.26985
G1 X95.178 Y106.814 E47.33242
G1 X95.347 Y106.098 E47.38747
G1 X95.582 Y105.31 E47.44901
G1 X95.849 Y104.56 E47.50858
G1 X96.143 Y103.85 E47.56609
G1 X96.492 Y103.112 E47.62719
G1 X96.865 Y102.426 E47.68562
G1 X97.284 Y101.736 E47.74603
G1 X97.751 Y101.065 E47.80721
G1 X98.202 Y100.473 E47.8629
G1 X98.727 Y99.861 E47.92325
G1 X99.261 Y99.296 E47.98143
G1 X99.873 Y98.715 E48.04458
G1 X100.473 Y98.202 E48.10365
G1 X101.093 Y97.731 E48.16192
G1 X101.744 Y97.28 E48.22119
G1 X102.414 Y96.873 E48.27985
G1 X103.128 Y96.484 E48.3407
G1 X103.835 Y96.151 E48.39918
G1 X104.572 Y95.841 E48.45902
G1 X105.332 Y95.574 E48.5193
G1 X106.097 Y95.351 E48.57893
G1 X106.827 Y95.178 E48.63507
G1 X107.636 Y95.025 E48.69669
G1 X108.44 Y94.919 E48.75738
G1 X109.184 Y94.86 E48.81323
G1 X110 Y94.841 E48.87431
G1 X110.816 Y94.86 E48.93539
G1 X111.56 Y94.919 E48.99125
G1 X112.368 Y95.025 E49.05223
G1 X113.173 Y95.178 E49.11355
G1 X113.91 Y95.351 E49.17021
G1 X114.666 Y95.578 E49.22928
G1 X115.452 Y95.857 E49.29169
G1 X116.165 Y96.15 E49.34938
G1 X116.879 Y96.496 E49.40876
G1 X117.574 Y96.869 E49.46778
G1 X118.256 Y97.284 E49.52753
G1 X118.931 Y97.751 E49.58895
G1 X119.519 Y98.202 E49.64441
G1 X120.143 Y98.736 E49.70587
G1 X120.707 Y99.269 E49.76394
G1 X121.268 Y99.861 E49.82498
G1 X121.778 Y100.461 E49.88391
G1 X122.261 Y101.093 E49.94343
G1 X122.728 Y101.768 E50.00486
G1 X123.12 Y102.407 E50.06096
G1 X123.508 Y103.117 E50.12151
G1 X123.837 Y103.814 E50.17919
G1 X124.139 Y104.544 E50.23831
G1 X124.414 Y105.317 E50.29971
G1 X124.638 Y106.082 E50.35936
G1 X124.826 Y106.852 E50.41868
G1 X124.967 Y107.608 E50.47623
G1 X125.077 Y108.443 E50.53925
G1 X125.132 Y109.184 E50.59486
G1 X125.155 Y109.973 E50.65393
G1 X125.132 Y110.808 E50.71644
G1 X125.077 Y111.557 E50.77264
G1 X124.975 Y112.344 E50.83203
G1 X124.818 Y113.177 E50.89547
G1 X124.645 Y113.902 E50.95125
G1 X124.418 Y114.675 E51.01154
G1 X124.151 Y115.424 E51.07104
G1 X123.858 Y116.141 E51.12901
G1 X123.5 Y116.875 E51.19012
G1 X123.127 Y117.566 E51.24889
G1 X122.712 Y118.252 E51.30889
G1 X122.257 Y118.911 E51.36882
G1 X121.782 Y119.531 E51.42726
G1 X121.265 Y120.139 E51.48699
G1 X120.716 Y120.715 E51.54654
G1 X120.134 Y121.265 E51.60646
G1 X119.534 Y121.783 E51.66578
G1 X118.919 Y122.252 E51.72366
G1 X118.244 Y122.716 E51.78496
G1 X117.581 Y123.12 E51.84306
G1 X116.883 Y123.504 E51.90268
G1 X116.178 Y123.837 E51.96103
G1 X115.444 Y124.143 E52.02054
G1 X114.679 Y124.414 E52.08127
G1 X113.894 Y124.646 E52.14253
G1 X113.158 Y124.822 E52.19916
G1 X112.364 Y124.967 E52.25957
G1 X111.552 Y125.077 E52.32089
G1 X110.808 Y125.132 E52.37672
G1 X110 Y125.155 E52.43721
G1 F1500 E45.93721
G0 F6000 X109.961 Y126.665
G0 X108.253 Y126.573
G0 X106.531 Y126.3
G0 X104.847 Y125.849
G0 X103.527 Y125.341
G0 X101.664 Y124.429
G0 X102.388 Y122.753
G1 F1500 E52.43721
G1 F1200 X97.231 Y117.595 E52.98304
G1 F1500 E46.48304
G0 F6000 X96.355 Y115.871
G1 F1500 E52.98304
G1 F1200 X104.126 Y123.643 E53.80552
G0 F6000 X105.484 Y124.152
G1 F1200 X95.842 Y114.51 E54.82597
G0 F6000 X95.524 Y113.344
G1 F1200 X106.648 Y124.467 E56.0032
G0 F6000 X107.703 Y124.674
G1 F1200 X95.317 Y112.287 E57.3141
G0 F6000 X95.199 Y111.321
G1 F1200 X108.672 Y124.794 E58.73999
G0 F6000 X109.569 Y124.843
G1 F1200 X95.15 Y110.424 E60.266
G0 F6000 X95.15 Y109.575
G1 F1200 X110.418 Y124.843 E61.88186
G0 F6000 X111.224 Y124.8
G1 F1200 X95.193 Y108.769 E63.57847
G0 F6000 X95.278 Y108.006
G1 F1200 X111.987 Y124.715 E65.34684
G0 F6000 X112.718 Y124.597
G1 F1200 X95.397 Y107.277 E67.17992
G0 F6000 X95.543 Y106.574
G1 F1200 X113.42 Y124.451 E69.0719
G0 F6000 X114.092 Y124.275
G1 F1200 X95.718 Y105.901 E71.01647
G0 F6000 X95.92 Y105.254
G1 F1200 X114.74 Y124.074 E73.00825
G0 F6000 X115.364 Y123.85
G1 F1200 X96.145 Y104.63 E75.04231
G0 F6000 X96.393 Y104.03
G1 F1200 X115.964 Y123.601 E77.11357
G0 F6000 X116.544 Y123.332
G1 F1200 X96.663 Y103.451 E79.21764
G0 F6000 X96.953 Y102.893
G1 F1200 X117.101 Y123.041 E81.34996
G0 F6000 X117.641 Y122.732
G1 F1200 X97.261 Y102.352 E83.50684
G0 F6000 X97.586 Y101.828
G1 F1200 X118.164 Y122.407 E85.68473
G0 F6000 X118.667 Y122.061
G1 F1200 X97.934 Y101.328 E87.87897
G0 F6000 X98.297 Y100.843
G1 F1200 X119.151 Y121.697 E90.08601
G0 F6000 X119.617 Y121.314
G1 F1200 X98.68 Y100.377 E92.30184
G0 F6000 X99.078 Y99.926
G1 F1200 X120.067 Y120.915 E94.52317
G0 F6000 X120.502 Y120.502
G1 F1200 X99.491 Y99.491 E96.74683
G0 F6000 X99.927 Y99.078
G1 F1200 X120.918 Y120.07 E98.96842
G0 F6000 X121.315 Y119.618
G1 F1200 X100.377 Y98.68 E101.18436
G0 F6000 X100.843 Y98.298
G1 F1200 X121.697 Y119.151 E103.39135
G0 F6000 X122.061 Y118.667
G1 F1200 X101.328 Y97.934 E105.58559
G0 F6000 X101.829 Y97.586
G1 F1200 X122.408 Y118.165 E107.76353
G0 F6000 X122.732 Y117.641
G1 F1200 X102.353 Y97.262 E109.9203
G0 F6000 X102.894 Y96.954
G1 F1200 X123.039 Y117.099 E112.05231
G0 F6000 X123.329 Y116.541
G1 F1200 X103.452 Y96.664 E114.15595
G0 F6000 X104.031 Y96.394
G1 F1200 X123.605 Y115.968 E116.22753
G0 F6000 X123.851 Y115.366
G1 F1200 X104.628 Y96.143 E118.26196
G0 F6000 X105.254 Y95.92
G1 F1200 X124.076 Y114.742 E120.25395
G0 F6000 X124.277 Y114.095
G1 F1200 X105.903 Y95.72 E122.19858
G0 F6000 X106.577 Y95.546
G1 F1200 X124.452 Y113.421 E124.09035
G0 F6000 X124.599 Y112.719
G1 F1200 X107.278 Y95.399 E125.92343
G0 F6000 X108.006 Y95.278
G1 F1200 X124.719 Y111.991 E127.69222
G0 F6000 X124.801 Y111.224
G1 F1200 X108.771 Y95.194 E129.38872
G0 F6000 X109.577 Y95.152
G1 F1200 X124.843 Y110.418 E131.00437
G0 F6000 X124.843 Y109.57
G1 F1200 X110.425 Y95.151 E132.53032
G0 F6000 X111.323 Y95.201
G1 F1200 X124.793 Y108.671 E133.9559
G0 F6000 X124.678 Y107.707
G1 F1200 X112.287 Y95.317 E135.26722
G0 F6000 X113.346 Y95.527
G1 F1200 X124.468 Y106.649 E136.4443
G0 F6000 X124.149 Y105.481
G1 F1200 X114.513 Y95.845 E137.4641
G0 F6000 X115.869 Y96.353
M104 S205
G1 F1200 X123.642 Y104.126 E138.28674
G1 F1500 E131.78674
G0 F6000 X122.763 Y102.398
G1 F1500 E138.28674
G1 F1200 X117.603 Y97.238 E138.83284
G1 F1500 E132.33284
;MESH:NONMESH
G0 F300 Z0.6
G0 F6000 X118.336 Y95.571
G0 X116.783 Y94.778
G0 X115.153 Y94.151
G0 X113.469 Y93.7
G0 X112.074 Y93.479
G0 X91.389 Y91.431
;TIME_ELAPSED:105.867997
;LAYER:1
M106 S127.5
;TYPE:SKIRT
G1 F1500 E138.83284
G1 F1200 X91.95 Y90.886 E138.89138
G1 X92.764 Y90.146 E138.9737
G1 X93.176 Y89.797 E139.01411
G1 X94.089 Y89.074 E139.10126
G1 X94.92 Y88.459 E139.17863
G1 X95.295 Y88.208 E139.2124
G1 X96.59 Y87.389 E139.32706
G1 X97.068 Y87.109 E139.36852
G1 X97.504 Y86.869 E139.40576
G1 X98.301 Y86.456 E139.47294
G1 X98.759 Y86.235 E139.511
G1 X99.492 Y85.9 E139.57131
G1 X100.049 Y85.666 E139.61652
G1 X101.028 Y85.287 E139.69508
G1 X101.839 Y85.008 E139.75927
G1 X102.581 Y84.779 E139.81738
G1 X103.223 Y84.602 E139.86721
G1 X103.928 Y84.424 E139.92163
G1 X104.542 Y84.282 E139.96879
G1 X105.23 Y84.145 E140.02129
G1 X105.876 Y84.035 E140.07033
G1 X106.478 Y83.951 E140.11581
G1 X107.666 Y83.819 E140.20527
G1 X108.133 Y83.778 E140.24035
G1 X108.872 Y83.733 E140.29575
G1 X109.437 Y83.715 E140.33806
G1 X110.15 Y83.709 E140.39142
G1 X110.841 Y83.723 E140.44314
G1 X111.996 Y83.784 E140.52969
G1 X112.834 Y83.86 E140.59266
G1 X113.373 Y83.926 E140.6333
G1 X114.207 Y84.048 E140.69638
G1 X114.697 Y84.13 E140.73356
G1 X115.173 Y84.222 E140.76984
G1 X116.364 Y84.489 E140.86118
G1 X117.446 Y84.785 E140.94513
G1 X118.125 Y84.996 E140.99834
G1 X118.608 Y85.157 E141.03644
G1 X119.385 Y85.442 E141.09837
G1 X120.066 Y85.711 E141.15317
G1 X121.144 Y86.187 E141.24135
G1 X121.933 Y86.573 E141.30709
G1 X122.376 Y86.804 E141.34447
G1 X123.155 Y87.238 E141.41121
G1 X123.661 Y87.541 E141.45534
G1 X124.62 Y88.154 E141.54052
G1 X125.448 Y88.726 E141.61583
G1 X125.853 Y89.025 E141.65351
G1 X126.537 Y89.562 E141.71858
G1 X126.958 Y89.908 E141.75936
G1 X127.746 Y90.604 E141.83804
G1 X128.543 Y91.364 E141.92046
G1 X129.17 Y92.009 E141.98777
G1 X129.717 Y92.609 E142.04853
G1 X130.12 Y93.077 E142.09475
G1 X130.491 Y93.527 E142.1384
G1 X130.834 Y93.963 E142.17991
G1 X131.23 Y94.492 E142.22936
G1 X131.571 Y94.969 E142.27324
G1 X132.192 Y95.901 E142.35705
G1 X132.463 Y96.34 E142.39566
G1 X132.891 Y97.068 E142.45886
G1 X133.13 Y97.502 E142.49594
G1 X133.517 Y98.248 E142.55883
G1 X133.983 Y99.23 E142.64017
G1 X134.367 Y100.131 E142.71347
G1 X134.858 Y101.459 E142.81942
G1 X135.049 Y102.02 E142.86377
G1 X135.261 Y102.72 E142.91851
G1 X135.515 Y103.659 E142.9913
G1 X135.688 Y104.412 E143.04912
G1 X135.886 Y105.412 E143.12541
G1 X136.006 Y106.137 E143.1804
G1 X136.145 Y107.233 E143.26308
G1 X136.215 Y108.001 E143.32079
G1 X136.244 Y108.44 E143.35372
G1 X136.279 Y109.295 E143.41776
G1 X136.29 Y109.948 E143.46663
G1 X136.286 Y110.502 E143.50809
G1 X136.255 Y111.366 E143.57279
G1 X136.217 Y111.978 E143.61868
G1 X136.109 Y113.113 E143.704
G1 X135.971 Y114.091 E143.77791
G1 X135.882 Y114.618 E143.81791
G1 X135.7 Y115.52 E143.88677
G1 X135.457 Y116.558 E143.96655
G1 X135.334 Y117.03 E144.00305
G1 X135.192 Y117.519 E144.04116
G1 X134.922 Y118.376 E144.1084
G1 X134.539 Y119.437 E144.19281
G1 X134.367 Y119.875 E144.22803
G1 X134.046 Y120.628 E144.28929
G1 X133.807 Y121.155 E144.33259
G1 X133.442 Y121.9 E144.39467
G1 X133.203 Y122.362 E144.4336
G1 X132.831 Y123.032 E144.49095
G1 X132.304 Y123.915 E144.5679
G1 X131.911 Y124.531 E144.62259
G1 X131.277 Y125.444 E144.70577
G1 X130.818 Y126.056 E144.76302
G1 X130.277 Y126.736 E144.82805
G1 X129.89 Y127.192 E144.8728
G1 X129.396 Y127.745 E144.92829
G1 X128.918 Y128.254 E144.98055
G1 X128.452 Y128.727 E145.03024
G1 X127.991 Y129.17 E145.07809
G1 X127.388 Y129.72 E145.13916
G1 X126.923 Y130.12 E145.18506
G1 X126.084 Y130.799 E145.26584
G1 X125.378 Y131.327 E145.33181
G1 X125.047 Y131.563 E145.36223
G1 X124.697 Y131.797 E145.39374
G1 X123.725 Y132.418 E145.48006
G1 X123.028 Y132.833 E145.54076
G1 X122.368 Y133.195 E145.5971
G1 X121.734 Y133.526 E145.65062
G1 X121.271 Y133.752 E145.68918
G1 X120.521 Y134.094 E145.75086
G1 X119.435 Y134.539 E145.83869
G1 X118.704 Y134.808 E145.89698
G1 X117.917 Y135.071 E145.95908
G1 X117.397 Y135.228 E145.99973
G1 X116.725 Y135.412 E146.05187
G1 X115.975 Y135.595 E146.10964
G1 X115.114 Y135.784 E146.17561
G1 X114.635 Y135.878 E146.21214
G1 X114.124 Y135.965 E146.25093
G1 X113.522 Y136.049 E146.29642
G1 X112.334 Y136.181 E146.38587
G1 X111.867 Y136.222 E146.42095
G1 X111.128 Y136.267 E146.47636
G1 X110.563 Y136.285 E146.51866
G1 X109.85 Y136.291 E146.57202
G1 X109.159 Y136.277 E146.62374
G1 X108.001 Y136.216 E146.71052
G1 X107.178 Y136.139 E146.77238
G1 X106.773 Y136.091 E146.8029
G1 X105.773 Y135.949 E146.87849
G1 X105.092 Y135.829 E146.93023
G1 X104.345 Y135.676 E146.9873
G1 X102.972 Y135.336 E147.09315
G1 X101.871 Y135.003 E147.17923
G1 X101.39 Y134.842 E147.21719
G1 X100.567 Y134.54 E147.28279
G1 X99.933 Y134.288 E147.33385
G1 X99.272 Y134.003 E147.38772
G1 X98.518 Y133.65 E147.45002
G1 X97.634 Y133.202 E147.52419
G1 X96.841 Y132.76 E147.59213
G1 X96.231 Y132.396 E147.64529
G1 X95.252 Y131.766 E147.73241
G1 X94.834 Y131.471 E147.77069
G1 X93.722 Y130.643 E147.87445
G1 X93.273 Y130.284 E147.91747
G1 X92.904 Y129.971 E147.95368
G1 X91.945 Y129.106 E148.05033
G1 X91.427 Y128.607 E148.10415
G1 X91.048 Y128.221 E148.14463
G1 X90.458 Y127.585 E148.20956
G1 X89.977 Y127.04 E148.26395
G1 X89.727 Y126.742 E148.29306
G1 X89.199 Y126.078 E148.35655
G1 X88.434 Y125.04 E148.45304
G1 X88.18 Y124.66 E148.48725
G1 X87.385 Y123.404 E148.59849
G1 X87.109 Y122.932 E148.63941
G1 X86.576 Y121.938 E148.72381
G1 X86.273 Y121.327 E148.77485
G1 X85.895 Y120.498 E148.84303
G1 X85.726 Y120.099 E148.87546
G1 X85.235 Y118.812 E148.97855
G1 X85.11 Y118.461 E149.00643
G1 X84.853 Y117.671 E149.0686
G1 X84.724 Y117.22 E149.1037
G1 X84.354 Y115.775 E149.21533
G1 X84.225 Y115.183 E149.26067
G1 X84.136 Y114.714 E149.29639
G1 X83.999 Y113.895 E149.35854
G1 X83.859 Y112.796 E149.44145
G1 X83.803 Y112.214 E149.4852
G1 X83.749 Y111.44 E149.54326
G1 X83.722 Y110.838 E149.58836
G1 X83.715 Y110.38 E149.62264
G1 X83.731 Y108.992 E149.72652
G1 X83.762 Y108.321 E149.77678
G1 X83.899 Y106.878 E149.88526
G1 X83.959 Y106.395 E149.92168
G1 X84.08 Y105.594 E149.9823
G1 X84.287 Y104.519 E150.06423
G1 X84.445 Y103.824 E150.11757
G1 X84.671 Y102.952 E150.18498
G1 X84.817 Y102.452 E150.22396
G1 X85.224 Y101.222 E150.32092
G1 X85.449 Y100.595 E150.37077
G1 X85.802 Y99.716 E150.44165
G1 X86.267 Y98.685 E150.52629
G1 X86.57 Y98.074 E150.57733
G1 X86.921 Y97.409 E150.6336
G1 X87.238 Y96.843 E150.68215
G1 X87.603 Y96.232 E150.73541
G1 X88.075 Y95.49 E150.80122
G1 X88.477 Y94.905 E150.85434
G1 X89.35 Y93.732 E150.96377
G1 X89.716 Y93.273 E151.0077
G1 X90.029 Y92.904 E151.04391
G1 X90.894 Y91.945 E151.14056
G1 X91.389 Y91.431 E151.19396
G1 F1500 E144.69396
;MESH:flow_cal_cylinder_32x30.stl
G0 F7500 X97.074 Y99.486
G0 X98.058 Y100.324
G0 X97.562 Y110.007
G0 X97.711 Y111.933
G0 X98.162 Y113.821
G0 X98.918 Y115.646
G0 X99.921 Y117.289
G0 X101.217 Y118.803
G0 X102.681 Y120.056
G0 X104.319 Y121.062
G0 X105.523 Y121.604
G0 X107.039 Y122.055
G0 X110 Y122.698
;TYPE:WALL-INNER
G1 F1500 E151.19396
G1 X110.659 Y122.679 E151.2433
G1 X111.301 Y122.629 E151.29149
G1 X111.978 Y122.539 E151.3426
G1 X112.645 Y122.417 E151.39334
G1 X113.263 Y122.27 E151.44088
G1 X113.917 Y122.076 E151.49193
G1 X114.551 Y121.853 E151.54222
G1 X115.14 Y121.608 E151.58996
G1 X115.764 Y121.31 E151.64171
G1 X116.35 Y120.992 E151.69161
G1 X116.912 Y120.649 E151.74088
G1 X117.463 Y120.275 E151.79071
G1 X117.986 Y119.873 E151.84008
G1 X118.479 Y119.45 E151.88869
G1 X118.988 Y118.967 E151.9412
G1 X119.435 Y118.498 E151.98969
G1 X119.848 Y118.009 E152.03759
G1 X120.279 Y117.451 E152.09035
G1 X120.649 Y116.915 E152.13909
G1 X120.981 Y116.37 E152.18685
G1 X121.292 Y115.801 E152.23538
G1 X121.599 Y115.166 E152.28816
G1 X121.849 Y114.561 E152.33715
G1 X122.075 Y113.922 E152.38787
G1 X122.263 Y113.283 E152.43772
G1 X122.415 Y112.658 E152.48585
G1 X122.54 Y111.983 E152.53722
G1 X122.629 Y111.321 E152.58721
G1 X122.679 Y110.684 E152.63503
G1 X122.698 Y109.998 E152.68638
G1 X122.679 Y109.338 E152.7358
G1 X122.628 Y108.689 E152.78451
G1 X122.542 Y108.022 E152.83484
G1 X122.419 Y107.359 E152.88531
G1 X122.269 Y106.734 E152.93341
G1 X122.079 Y106.084 E152.98408
G1 X121.855 Y105.45 E153.0344
G1 X121.61 Y104.863 E153.082
G1 X121.309 Y104.232 E153.13432
G1 X120.988 Y103.638 E153.18485
G1 X120.658 Y103.095 E153.2324
G1 X120.275 Y102.536 E153.28311
G1 X119.878 Y102.022 E153.33172
G1 X119.447 Y101.517 E153.3814
G1 X118.964 Y101.005 E153.43407
G1 X118.508 Y100.572 E153.48113
G1 X118.005 Y100.145 E153.53051
G1 X117.467 Y99.728 E153.58145
G1 X116.915 Y99.35 E153.63151
G1 X116.364 Y99.012 E153.67989
G1 X115.807 Y98.707 E153.72741
G1 X115.172 Y98.404 E153.78007
G1 X114.555 Y98.148 E153.83006
G1 X113.915 Y97.919 E153.88092
G1 X113.291 Y97.735 E153.92961
G1 X112.656 Y97.584 E153.97845
G1 X111.99 Y97.457 E154.02919
G1 X111.331 Y97.372 E154.07892
G1 X110.683 Y97.321 E154.12756
G1 X110.003 Y97.302 E154.17847
G1 X109.329 Y97.317 E154.22892
G1 X108.696 Y97.367 E154.27644
G1 X108.018 Y97.457 E154.32762
G1 X107.353 Y97.579 E154.37822
G1 X106.737 Y97.726 E154.42561
G1 X106.084 Y97.919 E154.47657
G1 X105.448 Y98.146 E154.5271
G1 X104.856 Y98.39 E154.57502
G1 X104.232 Y98.687 E154.62674
G1 X103.638 Y99.008 E154.67727
G1 X103.097 Y99.337 E154.72465
G1 X102.543 Y99.718 E154.77497
G1 X102.02 Y100.121 E154.82438
G1 X101.521 Y100.546 E154.87343
G1 X101.009 Y101.033 E154.92631
G1 X100.561 Y101.502 E154.97485
G1 X100.144 Y101.992 E155.023
G1 X99.724 Y102.536 E155.07443
G1 X99.352 Y103.081 E155.12381
G1 X99.01 Y103.64 E155.17285
G1 X98.705 Y104.193 E155.22011
G1 X98.404 Y104.824 E155.27243
G1 X98.148 Y105.441 E155.32242
G1 X97.919 Y106.081 E155.37329
G1 X97.735 Y106.705 E155.42197
G1 X97.585 Y107.335 E155.47044
G1 X97.464 Y107.98 E155.51955
G1 X97.371 Y108.677 E155.57217
G1 X97.321 Y109.313 E155.61991
G1 X97.302 Y110.007 E155.67187
G1 X97.317 Y110.666 E155.7212
G1 X97.368 Y111.307 E155.76932
G1 X97.454 Y111.974 E155.81965
G1 X97.578 Y112.639 E155.87027
G1 X97.726 Y113.266 E155.91848
G1 X97.915 Y113.903 E155.96821
G1 X98.146 Y114.549 E156.01955
G1 X98.391 Y115.147 E156.06791
G1 X98.686 Y115.764 E156.11909
G1 X99.006 Y116.355 E156.16938
G1 X99.337 Y116.899 E156.21704
G1 X99.71 Y117.442 E156.26634
G1 X100.122 Y117.978 E156.31693
G1 X100.546 Y118.475 E156.36582
G1 X101.032 Y118.987 E156.41865
G1 X101.495 Y119.428 E156.4665
G1 X101.995 Y119.854 E156.51565
G1 X102.527 Y120.266 E156.56601
G1 X103.074 Y120.64 E156.6156
G1 X103.639 Y120.985 E156.66514
G1 X104.199 Y121.294 E156.713
G1 X104.83 Y121.599 E156.76545
G1 X105.43 Y121.847 E156.81404
G1 X106.07 Y122.071 E156.86478
G1 X106.718 Y122.264 E156.91538
G1 X107.339 Y122.415 E156.96321
G1 X108.008 Y122.54 E157.01414
G1 X108.677 Y122.629 E157.06464
G1 X109.313 Y122.679 E157.11238
G1 X109.987 Y122.698 E157.16284
G1 X110 Y122.698 E157.16382
G0 F7500 X110 Y123.298
G1 F1500 X110.691 Y123.279 E157.21555
G1 X111.364 Y123.226 E157.26607
G1 X112.071 Y123.132 E157.31944
G1 X112.769 Y123.004 E157.37255
G1 X113.418 Y122.85 E157.42246
G1 X114.102 Y122.647 E157.47586
G1 X114.765 Y122.413 E157.52847
G1 X115.384 Y122.156 E157.57863
G1 X116.037 Y121.845 E157.63276
G1 X116.65 Y121.512 E157.68496
G1 X117.237 Y121.153 E157.73646
G1 X117.814 Y120.762 E157.78862
G1 X118.364 Y120.339 E157.84054
G1 X118.882 Y119.895 E157.8916
G1 X119.412 Y119.392 E157.94628
G1 X119.882 Y118.899 E157.99725
G1 X120.315 Y118.386 E158.04749
G1 X120.763 Y117.805 E158.10239
G1 X121.153 Y117.242 E158.15365
G1 X121.5 Y116.67 E158.20371
G1 X121.826 Y116.075 E158.25449
G1 X122.146 Y115.411 E158.30965
G1 X122.41 Y114.776 E158.36111
G1 X122.646 Y114.107 E158.4142
G1 X122.843 Y113.439 E158.46632
G1 X123.002 Y112.784 E158.51676
G1 X123.133 Y112.078 E158.57049
G1 X123.226 Y111.385 E158.62282
G1 X123.278 Y110.716 E158.67303
G1 X123.298 Y109.998 E158.72679
G1 X123.278 Y109.305 E158.77867
G1 X123.225 Y108.627 E158.82956
G1 X123.135 Y107.929 E158.88223
G1 X123.006 Y107.234 E158.93513
G1 X122.849 Y106.579 E158.98553
G1 X122.65 Y105.9 E159.03849
G1 X122.415 Y105.235 E159.09127
G1 X122.158 Y104.618 E159.14129
G1 X121.844 Y103.96 E159.19585
G1 X121.508 Y103.34 E159.24862
G1 X121.162 Y102.769 E159.29858
G1 X120.76 Y102.183 E159.35176
G1 X120.343 Y101.643 E159.40282
G1 X119.893 Y101.117 E159.45462
G1 X119.389 Y100.582 E159.50963
G1 X118.91 Y100.125 E159.55917
G1 X118.383 Y99.679 E159.61084
G1 X117.821 Y99.243 E159.66407
G1 X117.242 Y98.847 E159.71656
G1 X116.665 Y98.493 E159.76722
G1 X116.08 Y98.173 E159.81712
G1 X115.416 Y97.855 E159.87222
G1 X114.771 Y97.588 E159.92446
G1 X114.101 Y97.349 E159.97769
G1 X113.445 Y97.155 E160.02889
G1 X112.782 Y96.997 E160.07989
G1 X112.085 Y96.864 E160.13299
G1 X111.393 Y96.775 E160.18521
G1 X110.715 Y96.721 E160.2361
G1 X110.005 Y96.702 E160.28926
G1 X109.298 Y96.718 E160.34218
G1 X108.632 Y96.77 E160.39217
G1 X107.925 Y96.864 E160.44555
G1 X107.229 Y96.992 E160.4985
G1 X106.582 Y97.146 E160.54828
G1 X105.898 Y97.348 E160.60165
G1 X105.233 Y97.586 E160.6545
G1 X104.612 Y97.841 E160.70474
G1 X103.96 Y98.152 E160.7588
G1 X103.34 Y98.488 E160.81158
G1 X102.771 Y98.833 E160.86137
G1 X102.19 Y99.232 E160.91412
G1 X101.642 Y99.655 E160.96592
G1 X101.12 Y100.1 E161.01726
G1 X100.585 Y100.608 E161.07247
G1 X100.115 Y101.101 E161.12344
G1 X99.678 Y101.614 E161.17387
G1 X99.238 Y102.183 E161.2277
G1 X98.848 Y102.755 E161.27951
G1 X98.491 Y103.338 E161.33067
G1 X98.171 Y103.919 E161.3803
G1 X97.856 Y104.58 E161.4351
G1 X97.588 Y105.225 E161.48737
G1 X97.349 Y105.895 E161.5406
G1 X97.155 Y106.551 E161.5918
G1 X96.998 Y107.21 E161.64249
G1 X96.871 Y107.884 E161.69382
G1 X96.774 Y108.613 E161.74886
G1 X96.722 Y109.281 E161.799
G1 X96.701 Y110.006 E161.85328
G1 X96.718 Y110.697 E161.905
G1 X96.771 Y111.369 E161.95545
G1 X96.861 Y112.067 E162.00812
G1 X96.991 Y112.764 E162.06117
G1 X97.146 Y113.421 E162.11169
G1 X97.344 Y114.089 E162.16383
G1 X97.586 Y114.764 E162.21749
G1 X97.842 Y115.39 E162.26811
G1 X98.151 Y116.037 E162.32176
G1 X98.486 Y116.654 E162.3743
G1 X98.833 Y117.225 E162.42431
G1 X99.225 Y117.795 E162.47608
G1 X99.655 Y118.356 E162.52897
G1 X100.1 Y118.876 E162.58019
G1 X100.608 Y119.411 E162.6354
G1 X101.093 Y119.874 E162.68558
G1 X101.616 Y120.32 E162.73702
G1 X102.174 Y120.752 E162.78983
G1 X102.748 Y121.144 E162.84184
G1 X103.337 Y121.504 E162.8935
G1 X103.924 Y121.827 E162.94364
G1 X104.585 Y122.146 E162.99857
G1 X105.216 Y122.408 E163.0497
G1 X105.885 Y122.642 E163.10274
G1 X106.561 Y122.844 E163.15554
G1 X107.214 Y123.002 E163.20581
G1 X107.914 Y123.132 E163.25909
G1 X108.614 Y123.226 E163.31195
G1 X109.281 Y123.278 E163.36202
G1 X109.987 Y123.298 E163.41487
G1 X110 Y123.298 E163.41584
G0 F7500 X110 Y123.899
G1 F1500 X110.723 Y123.878 E163.46997
G1 X111.427 Y123.822 E163.52282
G1 X112.164 Y123.724 E163.57846
G1 X112.892 Y123.592 E163.63383
G1 X113.573 Y123.43 E163.68621
G1 X114.287 Y123.217 E163.74197
G1 X114.98 Y122.974 E163.79693
G1 X115.629 Y122.705 E163.84951
G1 X116.31 Y122.38 E163.90597
G1 X116.95 Y122.032 E163.96049
G1 X117.562 Y121.658 E164.01417
G1 X118.166 Y121.248 E164.0688
G1 X118.743 Y120.805 E164.12324
G1 X119.284 Y120.341 E164.17657
G1 X119.836 Y119.816 E164.23358
G1 X120.328 Y119.3 E164.28694
G1 X120.782 Y118.763 E164.33956
G1 X121.248 Y118.16 E164.39659
G1 X121.657 Y117.568 E164.45044
G1 X122.02 Y116.97 E164.50279
G1 X122.36 Y116.35 E164.55571
G1 X122.694 Y115.656 E164.61334
G1 X122.97 Y114.991 E164.66722
G1 X123.217 Y114.292 E164.7227
G1 X123.423 Y113.595 E164.77709
G1 X123.589 Y112.909 E164.82991
G1 X123.725 Y112.172 E164.886
G1 X123.822 Y111.449 E164.94059
G1 X123.878 Y110.748 E164.99322
G1 X123.899 Y109.997 E165.04944
G1 X123.878 Y109.273 E165.10364
G1 X123.822 Y108.565 E165.15679
G1 X123.728 Y107.835 E165.21187
G1 X123.593 Y107.109 E165.26713
G1 X123.429 Y106.425 E165.31977
G1 X123.221 Y105.715 E165.37514
G1 X122.975 Y105.019 E165.43038
G1 X122.706 Y104.373 E165.48275
G1 X122.379 Y103.688 E165.53955
G1 X122.029 Y103.041 E165.5946
G1 X121.666 Y102.444 E165.64689
G1 X121.245 Y101.829 E165.70266
G1 X120.809 Y101.265 E165.75601
G1 X120.34 Y100.716 E165.81005
G1 X119.815 Y100.158 E165.86738
G1 X119.311 Y99.679 E165.91942
G1 X118.761 Y99.212 E165.97341
G1 X118.174 Y98.758 E166.02894
G1 X117.568 Y98.343 E166.08391
G1 X116.966 Y97.974 E166.13675
G1 X116.354 Y97.638 E166.189
G1 X115.66 Y97.307 E166.24654
G1 X114.987 Y97.028 E166.30106
G1 X114.288 Y96.778 E166.35661
G1 X113.599 Y96.575 E166.41037
G1 X112.907 Y96.41 E166.4636
G1 X112.18 Y96.271 E166.51899
G1 X111.455 Y96.178 E166.5737
G1 X110.747 Y96.122 E166.62684
G1 X110.006 Y96.101 E166.68232
G1 X109.268 Y96.119 E166.73756
G1 X108.569 Y96.174 E166.79004
G1 X107.831 Y96.271 E166.84574
G1 X107.105 Y96.404 E166.90097
G1 X106.427 Y96.566 E166.95314
G1 X105.712 Y96.778 E167.00895
G1 X105.017 Y97.025 E167.06415
G1 X104.369 Y97.293 E167.11662
G1 X103.688 Y97.617 E167.17306
G1 X103.041 Y97.967 E167.22811
G1 X102.445 Y98.329 E167.28029
G1 X101.837 Y98.747 E167.33551
G1 X101.264 Y99.188 E167.38962
G1 X100.718 Y99.654 E167.44334
G1 X100.161 Y100.183 E167.50083
G1 X99.669 Y100.699 E167.55418
G1 X99.212 Y101.236 E167.60695
G1 X98.753 Y101.831 E167.66319
G1 X98.344 Y102.429 E167.7174
G1 X97.972 Y103.036 E167.77068
G1 X97.637 Y103.644 E167.82263
G1 X97.307 Y104.335 E167.87993
G1 X97.028 Y105.009 E167.93452
G1 X96.778 Y105.708 E167.99008
G1 X96.575 Y106.397 E168.04383
G1 X96.411 Y107.085 E168.09676
G1 X96.279 Y107.789 E168.15036
G1 X96.178 Y108.55 E168.20781
G1 X96.122 Y109.249 E168.26029
G1 X96.101 Y110.005 E168.31689
G1 X96.118 Y110.728 E168.37101
G1 X96.174 Y111.431 E168.42378
G1 X96.268 Y112.161 E168.47887
G1 X96.403 Y112.888 E168.5342
G1 X96.566 Y113.575 E168.58704
G1 X96.773 Y114.275 E168.64167
G1 X97.026 Y114.979 E168.69765
G1 X97.293 Y115.633 E168.75051
G1 X97.616 Y116.309 E168.80658
G1 X97.966 Y116.953 E168.86143
G1 X98.329 Y117.551 E168.91378
G1 X98.74 Y118.148 E168.96802
G1 X99.189 Y118.734 E169.02327
G1 X99.654 Y119.278 E169.07683
G1 X100.183 Y119.835 E169.13431
G1 X100.691 Y120.319 E169.18682
G1 X101.238 Y120.786 E169.24065
G1 X101.821 Y121.237 E169.2958
G1 X102.422 Y121.648 E169.35029
G1 X103.036 Y122.023 E169.40413
G1 X103.648 Y122.361 E169.45645
G1 X104.339 Y122.694 E169.51386
G1 X105.002 Y122.969 E169.56757
G1 X105.7 Y123.213 E169.6229
G1 X106.405 Y123.423 E169.67795
G1 X107.088 Y123.589 E169.73056
G1 X107.819 Y123.725 E169.7862
G1 X108.55 Y123.822 E169.84138
G1 X109.249 Y123.878 E169.89386
G1 X109.987 Y123.899 E169.94911
G1 X110 Y123.899 E169.95008
G0 F7500 X110 Y124.499
G1 F1500 X110.755 Y124.477 E170.00661
G1 X111.49 Y124.419 E170.06178
G1 X112.258 Y124.317 E170.11976
G1 X113.015 Y124.179 E170.17735
G1 X113.728 Y124.01 E170.23218
G1 X114.472 Y123.788 E170.29028
G1 X115.195 Y123.534 E170.34763
G1 X115.873 Y123.253 E170.40256
G1 X116.582 Y122.915 E170.46133
G1 X117.25 Y122.552 E170.51823
G1 X117.887 Y122.162 E170.57412
G1 X118.517 Y121.735 E170.63108
G1 X119.121 Y121.271 E170.68808
G1 X119.686 Y120.786 E170.7438
G1 X120.26 Y120.241 E170.80303
G1 X120.775 Y119.701 E170.85888
G1 X121.248 Y119.141 E170.91373
G1 X121.732 Y118.514 E170.97301
G1 X122.16 Y117.895 E171.02933
G1 X122.54 Y117.27 E171.08406
G1 X122.893 Y116.625 E171.13909
G1 X123.242 Y115.902 E171.19917
G1 X123.53 Y115.206 E171.25554
G1 X123.788 Y114.477 E171.31341
G1 X124.002 Y113.75 E171.37012
G1 X124.176 Y113.034 E171.42526
G1 X124.318 Y112.267 E171.48364
G1 X124.419 Y111.512 E171.54064
G1 X124.477 Y110.78 E171.59559
G1 X124.499 Y109.997 E171.65421
G1 X124.477 Y109.241 E171.71081
G1 X124.419 Y108.503 E171.76621
G1 X124.321 Y107.742 E171.82363
G1 X124.18 Y106.984 E171.88133
G1 X124.009 Y106.27 E171.93627
G1 X123.792 Y105.53 E171.99398
G1 X123.535 Y104.803 E172.05169
G1 X123.254 Y104.128 E172.1064
G1 X122.914 Y103.416 E172.16545
G1 X122.55 Y102.743 E172.22271
G1 X122.171 Y102.118 E172.27741
G1 X121.731 Y101.476 E172.33565
G1 X121.275 Y100.887 E172.3914
G1 X120.787 Y100.315 E172.44766
G1 X120.24 Y99.735 E172.50733
G1 X119.712 Y99.233 E172.56185
G1 X119.139 Y98.746 E172.61812
G1 X118.528 Y98.273 E172.67595
G1 X117.895 Y97.839 E172.73338
G1 X117.267 Y97.454 E172.78851
G1 X116.627 Y97.104 E172.8431
G1 X115.905 Y96.759 E172.90298
G1 X115.203 Y96.468 E172.95985
G1 X114.474 Y96.207 E173.0178
G1 X113.754 Y95.995 E173.07396
G1 X113.033 Y95.824 E173.12942
G1 X112.275 Y95.678 E173.18718
G1 X111.517 Y95.581 E173.24437
G1 X110.779 Y95.523 E173.29977
G1 X110.008 Y95.501 E173.35749
G1 X109.237 Y95.519 E173.41521
G1 X108.506 Y95.577 E173.47008
G1 X107.738 Y95.679 E173.52806
G1 X106.982 Y95.817 E173.58557
G1 X106.272 Y95.986 E173.64019
G1 X105.526 Y96.207 E173.69841
G1 X104.802 Y96.465 E173.75593
G1 X104.125 Y96.744 E173.81073
G1 X103.416 Y97.082 E173.86951
G1 X102.743 Y97.446 E173.92677
G1 X102.119 Y97.825 E173.9814
G1 X101.483 Y98.262 E174.03915
G1 X100.886 Y98.722 E174.09555
G1 X100.317 Y99.208 E174.15155
G1 X99.737 Y99.758 E174.21137
G1 X99.223 Y100.297 E174.2671
G1 X98.746 Y100.858 E174.32221
G1 X98.267 Y101.478 E174.38084
G1 X97.84 Y102.103 E174.43749
G1 X97.454 Y102.735 E174.49291
G1 X97.103 Y103.37 E174.54721
G1 X96.759 Y104.091 E174.60699
G1 X96.468 Y104.793 E174.66386
G1 X96.207 Y105.522 E174.7218
G1 X95.995 Y106.242 E174.77797
G1 X95.824 Y106.961 E174.83328
G1 X95.686 Y107.694 E174.8891
G1 X95.581 Y108.487 E174.94896
G1 X95.523 Y109.217 E175.00376
G1 X95.501 Y110.003 E175.06261
G1 X95.519 Y110.759 E175.1192
G1 X95.577 Y111.493 E175.1743
G1 X95.675 Y112.254 E175.23172
G1 X95.816 Y113.012 E175.28942
G1 X95.986 Y113.729 E175.34456
G1 X96.203 Y114.462 E175.40177
G1 X96.465 Y115.194 E175.45995
G1 X96.745 Y115.876 E175.51512
G1 X97.081 Y116.582 E175.57363
G1 X97.445 Y117.252 E175.6307
G1 X97.825 Y117.877 E175.68543
G1 X98.254 Y118.501 E175.7421
G1 X98.723 Y119.111 E175.79968
G1 X99.208 Y119.679 E175.85558
G1 X99.758 Y120.259 E175.9154
G1 X100.289 Y120.765 E175.97029
G1 X100.859 Y121.251 E176.02634
G1 X101.468 Y121.722 E176.08396
G1 X102.096 Y122.152 E176.14091
G1 X102.734 Y122.542 E176.19687
G1 X103.373 Y122.894 E176.25147
G1 X104.094 Y123.242 E176.31138
G1 X104.788 Y123.53 E176.36761
G1 X105.515 Y123.784 E176.42524
G1 X106.248 Y124.003 E176.48249
G1 X106.962 Y124.176 E176.53747
G1 X107.725 Y124.318 E176.59555
G1 X108.487 Y124.419 E176.65307
G1 X109.217 Y124.477 E176.70787
G1 X109.987 Y124.499 E176.76552
G1 X110 Y124.499 E176.76649
G0 F7500 X110 Y125.099
G1 F1500 X110.787 Y125.077 E176.82541
G1 X111.553 Y125.016 E176.88292
G1 X112.351 Y124.91 E176.94316
G1 X113.139 Y124.766 E177.00311
G1 X113.883 Y124.59 E177.06032
G1 X114.658 Y124.359 E177.12084
G1 X115.409 Y124.095 E177.18041
G1 X116.117 Y123.801 E177.23778
G1 X116.855 Y123.449 E177.29897
G1 X117.55 Y123.072 E177.35814
G1 X118.212 Y122.667 E177.41622
G1 X118.868 Y122.222 E177.47554
G1 X119.5 Y121.737 E177.53516
G1 X120.088 Y121.231 E177.59321
G1 X120.684 Y120.666 E177.65467
G1 X121.222 Y120.102 E177.713
G1 X121.715 Y119.518 E177.77019
G1 X122.217 Y118.868 E177.83165
G1 X122.664 Y118.222 E177.89044
G1 X123.06 Y117.57 E177.94753
G1 X123.427 Y116.899 E178.00476
G1 X123.79 Y116.147 E178.06725
G1 X124.091 Y115.421 E178.12607
G1 X124.359 Y114.662 E178.18631
G1 X124.582 Y113.906 E178.24529
G1 X124.763 Y113.16 E178.30274
G1 X124.911 Y112.362 E178.36348
G1 X125.016 Y111.576 E178.42282
G1 X125.076 Y110.812 E178.48017
G1 X125.099 Y109.997 E178.54118
G1 X125.076 Y109.209 E178.60018
G1 X125.016 Y108.441 E178.65783
G1 X124.914 Y107.649 E178.71759
G1 X124.767 Y106.86 E178.77765
G1 X124.589 Y106.116 E178.8349
G1 X124.363 Y105.346 E178.89495
G1 X124.095 Y104.588 E178.95512
G1 X123.802 Y103.884 E179.01218
G1 X123.449 Y103.144 E179.07354
G1 X123.07 Y102.444 E179.13311
G1 X122.675 Y101.793 E179.19009
G1 X122.216 Y101.123 E179.25087
G1 X121.741 Y100.508 E179.30902
G1 X121.233 Y99.914 E179.36751
G1 X120.665 Y99.312 E179.42945
G1 X120.114 Y98.786 E179.48646
G1 X119.517 Y98.28 E179.54502
G1 X118.881 Y97.788 E179.6052
G1 X118.222 Y97.336 E179.665
G1 X117.568 Y96.935 E179.72241
G1 X116.901 Y96.57 E179.77931
G1 X116.149 Y96.211 E179.84167
G1 X115.419 Y95.908 E179.90082
G1 X114.66 Y95.637 E179.96113
G1 X113.908 Y95.415 E180.01981
G1 X113.159 Y95.237 E180.07742
G1 X112.369 Y95.086 E180.13761
G1 X111.579 Y94.984 E180.19722
G1 X110.811 Y94.923 E180.25488
G1 X110.009 Y94.901 E180.31492
G1 X109.206 Y94.92 E180.37503
G1 X108.443 Y94.98 E180.4323
G1 X107.645 Y95.086 E180.49254
G1 X106.858 Y95.23 E180.55242
G1 X106.117 Y95.406 E180.60941
G1 X105.34 Y95.636 E180.67005
G1 X104.587 Y95.905 E180.72989
G1 X103.882 Y96.195 E180.78694
G1 X103.144 Y96.547 E180.84813
G1 X102.444 Y96.926 E180.9077
G1 X101.793 Y97.321 E180.96468
G1 X101.13 Y97.776 E181.02486
G1 X100.508 Y98.256 E181.08366
G1 X99.915 Y98.762 E181.14199
G1 X99.313 Y99.334 E181.20414
G1 X98.777 Y99.895 E181.2622
G1 X98.28 Y100.48 E181.31965
G1 X97.781 Y101.125 E181.38068
G1 X97.336 Y101.777 E181.43975
G1 X96.935 Y102.433 E181.49729
G1 X96.569 Y103.096 E181.55396
G1 X96.211 Y103.847 E181.61622
G1 X95.908 Y104.577 E181.67537
G1 X95.637 Y105.336 E181.73568
G1 X95.415 Y106.088 E181.79436
G1 X95.237 Y106.836 E181.8519
G1 X95.093 Y107.599 E181.91001
G1 X94.984 Y108.423 E181.97221
G1 X94.924 Y109.185 E182.02941
G1 X94.901 Y110.002 E182.09057
G1 X94.92 Y110.789 E182.14949
G1 X94.98 Y111.555 E182.20698
G1 X95.082 Y112.347 E182.26674
G1 X95.229 Y113.137 E182.32688
G1 X95.406 Y113.884 E182.38433
G1 X95.632 Y114.648 E182.44395
G1 X95.905 Y115.409 E182.50445
G1 X96.196 Y116.119 E182.56188
G1 X96.547 Y116.855 E182.6229
G1 X96.925 Y117.551 E182.68217
G1 X97.321 Y118.203 E182.73926
G1 X97.769 Y118.854 E182.7984
G1 X98.256 Y119.489 E182.85828
G1 X98.762 Y120.081 E182.91656
G1 X99.334 Y120.683 E182.97871
G1 X99.887 Y121.211 E183.03593
G1 X100.48 Y121.717 E183.09426
G1 X101.114 Y122.208 E183.15427
G1 X101.77 Y122.656 E183.21372
G1 X102.433 Y123.061 E183.27186
G1 X103.098 Y123.427 E183.32867
G1 X103.849 Y123.79 E183.39109
G1 X104.574 Y124.09 E183.44981
G1 X105.33 Y124.355 E183.50976
G1 X106.091 Y124.582 E183.56919
G1 X106.837 Y124.763 E183.62663
G1 X107.63 Y124.91 E183.68699
G1 X108.424 Y125.016 E183.74693
G1 X109.185 Y125.076 E183.80406
G1 X109.987 Y125.099 E183.8641
G1 X110 Y125.099 E183.86508
G0 F7500 X110 Y125.699
;TYPE:WALL-OUTER
G1 F1500 X110.819 Y125.676 E183.92639
G1 X111.616 Y125.613 E183.98622
G1 X112.445 Y125.503 E184.0488
G1 X113.262 Y125.354 E184.11095
G1 X114.038 Y125.17 E184.17063
G1 X114.843 Y124.93 E184.2335
G1 X115.624 Y124.655 E184.29546
G1 X116.361 Y124.349 E184.35518
G1 X117.127 Y123.984 E184.41868
G1 X117.85 Y123.592 E184.48022
G1 X118.537 Y123.171 E184.54052
G1 X119.22 Y122.708 E184.60227
G1 X119.878 Y122.203 E184.66434
G1 X120.49 Y121.677 E184.72473
G1 X121.108 Y121.091 E184.78847
G1 X121.668 Y120.503 E184.84924
G1 X122.182 Y119.895 E184.90882
G1 X122.701 Y119.222 E184.97242
G1 X123.168 Y118.548 E185.03378
G1 X123.58 Y117.87 E185.09315
G1 X123.961 Y117.174 E185.15253
G1 X124.338 Y116.393 E185.21743
G1 X124.651 Y115.636 E185.27873
G1 X124.93 Y114.847 E185.34136
G1 X125.162 Y114.062 E185.40262
G1 X125.35 Y113.285 E185.46244
G1 X125.503 Y112.456 E185.52553
G1 X125.613 Y111.64 E185.58715
G1 X125.676 Y110.844 E185.6469
G1 X125.699 Y109.997 E185.71031
G1 X125.676 Y109.177 E185.7717
G1 X125.613 Y108.379 E185.8316
G1 X125.507 Y107.555 E185.89378
G1 X125.354 Y106.735 E185.9562
G1 X125.169 Y105.962 E186.01568
G1 X124.934 Y105.161 E186.07815
G1 X124.655 Y104.372 E186.14078
G1 X124.35 Y103.639 E186.20019
G1 X123.984 Y102.872 E186.26379
G1 X123.591 Y102.146 E186.32557
G1 X123.179 Y101.467 E186.38501
G1 X122.701 Y100.769 E186.44832
G1 X122.207 Y100.13 E186.50876
G1 X121.68 Y99.513 E186.56948
G1 X121.091 Y98.888 E186.63375
G1 X120.515 Y98.34 E186.69325
G1 X119.895 Y97.814 E186.75409
G1 X119.235 Y97.303 E186.81656
G1 X118.548 Y96.832 E186.87889
G1 X117.869 Y96.416 E186.93849
G1 X117.175 Y96.036 E186.9977
G1 X116.393 Y95.663 E187.06253
G1 X115.635 Y95.348 E187.12396
G1 X114.846 Y95.066 E187.18667
G1 X114.062 Y94.835 E187.24783
G1 X113.285 Y94.65 E187.3076
G1 X112.464 Y94.493 E187.37016
G1 X111.641 Y94.387 E187.43225
G1 X110.843 Y94.324 E187.49216
G1 X110.011 Y94.301 E187.55445
G1 X109.176 Y94.32 E187.61695
G1 X108.38 Y94.383 E187.6767
G1 X107.551 Y94.493 E187.73929
G1 X106.734 Y94.642 E187.80144
G1 X105.962 Y94.826 E187.86083
G1 X105.154 Y95.066 E187.9239
G1 X104.372 Y95.345 E187.98604
G1 X103.638 Y95.647 E188.04544
G1 X102.872 Y96.012 E188.10893
G1 X102.146 Y96.405 E188.17071
G1 X101.467 Y96.817 E188.23015
G1 X100.777 Y97.291 E188.2928
G1 X100.13 Y97.79 E188.35394
G1 X99.513 Y98.316 E188.41462
G1 X98.889 Y98.909 E188.47904
G1 X98.331 Y99.493 E188.53948
G1 X97.814 Y100.102 E188.59927
G1 X97.295 Y100.773 E188.66275
G1 X96.832 Y101.451 E188.72419
G1 X96.416 Y102.131 E188.78384
G1 X96.035 Y102.822 E188.8429
G1 X95.663 Y103.603 E188.90763
G1 X95.348 Y104.361 E188.96906
G1 X95.066 Y105.15 E189.03176
G1 X94.835 Y105.934 E189.09293
G1 X94.65 Y106.711 E189.1527
G1 X94.501 Y107.504 E189.21308
G1 X94.387 Y108.36 E189.27771
G1 X94.324 Y109.153 E189.33724
G1 X94.301 Y110.001 E189.40072
G1 X94.32 Y110.82 E189.46203
G1 X94.383 Y111.617 E189.52186
G1 X94.489 Y112.441 E189.58403
G1 X94.642 Y113.261 E189.64646
G1 X94.826 Y114.038 E189.70621
G1 X95.062 Y114.834 E189.76834
G1 X95.345 Y115.624 E189.83114
G1 X95.647 Y116.362 E189.89082
G1 X96.012 Y117.127 E189.95425
G1 X96.405 Y117.85 E190.01583
G1 X96.817 Y118.529 E190.07527
G1 X97.283 Y119.207 E190.13683
G1 X97.79 Y119.867 E190.19912
G1 X98.316 Y120.483 E190.25973
G1 X98.909 Y121.107 E190.32415
G1 X99.485 Y121.657 E190.38375
G1 X100.102 Y122.183 E190.44443
G1 X100.761 Y122.693 E190.50679
G1 X101.444 Y123.16 E190.56871
G1 X102.131 Y123.58 E190.62897
G1 X102.822 Y123.961 E190.68802
G1 X103.603 Y124.338 E190.75292
G1 X104.36 Y124.651 E190.81422
G1 X105.145 Y124.926 E190.87646
G1 X105.935 Y125.162 E190.93817
G1 X106.711 Y125.35 E190.99792
G1 X107.536 Y125.503 E191.06071
G1 X108.36 Y125.613 E191.12292
G1 X109.153 Y125.676 E191.18245
G1 X109.987 Y125.699 E191.24489
G1 X110 Y125.699 E191.24586
G0 F7500 X109.99 Y124.689
G0 X110.008 Y122.498
G0 X110 Y122.155
;TYPE:SKIN
G1 F1500 X109.984 Y122.155 E191.24706
G1 X109.329 Y122.136 E191.2961
G1 X108.748 Y122.089 E191.33972
G1 X108.092 Y122.003 E191.38923
G1 X107.447 Y121.882 E191.43834
G1 X106.859 Y121.742 E191.48357
G1 X106.237 Y121.554 E191.5322
G1 X105.611 Y121.335 E191.58183
G1 X105.055 Y121.106 E191.62683
G1 X104.434 Y120.805 E191.67848
G1 X103.919 Y120.524 E191.72238
G1 X103.368 Y120.184 E191.77083
G1 X102.845 Y119.829 E191.81814
G1 X102.326 Y119.427 E191.86726
G1 X101.865 Y119.033 E191.91265
G1 X101.405 Y118.595 E191.96018
G1 X100.935 Y118.103 E192.0111
G1 X100.53 Y117.627 E192.05787
G1 X100.136 Y117.111 E192.10645
G1 X99.797 Y116.617 E192.15129
G1 X99.469 Y116.075 E192.1987
G1 X99.168 Y115.515 E192.24628
G1 X98.947 Y115.057 E192.28433
G1 X98.931 Y115.047 E192.28575
G1 X98.645 Y114.345 E192.34247
G1 X98.434 Y113.746 E192.39
G1 X98.242 Y113.11 E192.43972
G1 X98.106 Y112.538 E192.48371
G1 X97.985 Y111.873 E192.5343
G1 X97.903 Y111.236 E192.58236
G1 X97.856 Y110.648 E192.6265
G1 X97.841 Y110.021 E192.67344
G1 X97.86 Y109.329 E192.72524
G1 X97.907 Y108.748 E192.76887
G1 X97.997 Y108.064 E192.82049
G1 X98.114 Y107.435 E192.86837
G1 X98.254 Y106.858 E192.91281
G1 X98.438 Y106.233 E192.96156
G1 X98.645 Y105.648 E193.008
G1 X98.895 Y105.042 E193.05706
G1 X99.183 Y104.438 E193.10714
G1 X99.468 Y103.924 E193.15112
G1 X99.801 Y103.383 E193.19866
G1 X100.168 Y102.841 E193.24764
G1 X100.569 Y102.322 E193.29672
G1 X100.951 Y101.874 E193.34078
G1 X101.393 Y101.413 E193.38858
G1 X101.886 Y100.939 E193.43976
G1 X102.349 Y100.546 E193.48521
G1 X102.873 Y100.143 E193.53468
G1 X103.379 Y99.797 E193.58055
G1 X103.918 Y99.469 E193.62777
G1 X104.472 Y99.168 E193.67495
G1 X105.074 Y98.883 E193.72479
G1 X105.653 Y98.644 E193.77167
G1 X106.237 Y98.434 E193.81811
G1 X106.885 Y98.247 E193.86859
G1 X107.451 Y98.11 E193.91217
G1 X108.099 Y97.989 E193.9615
G1 X108.764 Y97.903 E194.01168
G1 X109.348 Y97.856 E194.05552
G1 X109.999 Y97.841 E194.10425
G1 X110.663 Y97.86 E194.15396
G1 X111.264 Y97.907 E194.19908
G1 X111.888 Y97.989 E194.24618
G1 X112.553 Y98.114 E194.29681
G1 X113.138 Y98.254 E194.34183
G1 X113.759 Y98.438 E194.3903
G1 X114.348 Y98.645 E194.43702
G1 X114.949 Y98.895 E194.48573
G1 X115.563 Y99.188 E194.53664
G1 X116.081 Y99.472 E194.58085
G1 X116.62 Y99.8 E194.62807
G1 X117.139 Y100.159 E194.6753
G1 X117.663 Y100.562 E194.72477
G1 X118.151 Y100.976 E194.77266
G1 X118.575 Y101.38 E194.81648
G1 X119.036 Y101.869 E194.86678
G1 X119.466 Y102.373 E194.91636
G1 X119.845 Y102.865 E194.96283
G1 X120.195 Y103.375 E195.00912
G1 X120.523 Y103.918 E195.05659
G1 X120.832 Y104.489 E195.10518
G1 X121.11 Y105.071 E195.15345
G1 X121.343 Y105.628 E195.19863
G1 X121.566 Y106.261 E195.24886
G1 X121.749 Y106.882 E195.29731
G1 X121.886 Y107.458 E195.34161
G1 X122.007 Y108.12 E195.39197
G1 X122.093 Y108.755 E195.43993
G1 X122.136 Y109.352 E195.48472
G1 X122.155 Y109.985 E195.53211
G1 X122.136 Y110.667 E195.58317
G1 X122.089 Y111.248 E195.62679
G1 X122.007 Y111.885 E195.67486
G1 X121.882 Y112.552 E195.72564
G1 X121.742 Y113.129 E195.77007
G1 X121.558 Y113.752 E195.81869
G1 X121.339 Y114.38 E195.86846
G1 X121.11 Y114.928 E195.9129
G1 X120.805 Y115.562 E195.96555
G1 X120.516 Y116.089 E196.01053
G1 X120.184 Y116.632 E196.05816
G1 X119.833 Y117.139 E196.10431
G1 X119.434 Y117.659 E196.15336
G1 X119.04 Y118.123 E196.19891
G1 X118.603 Y118.583 E196.24639
G1 X118.118 Y119.045 E196.29652
G1 X117.638 Y119.458 E196.34391
G1 X117.144 Y119.836 E196.39046
G1 X116.625 Y120.187 E196.43735
G1 X116.082 Y120.519 E196.48498
G1 X115.527 Y120.82 E196.53222
G1 X114.905 Y121.117 E196.58381
G1 X114.36 Y121.343 E196.62796
G1 X113.755 Y121.558 E196.67601
G1 X113.11 Y121.75 E196.72637
G1 X112.538 Y121.886 E196.77037
G1 X111.901 Y121.999 E196.81878
G1 X111.228 Y122.089 E196.8696
G1 X110.639 Y122.136 E196.91381
G1 X110 Y122.155 E196.96166
G0 F7500 X110.008 Y122.498
G0 X112.592 Y122.162
G0 X114.457 Y121.609
G0 X116.22 Y120.766
G0 X117.662 Y119.78
G0 X119.308 Y118.337
G0 X118.817 Y117.922
G1 F1500 X117.916 Y118.823 E197.05701
G0 F7500 X118.334 Y119.31
G0 X117.447 Y119.944
G0 X115.565 Y121.184
G0 X115.288 Y120.603
G1 F1500 X120.604 Y115.287 E197.61962
G0 F7500 X121.183 Y115.567
G0 X121.819 Y114.043
G0 X121.213 Y113.829
G1 F1500 X113.828 Y121.214 E198.4012
G0 F7500 X114.041 Y121.82
G0 X112.789 Y122.177
G0 X112.641 Y121.552
G1 F1500 X121.552 Y112.642 E199.34422
G0 F7500 X122.176 Y112.793
G0 X122.377 Y111.69
G0 X121.74 Y111.605
G1 F1500 X111.609 Y121.736 E200.41642
G0 F7500 X110.664 Y121.833
G1 F1500 X121.834 Y110.662 E201.59863
G0 F7500 X121.849 Y109.8
G1 F1500 X109.798 Y121.85 E202.87397
G0 F7500 X108.992 Y121.808
G1 F1500 X121.808 Y108.991 E204.23038
G0 F7500 X121.719 Y108.232
G1 F1500 X108.231 Y121.72 E205.65786
G0 F7500 X107.513 Y121.589
G1 F1500 X121.59 Y107.513 E207.14761
G0 F7500 X121.421 Y106.833
G1 F1500 X106.833 Y121.421 E208.69151
G0 F7500 X106.186 Y121.219
G1 F1500 X121.22 Y106.186 E210.28255
G0 F7500 X120.992 Y105.565
G1 F1500 X105.565 Y120.992 E211.91524
G0 F7500 X104.975 Y120.734
G1 F1500 X120.731 Y104.977 E213.5828
G0 F7500 X120.449 Y104.411
G1 F1500 X104.41 Y120.45 E215.28025
G0 F7500 X103.87 Y120.142
G1 F1500 X120.142 Y103.869 E217.00242
G0 F7500 X119.813 Y103.35
G1 F1500 X103.352 Y119.811 E218.74454
G0 F7500 X102.856 Y119.459
G1 F1500 X119.459 Y102.856 E220.50169
G0 F7500 X119.081 Y102.385
G1 F1500 X102.383 Y119.082 E222.26884
G0 F7500 X101.933 Y118.684
G1 F1500 X118.684 Y101.933 E224.04165
G0 F7500 X118.268 Y101.501
G1 F1500 X101.504 Y118.264 E225.81578
G0 F7500 X101.094 Y117.827
G1 F1500 X117.827 Y101.094 E227.58669
G0 F7500 X117.363 Y100.709
G1 F1500 X100.708 Y117.364 E229.34934
G0 F7500 X100.342 Y116.881
G1 F1500 X116.88 Y100.343 E231.0996
G0 F7500 X116.374 Y100
G1 F1500 X100 Y116.374 E232.83251
G0 F7500 X99.685 Y115.841
G1 F1500 X115.842 Y99.684 E234.54246
G0 F7500 X115.289 Y99.389
G1 F1500 X99.391 Y115.287 E236.225
G0 F7500 X99.119 Y114.71
G1 F1500 X114.71 Y99.119 E237.87504
G0 F7500 X114.104 Y98.877
G1 F1500 X98.878 Y114.102 E239.4864
G0 F7500 X98.664 Y113.468
G1 F1500 X113.467 Y98.665 E241.05305
G0 F7500 X112.802 Y98.482
G1 F1500 X98.479 Y112.805 E242.5689
G0 F7500 X98.332 Y112.103
G1 F1500 X112.101 Y98.334 E244.02611
G0 F7500 X111.364 Y98.222
G1 F1500 X98.222 Y111.364 E245.41697
G0 F7500 X98.155 Y110.583
G1 F1500 X110.58 Y98.158 E246.73195
G0 F7500 X109.742 Y98.148
G1 F1500 X98.149 Y109.74 E247.95882
G0 F7500 X98.2 Y108.841
G1 F1500 X108.844 Y98.197 E249.0853
G0 F7500 X108.795 Y97.561
G0 X107.74 Y97.712
G0 X107.853 Y98.339
G1 F1500 X98.342 Y107.851 E250.09194
G0 F7500 X97.715 Y107.732
G0 X97.988 Y106.561
G0 X98.601 Y106.743
G1 F1500 X106.743 Y98.6 E250.95368
G0 F7500 X106.563 Y97.987
G0 X105.196 Y98.466
G0 X105.439 Y99.056
G1 F1500 X99.055 Y105.44 E251.62932
G0 F7500 X98.467 Y105.196
G0 X99.431 Y103.336
G0 X99.976 Y103.67
G1 F1500 X103.684 Y99.963 E252.0217
G0 F7500 X103.094 Y98.989
G1 F1500 E245.5217
;MESH:NONMESH
G0 F300 Z0.9
G0 F7500 X99.712 Y98.581
G0 X98.822 Y97.642
G0 X91.389 Y91.431
;TIME_ELAPSED:175.989274
;LAYER:2
M106 S255
;TYPE:SKIRT
G1 F1500 E252.0217
G1 F1200 X91.95 Y90.886 E252.08023
G1 X92.764 Y90.146 E252.16255
G1 X93.176 Y89.797 E252.20296
G1 X94.089 Y89.074 E252.29011
G1 X94.92 Y88.459 E252.36748
G1 X95.295 Y88.208 E252.40125
G1 X96.59 Y87.389 E252.51592
G1 X97.068 Y87.109 E252.55737
G1 X97.504 Y86.869 E252.59462
G1 X98.301 Y86.456 E252.66179
G1 X98.759 Y86.235 E252.69985
G1 X99.492 Y85.9 E252.76016
G1 X100.049 Y85.666 E252.80537
G1 X101.028 Y85.287 E252.88394
G1 X101.839 Y85.008 E252.94812
G1 X102.581 Y84.779 E253.00623
G1 X103.223 Y84.602 E253.05607
G1 X103.928 Y84.424 E253.11048
G1 X104.542 Y84.282 E253.15764
G1 X105.23 Y84.145 E253.21014
G1 X105.876 Y84.035 E253.25918
G1 X106.478 Y83.951 E253.30467
G1 X107.666 Y83.819 E253.39412
G1 X108.133 Y83.778 E253.4292
G1 X108.872 Y83.733 E253.48461
G1 X109.437 Y83.715 E253.52691
G1 X110.15 Y83.709 E253.58027
G1 X110.841 Y83.723 E253.63199
G1 X111.996 Y83.784 E253.71855
G1 X112.834 Y83.86 E253.78152
G1 X113.373 Y83.926 E253.82215
G1 X114.207 Y84.048 E253.88523
G1 X114.697 Y84.13 E253.92241
G1 X115.173 Y84.222 E253.95869
G1 X116.364 Y84.489 E254.05003
G1 X117.446 Y84.785 E254.13398
G1 X118.125 Y84.996 E254.18719
G1 X118.608 Y85.157 E254.22529
G1 X119.385 Y85.442 E254.28723
G1 X120.066 Y85.711 E254.34202
G1 X121.144 Y86.187 E254.43021
G1 X121.933 Y86.573 E254.49594
G1 X122.376 Y86.804 E254.53333
G1 X123.155 Y87.238 E254.60006
G1 X123.661 Y87.541 E254.6442
G1 X124.62 Y88.154 E254.72937
G1 X125.448 Y88.726 E254.80469
G1 X125.853 Y89.025 E254.84236
G1 X126.537 Y89.562 E254.90744
G1 X126.958 Y89.908 E254.94822
G1 X127.746 Y90.604 E255.0269
G1 X128.543 Y91.364 E255.10931
G1 X129.17 Y92.009 E255.17663
G1 X129.717 Y92.609 E255.23739
G1 X130.12 Y93.077 E255.28361
G1 X130.491 Y93.527 E255.32725
G1 X130.834 Y93.963 E255.36877
G1 X131.23 Y94.492 E255.41822
G1 X131.571 Y94.969 E255.4621
G1 X132.192 Y95.901 E255.54591
G1 X132.463 Y96.34 E255.58452
G1 X132.891 Y97.068 E255.64771
G1 X133.13 Y97.502 E255.68479
G1 X133.517 Y98.248 E255.74768
G1 X133.983 Y99.23 E255.82903
G1 X134.367 Y100.131 E255.90232
G1 X134.858 Y101.459 E256.00828
G1 X135.049 Y102.02 E256.05263
G1 X135.261 Y102.72 E256.10736
G1 X135.515 Y103.659 E256.18016
G1 X135.688 Y104.412 E256.23798
G1 X135.886 Y105.412 E256.31426
G1 X136.006 Y106.137 E256.36926
G1 X136.145 Y107.233 E256.45193
G1 X136.215 Y108.001 E256.50965
G1 X136.244 Y108.44 E256.54257
G1 X136.279 Y109.295 E256.60661
G1 X136.29 Y109.948 E256.65548
G1 X136.286 Y110.502 E256.69694
G1 X136.255 Y111.366 E256.76164
G1 X136.217 Y111.978 E256.80753
G1 X136.109 Y113.113 E256.89285
G1 X135.971 Y114.091 E256.96676
G1 X135.882 Y114.618 E257.00676
G1 X135.7 Y115.52 E257.07562
G1 X135.457 Y116.558 E257.1554
G1 X135.334 Y117.03 E257.1919
G1 X135.192 Y117.519 E257.23001
G1 X134.922 Y118.376 E257.29725
G1 X134.539 Y119.437 E257.38167
G1 X134.367 Y119.875 E257.41688
G1 X134.046 Y120.628 E257.47814
G1 X133.807 Y121.155 E257.52144
G1 X133.442 Y121.9 E257.58353
G1 X133.203 Y122.362 E257.62245
G1 X132.831 Y123.032 E257.6798
G1 X132.304 Y123.915 E257.75676
G1 X131.911 Y124.531 E257.81144
G1 X131.277 Y125.444 E257.89462
G1 X130.818 Y126.056 E257.95187
G1 X130.277 Y126.736 E258.0169
G1 X129.89 Y127.192 E258.06166
G1 X129.396 Y127.745 E258.11715
G1 X128.918 Y128.254 E258.1694
G1 X128.452 Y128.727 E258.21909
G1 X127.991 Y129.17 E258.26694
G1 X127.388 Y129.72 E258.32802
G1 X126.923 Y130.12 E258.37392
G1 X126.084 Y130.799 E258.45469
G1 X125.378 Y131.327 E258.52066
G1 X125.047 Y131.563 E258.55109
G1 X124.697 Y131.797 E258.58259
G1 X123.725 Y132.418 E258.66891
G1 X123.028 Y132.833 E258.72962
G1 X122.368 Y133.195 E258.78595
G1 X121.734 Y133.526 E258.83947
G1 X121.271 Y133.752 E258.87803
G1 X120.521 Y134.094 E258.93972
G1 X119.435 Y134.539 E259.02754
G1 X118.704 Y134.808 E259.08584
G1 X117.917 Y135.071 E259.14793
G1 X117.397 Y135.228 E259.18858
G1 X116.725 Y135.412 E259.24072
G1 X115.975 Y135.595 E259.2985
G1 X115.114 Y135.784 E259.36446
G1 X114.635 Y135.878 E259.40099
G1 X114.124 Y135.965 E259.43978
G1 X113.522 Y136.049 E259.48527
G1 X112.334 Y136.181 E259.57472
G1 X111.867 Y136.222 E259.60981
G1 X111.128 Y136.267 E259.66521
G1 X110.563 Y136.285 E259.70751
G1 X109.85 Y136.291 E259.76087
G1 X109.159 Y136.277 E259.8126
G1 X108.001 Y136.216 E259.89938
G1 X107.178 Y136.139 E259.96123
G1 X106.773 Y136.091 E259.99175
G1 X105.773 Y135.949 E260.06734
G1 X105.092 Y135.829 E260.11909
G1 X104.345 Y135.676 E260.17615
G1 X102.972 Y135.336 E260.282
G1 X101.871 Y135.003 E260.36808
G1 X101.39 Y134.842 E260.40604
G1 X100.567 Y134.54 E260.47165
G1 X99.933 Y134.288 E260.5227
G1 X99.272 Y134.003 E260.57657
G1 X98.518 Y133.65 E260.63887
G1 X97.634 Y133.202 E260.71304
G1 X96.841 Y132.76 E260.78098
G1 X96.231 Y132.396 E260.83414
G1 X95.252 Y131.766 E260.92126
G1 X94.834 Y131.471 E260.95955
G1 X93.722 Y130.643 E261.0633
G1 X93.273 Y130.284 E261.10632
G1 X92.904 Y129.971 E261.14253
G1 X91.945 Y129.106 E261.23918
G1 X91.427 Y128.607 E261.293
G1 X91.048 Y128.221 E261.33349
G1 X90.458 Y127.585 E261.39841
G1 X89.977 Y127.04 E261.45281
G1 X89.727 Y126.742 E261.48192
G1 X89.199 Y126.078 E261.5454
G1 X88.434 Y125.04 E261.6419
G1 X88.18 Y124.66 E261.6761
G1 X87.385 Y123.404 E261.78734
G1 X87.109 Y122.932 E261.82826
G1 X86.576 Y121.938 E261.91267
G1 X86.273 Y121.327 E261.9637
G1 X85.895 Y120.498 E262.03189
G1 X85.726 Y120.099 E262.06432
G1 X85.235 Y118.812 E262.1674
G1 X85.11 Y118.461 E262.19528
G1 X84.853 Y117.671 E262.25745
G1 X84.724 Y117.22 E262.29256
G1 X84.354 Y115.775 E262.40418
G1 X84.225 Y115.183 E262.44952
G1 X84.136 Y114.714 E262.48525
G1 X83.999 Y113.895 E262.54739
G1 X83.859 Y112.796 E262.6303
G1 X83.803 Y112.214 E262.67405
G1 X83.749 Y111.44 E262.73212
G1 X83.722 Y110.838 E262.77721
G1 X83.715 Y110.38 E262.81149
G1 X83.731 Y108.992 E262.91537
G1 X83.762 Y108.321 E262.96564
G1 X83.899 Y106.878 E263.07411
G1 X83.959 Y106.395 E263.11053
G1 X84.08 Y105.594 E263.17116
G1 X84.287 Y104.519 E263.25308
G1 X84.445 Y103.824 E263.30642
G1 X84.671 Y102.952 E263.37383
G1 X84.817 Y102.452 E263.41281
G1 X85.224 Y101.222 E263.50977
G1 X85.449 Y100.595 E263.55962
G1 X85.802 Y99.716 E263.63051
G1 X86.267 Y98.685 E263.71515
G1 X86.57 Y98.074 E263.76618
G1 X86.921 Y97.409 E263.82246
G1 X87.238 Y96.843 E263.871
G1 X87.603 Y96.232 E263.92427
G1 X88.075 Y95.49 E263.99008
G1 X88.477 Y94.905 E264.0432
G1 X89.35 Y93.732 E264.15262
G1 X89.716 Y93.273 E264.19655
G1 X90.029 Y92.904 E264.23276
G1 X90.894 Y91.945 E264.32941
G1 X91.389 Y91.431 E264.38281
G1 F1500 E257.88281
;MESH:flow_cal_cylinder_32x30.stl
G0 F9000 X93.54 Y112.607
G0 X93.898 Y114.292
G0 X94.442 Y115.972
G0 X95.152 Y117.566
G0 X96.023 Y119.075
G0 X97.036 Y120.471
G0 X98.216 Y121.784
G0 X99.496 Y122.937
G0 X100.925 Y123.976
G0 X102.434 Y124.848
G0 X104.028 Y125.558
G0 X105.687 Y126.097
G0 X107.393 Y126.459
G0 X108.365 Y126.562
G0 X109.974 Y126.665
G0 X110 Y125.698
;TYPE:WALL-OUTER
G1 F1500 E264.38281
G1 F1800 X109.981 Y125.699 E264.38424
G1 X109.145 Y125.676 E264.44682
G1 X108.349 Y125.609 E264.5066
G1 X107.548 Y125.503 E264.56707
G1 X106.723 Y125.35 E264.62986
G1 X105.95 Y125.166 E264.68932
G1 X105.153 Y124.93 E264.75153
G1 X104.36 Y124.651 E264.81444
G1 X103.627 Y124.345 E264.87388
G1 X102.861 Y123.98 E264.93738
G1 X102.142 Y123.591 E264.99856
G1 X101.456 Y123.172 E265.05871
G1 X100.761 Y122.693 E265.12188
G1 X100.109 Y122.19 E265.1835
G1 X99.477 Y121.652 E265.24562
G1 X98.893 Y121.096 E265.30596
G1 X98.324 Y120.495 E265.36789
G1 X97.786 Y119.863 E265.43001
G1 X97.287 Y119.211 E265.49145
G1 X96.824 Y118.536 E265.5527
G1 X96.396 Y117.837 E265.61404
G1 X96.004 Y117.116 E265.67546
G1 X95.643 Y116.354 E265.73856
G1 X95.349 Y115.636 E265.79662
G1 X95.062 Y114.835 E265.86029
G1 X94.827 Y114.031 E265.92298
G1 X94.642 Y113.253 E265.98282
G1 X94.489 Y112.44 E266.04473
G1 X94.383 Y111.628 E266.10601
G1 X94.32 Y110.832 E266.16577
G1 X94.301 Y109.993 E266.22857
G1 X94.324 Y109.144 E266.29213
G1 X94.387 Y108.347 E266.35196
G1 X94.489 Y107.556 E266.41165
G1 X94.646 Y106.723 E266.47508
G1 X94.831 Y105.95 E266.53456
G1 X95.062 Y105.161 E266.59609
G1 X95.349 Y104.36 E266.65976
G1 X95.651 Y103.626 E266.71916
G1 X96.016 Y102.861 E266.78259
G1 X96.404 Y102.15 E266.8432
G1 X96.824 Y101.46 E266.90365
G1 X97.307 Y100.761 E266.96724
G1 X97.802 Y100.113 E267.02826
G1 X98.347 Y99.477 E267.09094
G1 X98.893 Y98.901 E267.15033
G1 X99.497 Y98.328 E267.21264
G1 X100.133 Y97.786 E267.27517
G1 X100.789 Y97.287 E267.33685
G1 X101.46 Y96.824 E267.39786
G1 X102.155 Y96.4 E267.45879
G1 X102.873 Y96.008 E267.52
G1 X103.642 Y95.643 E267.58371
G1 X104.36 Y95.349 E267.64177
G1 X105.157 Y95.066 E267.70506
G1 X105.97 Y94.826 E267.7685
G1 X106.743 Y94.642 E267.82796
G1 X107.548 Y94.493 E267.88923
G1 X108.368 Y94.383 E267.95114
G1 X109.168 Y94.32 E268.01119
G1 X110.019 Y94.301 E268.0749
G1 X110.851 Y94.324 E268.13718
G1 X111.648 Y94.387 E268.19701
G1 X112.448 Y94.493 E268.2574
G1 X113.273 Y94.646 E268.32019
G1 X114.05 Y94.83 E268.37995
G1 X114.838 Y95.066 E268.44151
G1 X115.636 Y95.349 E268.50487
G1 X116.37 Y95.651 E268.56427
G1 X117.135 Y96.016 E268.6277
G1 X117.853 Y96.408 E268.68892
G1 X118.536 Y96.824 E268.74876
G1 X119.235 Y97.307 E268.81235
G1 X119.883 Y97.802 E268.87337
G1 X120.523 Y98.351 E268.93647
G1 X121.091 Y98.889 E268.99502
G1 X121.656 Y99.485 E269.05648
G1 X122.21 Y100.133 E269.12028
G1 X122.712 Y100.789 E269.18209
G1 X123.171 Y101.459 E269.24287
G1 X123.596 Y102.155 E269.3039
G1 X123.992 Y102.881 E269.36579
G1 X124.353 Y103.642 E269.42882
G1 X124.651 Y104.36 E269.487
G1 X124.934 Y105.16 E269.5505
G1 X125.169 Y105.969 E269.61354
G1 X125.354 Y106.743 E269.6731
G1 X125.503 Y107.544 E269.73407
G1 X125.613 Y108.372 E269.79658
G1 X125.676 Y109.165 E269.85611
G1 X125.699 Y110.005 E269.91899
G1 X125.676 Y110.851 E269.98233
G1 X125.609 Y111.648 E270.04218
G1 X125.507 Y112.441 E270.10202
G1 X125.35 Y113.273 E270.16538
G1 X125.165 Y114.05 E270.22515
G1 X124.934 Y114.835 E270.28639
G1 X124.651 Y115.636 E270.34996
G1 X124.345 Y116.369 E270.4094
G1 X123.984 Y117.128 E270.4723
G1 X123.596 Y117.85 E270.53364
G1 X123.172 Y118.536 E270.59399
G1 X122.693 Y119.235 E270.6574
G1 X122.194 Y119.883 E270.71861
G1 X121.652 Y120.519 E270.78114
G1 X121.111 Y121.091 E270.84006
G1 X120.507 Y121.66 E270.90216
G1 X119.867 Y122.21 E270.96531
G1 X119.207 Y122.712 E271.02737
G1 X118.541 Y123.171 E271.0879
G1 X117.842 Y123.596 E271.14912
G1 X117.123 Y123.988 E271.2104
G1 X116.358 Y124.353 E271.27383
G1 X115.636 Y124.651 E271.33228
G1 X114.843 Y124.93 E271.39519
G1 X114.03 Y125.169 E271.45861
G1 X113.253 Y125.354 E271.51838
G1 X112.448 Y125.503 E271.57965
G1 X111.628 Y125.613 E271.64156
G1 X110.832 Y125.676 E271.70132
G1 X110 Y125.698 E271.7636
G0 F9000 X110 Y125.154
;TYPE:SKIN
G1 F1800 X109.981 Y125.155 E271.76503
G1 X109.165 Y125.132 E271.82612
G1 X108.416 Y125.073 E271.88234
G1 X107.636 Y124.967 E271.94125
G1 X106.823 Y124.818 E272.0031
G1 X106.102 Y124.646 E272.05857
G1 X105.313 Y124.41 E272.1202
G1 X104.552 Y124.143 E272.18056
G1 X103.835 Y123.845 E272.23866
G1 X103.108 Y123.5 E272.29888
G1 X102.398 Y123.116 E272.35929
G1 X101.76 Y122.724 E272.41533
G1 X101.073 Y122.249 E272.47783
G1 X100.445 Y121.766 E272.53712
G1 X99.841 Y121.252 E272.59647
G1 X99.273 Y120.712 E272.65512
G1 X98.716 Y120.123 E272.71579
G1 X98.206 Y119.523 E272.77472
G1 X97.716 Y118.883 E272.83504
G1 X97.276 Y118.24 E272.89335
G1 X96.861 Y117.566 E272.95258
G1 X96.48 Y116.856 E273.01288
G1 X96.131 Y116.122 E273.0737
G1 X95.849 Y115.432 E273.12948
G1 X95.574 Y114.667 E273.19032
G1 X95.343 Y113.879 E273.25177
G1 X95.174 Y113.154 E273.30748
G1 X95.021 Y112.34 E273.36946
G1 X94.919 Y111.556 E273.42863
G1 X94.86 Y110.812 E273.48448
G1 X94.841 Y110.005 E273.54489
G1 X94.864 Y109.16 E273.60815
G1 X94.919 Y108.415 E273.66405
G1 X95.021 Y107.656 E273.72136
G1 X95.174 Y106.823 E273.78475
G1 X95.35 Y106.098 E273.84058
G1 X95.578 Y105.313 E273.90175
G1 X95.848 Y104.565 E273.96126
G1 X96.139 Y103.858 E274.01848
G1 X96.492 Y103.117 E274.0799
G1 X96.877 Y102.41 E274.14015
G1 X97.284 Y101.74 E274.19881
G1 X97.735 Y101.089 E274.25808
G1 X98.23 Y100.441 E274.3191
G1 X98.748 Y99.837 E274.37865
G1 X99.273 Y99.281 E274.43587
G1 X99.857 Y98.728 E274.49606
G1 X100.457 Y98.214 E274.55519
G1 X101.096 Y97.732 E274.61508
G1 X101.764 Y97.268 E274.67595
G1 X102.414 Y96.872 E274.73291
G1 X103.105 Y96.496 E274.79178
G1 X103.87 Y96.131 E274.85521
G1 X104.539 Y95.857 E274.90931
G1 X105.329 Y95.578 E274.97201
G1 X106.121 Y95.343 E275.03384
G1 X106.842 Y95.174 E275.08925
G1 X107.636 Y95.025 E275.14971
G1 X108.436 Y94.919 E275.2101
G1 X109.184 Y94.86 E275.26625
G1 X110.015 Y94.841 E275.32846
G1 X110.831 Y94.864 E275.38955
G1 X111.576 Y94.923 E275.44547
G1 X112.356 Y95.025 E275.50434
G1 X113.17 Y95.178 E275.56633
G1 X113.906 Y95.35 E275.62289
G1 X114.662 Y95.578 E275.68198
G1 X115.452 Y95.857 E275.74468
G1 X116.133 Y96.139 E275.79984
G1 X116.899 Y96.504 E275.86334
G1 X117.57 Y96.869 E275.9205
G1 X118.252 Y97.284 E275.98025
G1 X118.907 Y97.735 E276.03976
G1 X119.542 Y98.222 E276.09964
G1 X120.159 Y98.751 E276.16047
G1 X120.707 Y99.269 E276.2169
G1 X121.244 Y99.837 E276.27539
G1 X121.778 Y100.461 E276.33685
G1 X122.281 Y101.117 E276.39872
G1 X122.723 Y101.759 E276.45705
G1 X123.12 Y102.415 E276.51443
G1 X123.504 Y103.113 E276.57405
G1 X123.853 Y103.85 E276.63507
G1 X124.139 Y104.54 E276.69097
G1 X124.422 Y105.337 E276.75426
G1 X124.641 Y106.093 E276.81316
G1 X124.822 Y106.843 E276.8709
G1 X124.967 Y107.616 E276.92976
G1 X125.077 Y108.439 E276.99189
G1 X125.132 Y109.18 E277.0475
G1 X125.155 Y109.989 E277.10807
G1 X125.132 Y110.828 E277.17088
G1 X125.073 Y111.577 E277.2271
G1 X124.975 Y112.341 E277.28474
G1 X124.818 Y113.173 E277.34811
G1 X124.645 Y113.898 E277.40388
G1 X124.422 Y114.655 E277.46294
G1 X124.151 Y115.428 E277.52424
G1 X123.854 Y116.137 E277.58177
G1 X123.496 Y116.892 E277.6443
G1 X123.131 Y117.566 E277.70166
G1 X122.735 Y118.213 E277.75842
G1 X122.264 Y118.907 E277.82119
G1 X121.783 Y119.53 E277.88009
G1 X121.256 Y120.147 E277.94082
G1 X120.716 Y120.719 E277.99968
G1 X120.151 Y121.248 E278.05761
G1 X119.515 Y121.798 E278.12053
G1 X118.896 Y122.264 E278.17851
G1 X118.256 Y122.708 E278.2368
G1 X117.582 Y123.119 E278.29588
G1 X116.871 Y123.504 E278.35639
G1 X116.121 Y123.861 E278.41855
G1 X115.452 Y124.139 E278.47276
G1 X114.679 Y124.41 E278.53406
G1 X113.874 Y124.65 E278.59693
G1 X113.15 Y124.822 E278.65262
G1 X112.356 Y124.967 E278.71302
G1 X111.556 Y125.077 E278.77345
G1 X110.812 Y125.132 E278.82928
G1 X110 Y125.154 E278.89007
G1 F1500 E272.39007
G0 F9000 X109.959 Y126.665
G0 X108.236 Y126.571
G0 X106.535 Y126.301
G0 X104.851 Y125.85
G0 X103.222 Y125.224
G0 X101.667 Y124.431
G0 X100.204 Y123.482
G0 X98.834 Y122.369
G0 X97.616 Y121.15
G0 X96.717 Y120.038
G0 X95.694 Y118.536
G0 X97.232 Y117.597
G1 F1500 E278.89007
G1 F1800 X102.401 Y122.766 E279.43712
G1 F1500 E272.93712
G0 F9000 X104.124 Y123.64
G1 F1500 E279.43712
G1 F1800 X96.35 Y115.867 E280.25981
G0 F9000 X95.838 Y114.506
G1 F1800 X105.478 Y124.146 E281.28004
G0 F9000 X106.649 Y124.468
G1 F1800 X95.527 Y113.346 E282.45712
G0 F9000 X95.315 Y112.286
G1 F1800 X107.702 Y124.673 E283.76807
G0 F9000 X108.67 Y124.792
G1 F1800 X95.201 Y111.323 E285.19354
G0 F9000 X95.151 Y110.425
G1 F1800 X109.57 Y124.843 E286.71949
G0 F9000 X110.418 Y124.843
G1 F1800 X95.153 Y109.578 E288.33504
G0 F9000 X95.194 Y108.77
G1 F1800 X111.224 Y124.8 E290.03154
G0 F9000 X111.987 Y124.715
G1 F1800 X95.276 Y108.004 E291.80012
G0 F9000 X95.396 Y107.275
G1 F1800 X112.716 Y124.596 E293.6332
G0 F9000 X113.419 Y124.449
G1 F1800 X95.543 Y106.574 E295.52502
G0 F9000 X95.719 Y105.901
G1 F1800 X114.09 Y124.273 E297.46933
G0 F9000 X114.738 Y124.072
G1 F1800 X95.918 Y105.252 E299.46111
G0 F9000 X96.145 Y104.631
G1 F1800 X115.365 Y123.85 E301.49517
G0 F9000 X115.964 Y123.601
G1 F1800 X96.392 Y104.029 E303.56654
G0 F9000 X96.664 Y103.452
G1 F1800 X116.54 Y123.329 E305.67013
G0 F9000 X117.099 Y123.039
G1 F1800 X96.954 Y102.894 E307.80214
G0 F9000 X97.262 Y102.353
G1 F1800 X117.64 Y122.731 E309.9588
G0 F9000 X118.163 Y122.406
G1 F1800 X97.586 Y101.829 E312.13653
G0 F9000 X97.934 Y101.328
G1 F1800 X118.665 Y122.059 E314.33056
G0 F9000 X119.15 Y121.696
G1 F1800 X98.299 Y100.845 E316.53728
G0 F9000 X98.68 Y100.377
G1 F1800 X119.616 Y121.313 E318.753
G0 F9000 X120.067 Y120.915
G1 F1800 X99.077 Y99.926 E320.97439
G0 F9000 X99.49 Y99.49
G1 F1800 X120.505 Y120.505 E323.19847
G0 F9000 X120.917 Y120.069
G1 F1800 X99.926 Y99.077 E325.42007
G0 F9000 X100.376 Y98.679
G1 F1800 X121.315 Y119.618 E327.63611
G0 F9000 X121.697 Y119.152
G1 F1800 X100.844 Y98.298 E329.8431
G0 F9000 X101.33 Y97.936
G1 F1800 X122.063 Y118.669 E332.03733
G0 F9000 X122.407 Y118.164
G1 F1800 X101.83 Y97.588 E334.21501
G0 F9000 X102.352 Y97.261
G1 F1800 X122.733 Y117.642 E336.37199
G0 F9000 X123.042 Y117.102
G1 F1800 X102.893 Y96.953 E338.50442
G0 F9000 X103.451 Y96.663
G1 F1800 X123.33 Y116.542 E340.60828
G0 F9000 X123.602 Y115.965
G1 F1800 X104.027 Y96.391 E342.67991
G0 F9000 X104.629 Y96.144
G1 F1800 X123.852 Y115.367 E344.71434
G0 F9000 X124.075 Y114.741
G1 F1800 X105.256 Y95.922 E346.70601
G0 F9000 X105.903 Y95.721
G1 F1800 X124.275 Y114.093 E348.65038
G0 F9000 X124.451 Y113.42
G1 F1800 X106.576 Y95.545 E350.54215
G0 F9000 X107.278 Y95.399
G1 F1800 X124.599 Y112.719 E352.37523
G0 F9000 X124.718 Y111.99
G1 F1800 X108.006 Y95.278 E354.14391
G0 F9000 X108.77 Y95.194
G1 F1800 X124.8 Y111.224 E355.84042
G0 F9000 X124.843 Y110.418
G1 F1800 X109.577 Y95.152 E357.45606
G0 F9000 X110.426 Y95.153
G1 F1800 X124.843 Y109.57 E358.98186
G0 F9000 X124.793 Y108.671
G1 F1800 X111.326 Y95.204 E360.40711
G0 F9000 X112.29 Y95.319
G1 F1800 X124.677 Y107.707 E361.71812
G0 F9000 X124.466 Y106.647
G1 F1800 X113.346 Y95.527 E362.89499
G0 F9000 X114.515 Y95.847
G1 F1800 X124.152 Y105.485 E363.91495
G0 F9000 X123.643 Y104.127
G1 F1800 X115.871 Y96.355 E364.73749
G1 F1500 E358.23749
G0 F9000 X117.608 Y97.243
G1 F1500 E364.73749
G1 F1800 X122.754 Y102.39 E365.28216
G1 F1500 E358.78216
;MESH:NONMESH
G0 F300 Z1.2
G0 F9000 X124.442 Y101.687
G0 X125.232 Y103.241
G0 X125.85 Y104.851
G0 X126.305 Y106.556
G0 X126.573 Y108.258
G0 X126.665 Y110.022
G0 X126.571 Y111.764
G0 X126.301 Y113.465
G0 X125.85 Y115.149
G0 X125.224 Y116.778
G0 X124.431 Y118.333
G0 X123.482 Y119.796
G0 X122.369 Y121.166
G0 X121.15 Y122.384
G0 X119.778 Y123.494
G0 X118.313 Y124.442
G0 X116.759 Y125.232
G0 X115.149 Y125.85
G0 X113.444 Y126.305
G0 X112.479 Y126.457
G0 X110.9 Y126.638
G0 X110.824 Y125.678
;TIME_ELAPSED:239.117584
;LAYER:3
;TYPE:WALL-OUTER
;MESH:flow_cal_cylinder_32x30.stl
G1 F1500 E365.28216
G1 F1800 X110 Y125.7 E365.34384
G1 X109.176 Y125.678 E365.40553
G1 X108.351 Y125.613 E365.46746
G1 X107.552 Y125.508 E365.52777
G1 X106.739 Y125.357 E365.58965
G1 X105.937 Y125.165 E365.65136
G1 X105.146 Y124.931 E365.71309
G1 X104.366 Y124.654 E365.77504
G1 X103.618 Y124.344 E365.83563
G1 X102.874 Y123.989 E365.89732
G1 X102.151 Y123.597 E365.95887
G1 X101.443 Y123.163 E366.02101
G1 X100.777 Y122.705 E366.0815
G1 X100.114 Y122.196 E366.14405
G1 X99.489 Y121.662 E366.20557
G1 X98.898 Y121.102 E366.2665
G1 X98.334 Y120.506 E366.32791
G1 X97.802 Y119.883 E366.38922
G1 X97.294 Y119.222 E366.4516
G1 X96.837 Y118.557 E366.51199
G1 X96.4 Y117.843 E366.57463
G1 X96.008 Y117.121 E366.63611
G1 X95.654 Y116.379 E366.69764
G1 X95.345 Y115.631 E366.7582
G1 X95.069 Y114.854 E366.81991
G1 X94.833 Y114.056 E366.88218
G1 X94.642 Y113.257 E366.94366
G1 X94.492 Y112.448 E367.00524
G1 X94.387 Y111.649 E367.06554
G1 X94.322 Y110.824 E367.12747
G1 X94.3 Y110.008 E367.18856
G1 X94.322 Y109.171 E367.25122
G1 X94.387 Y108.351 E367.31278
G1 X94.492 Y107.552 E367.37309
G1 X94.642 Y106.743 E367.43466
G1 X94.833 Y105.944 E367.49614
G1 X95.071 Y105.141 E367.55881
G1 X95.346 Y104.366 E367.62035
G1 X95.654 Y103.621 E367.68068
G1 X96.008 Y102.879 E367.74221
G1 X96.4 Y102.157 E367.80369
G1 X96.837 Y101.443 E367.86633
G1 X97.294 Y100.778 E367.92672
G1 X97.804 Y100.114 E367.98937
G1 X98.338 Y99.489 E368.05089
G1 X98.898 Y98.898 E368.11182
G1 X99.489 Y98.338 E368.17275
G1 X100.114 Y97.804 E368.23427
G1 X100.778 Y97.294 E368.29693
G1 X101.443 Y96.837 E368.35731
G1 X102.151 Y96.403 E368.41946
G1 X102.874 Y96.011 E368.481
G1 X103.618 Y95.656 E368.54269
G1 X104.366 Y95.346 E368.60329
G1 X105.146 Y95.069 E368.66523
G1 X105.937 Y94.835 E368.72696
G1 X106.739 Y94.643 E368.78868
G1 X107.552 Y94.492 E368.85056
G1 X108.351 Y94.387 E368.91086
G1 X109.176 Y94.322 E368.9728
G1 X110 Y94.3 E369.03448
G1 X110.824 Y94.322 E369.09617
G1 X111.649 Y94.387 E369.1581
G1 X112.448 Y94.492 E369.21841
G1 X113.261 Y94.643 E369.28029
G1 X114.063 Y94.835 E369.342
G1 X114.854 Y95.069 E369.40373
G1 X115.634 Y95.346 E369.46567
G1 X116.382 Y95.656 E369.52627
G1 X117.126 Y96.011 E369.58796
G1 X117.849 Y96.403 E369.64951
G1 X118.557 Y96.837 E369.71165
G1 X119.222 Y97.294 E369.77204
G1 X119.886 Y97.804 E369.83469
G1 X120.511 Y98.338 E369.89621
G1 X121.102 Y98.898 E369.95714
G1 X121.662 Y99.489 E370.01807
G1 X122.196 Y100.114 E370.07959
G1 X122.706 Y100.778 E370.14224
G1 X123.163 Y101.443 E370.20263
G1 X123.6 Y102.157 E370.26527
G1 X123.992 Y102.879 E370.32676
G1 X124.346 Y103.621 E370.38828
G1 X124.654 Y104.366 E370.44861
G1 X124.929 Y105.141 E370.51015
G1 X125.163 Y105.929 E370.57166
G1 X125.358 Y106.743 E370.6343
G1 X125.508 Y107.552 E370.69588
G1 X125.613 Y108.351 E370.75618
G1 X125.678 Y109.171 E370.81774
G1 X125.7 Y109.992 E370.8792
G1 X125.678 Y110.824 E370.94149
G1 X125.613 Y111.649 E371.00342
G1 X125.508 Y112.448 E371.06373
G1 X125.358 Y113.257 E371.1253
G1 X125.167 Y114.056 E371.18678
G1 X124.931 Y114.854 E371.24905
G1 X124.655 Y115.631 E371.31076
G1 X124.346 Y116.379 E371.37132
G1 X123.992 Y117.121 E371.43285
G1 X123.6 Y117.843 E371.49433
G1 X123.163 Y118.557 E371.55698
G1 X122.706 Y119.222 E371.61736
G1 X122.198 Y119.883 E371.67975
G1 X121.666 Y120.506 E371.74105
G1 X121.102 Y121.102 E371.80246
G1 X120.511 Y121.662 E371.86339
G1 X119.886 Y122.196 E371.92491
G1 X119.223 Y122.705 E371.98746
G1 X118.557 Y123.163 E372.04795
G1 X117.849 Y123.597 E372.11009
G1 X117.126 Y123.989 E372.17164
G1 X116.382 Y124.344 E372.23333
G1 X115.634 Y124.654 E372.29393
G1 X114.854 Y124.931 E372.35587
G1 X114.063 Y125.165 E372.4176
G1 X113.261 Y125.357 E372.47931
G1 X112.448 Y125.508 E372.54119
G1 X111.649 Y125.613 E372.6015
G1 X110.824 Y125.678 E372.66343
G1 X110 Y125.699 Z1.203 E372.72512
G1 X109.177 Y125.678 Z1.205 E372.78673
G1 X108.352 Y125.613 Z1.208 E372.84866
G1 X107.552 Y125.508 Z1.21 E372.90904
G1 X106.739 Y125.357 Z1.212 E372.97092
G1 X105.937 Y125.165 Z1.215 E373.03264
G1 X105.146 Y124.931 Z1.218 E373.09437
G1 X104.366 Y124.654 Z1.22 E373.15631
G1 X103.618 Y124.344 Z1.222 E373.2169
G1 X102.874 Y123.989 Z1.225 E373.2786
G1 X102.151 Y123.597 Z1.228 E373.34014
G1 X101.443 Y123.163 Z1.23 E373.40229
G1 X100.777 Y122.705 Z1.232 E373.46278
G1 X100.115 Y122.196 Z1.235 E373.52527
G1 X99.49 Y121.662 Z1.238 E373.58679
G1 X98.898 Y121.102 Z1.24 E373.64777
G1 X98.334 Y120.507 Z1.243 E373.70912
G1 X97.803 Y119.883 Z1.245 E373.77044
G1 X97.294 Y119.223 Z1.248 E373.83282
G1 X96.837 Y118.558 Z1.25 E373.8932
G1 X96.401 Y117.843 Z1.253 E373.95587
G1 X96.008 Y117.121 Z1.255 E374.01739
G1 X95.655 Y116.379 Z1.258 E374.07888
G1 X95.345 Y115.631 Z1.26 E374.13947
G1 X95.069 Y114.854 Z1.262 E374.20118
G1 X94.834 Y114.056 Z1.265 E374.26343
G1 X94.643 Y113.257 Z1.268 E374.32491
G1 X94.492 Y112.448 Z1.27 E374.3865
G1 X94.387 Y111.649 Z1.272 E374.44681
G1 X94.322 Y110.824 Z1.275 E374.50874
G1 X94.301 Y110.008 Z1.277 E374.56983
G1 X94.322 Y109.172 Z1.28 E374.63241
G1 X94.387 Y108.352 Z1.283 E374.69397
G1 X94.492 Y107.552 Z1.285 E374.75435
G1 X94.642 Y106.743 Z1.287 E374.81592
G1 X94.833 Y105.944 Z1.29 E374.8774
G1 X95.071 Y105.141 Z1.293 E374.94008
G1 X95.346 Y104.366 Z1.295 E375.00162
G1 X95.654 Y103.621 Z1.297 E375.06195
G1 X96.008 Y102.879 Z1.3 E375.12347
G1 X96.4 Y102.157 Z1.302 E375.18495
G1 X96.837 Y101.443 Z1.305 E375.2476
G1 X97.294 Y100.778 Z1.307 E375.30798
G1 X97.804 Y100.115 Z1.31 E375.37058
G1 X98.338 Y99.49 Z1.313 E375.4321
G1 X98.898 Y98.898 Z1.315 E375.49308
G1 X99.489 Y98.338 Z1.317 E375.55401
G1 X100.114 Y97.805 Z1.32 E375.61548
G1 X100.778 Y97.295 Z1.323 E375.67814
G1 X101.442 Y96.837 Z1.325 E375.7385
G1 X102.151 Y96.404 Z1.328 E375.80067
G1 X102.874 Y96.011 Z1.33 E375.86226
G1 X103.618 Y95.657 Z1.333 E375.92392
G1 X104.366 Y95.346 Z1.335 E375.98454
G1 X105.146 Y95.069 Z1.337 E376.04648
G1 X105.937 Y94.836 Z1.34 E376.10819
G1 X106.739 Y94.644 Z1.343 E376.16991
G1 X107.552 Y94.492 Z1.345 E376.2318
G1 X108.351 Y94.387 Z1.347 E376.29211
G1 X109.176 Y94.322 Z1.35 E376.35404
G1 X110 Y94.3 Z1.353 E376.41573
G1 X110.824 Y94.322 Z1.355 E376.47741
G1 X111.649 Y94.387 Z1.358 E376.53934
G1 X112.448 Y94.492 Z1.36 E376.59965
G1 X113.261 Y94.643 Z1.362 E376.66153
G1 X114.063 Y94.835 Z1.365 E376.72325
G1 X114.854 Y95.069 Z1.368 E376.78498
G1 X115.634 Y95.346 Z1.37 E376.84692
G1 X116.382 Y95.656 Z1.372 E376.90752
G1 X117.126 Y96.011 Z1.375 E376.96921
G1 X117.849 Y96.403 Z1.378 E377.03076
G1 X118.557 Y96.837 Z1.38 E377.0929
G1 X119.222 Y97.294 Z1.382 E377.15329
G1 X119.886 Y97.804 Z1.385 E377.21594
G1 X120.511 Y98.338 Z1.388 E377.27746
G1 X121.102 Y98.898 Z1.39 E377.33839
G1 X121.662 Y99.489 Z1.392 E377.39932
G1 X122.196 Y100.114 Z1.395 E377.46084
G1 X122.706 Y100.778 Z1.398 E377.5235
G1 X123.163 Y101.443 Z1.4 E377.58388
G1 X123.6 Y102.157 Z1.403 E377.64653
G1 X123.992 Y102.879 Z1.405 E377.70801
G1 X124.346 Y103.621 Z1.408 E377.76953
G1 X124.654 Y104.366 Z1.41 E377.82986
G1 X124.929 Y105.141 Z1.412 E377.8914
G1 X125.163 Y105.929 Z1.415 E377.95292
G1 X125.358 Y106.743 Z1.418 E378.01556
G1 X125.508 Y107.552 Z1.42 E378.07713
G1 X125.613 Y108.351 Z1.422 E378.13744
G1 X125.678 Y109.171 Z1.425 E378.199
G1 X125.7 Y109.992 Z1.427 E378.26046
G1 X125.678 Y110.824 Z1.43 E378.32274
G1 X125.613 Y111.649 Z1.433 E378.38467
G1 X125.508 Y112.448 Z1.435 E378.44498
G1 X125.358 Y113.257 Z1.437 E378.50656
G1 X125.167 Y114.056 Z1.44 E378.56803
G1 X124.931 Y114.854 Z1.443 E378.63031
G1 X124.655 Y115.631 Z1.445 E378.69202
G1 X124.346 Y116.379 Z1.447 E378.75258
G1 X123.992 Y117.121 Z1.45 E378.81411
G1 X123.6 Y117.843 Z1.452 E378.87559
G1 X123.163 Y118.557 Z1.455 E378.93823
G1 X122.706 Y119.222 Z1.457 E378.99862
G1 X122.198 Y119.883 Z1.46 E379.06101
G1 X121.666 Y120.506 Z1.463 E379.12231
G1 X121.102 Y121.102 Z1.465 E379.18372
G1 X120.511 Y121.662 Z1.467 E379.24465
G1 X119.886 Y122.196 Z1.47 E379.30617
G1 X119.223 Y122.705 Z1.473 E379.36872
G1 X118.557 Y123.163 Z1.475 E379.42921
G1 X117.849 Y123.597 Z1.478 E379.49136
G1 X117.126 Y123.989 Z1.48 E379.5529
G1 X116.382 Y124.344 Z1.483 E379.61459
G1 X115.634 Y124.654 Z1.485 E379.67519
G1 X114.854 Y124.931 Z1.487 E379.73713
G1 X114.063 Y125.165 Z1.49 E379.79886
G1 X113.261 Y125.357 Z1.493 E379.86058
G1 X112.448 Y125.508 Z1.495 E379.92246
G1 X111.649 Y125.613 Z1.497 E379.98277
G1 X110.824 Y125.678 Z1.5 E380.0447
;TIME_ELAPSED:246.035121
;LAYER:4
;TYPE:WALL-OUTER
;MESH:flow_cal_cylinder_32x30.stl
G1 X110 Y125.7 Z1.503 E380.10638
G1 X109.176 Y125.678 Z1.505 E380.16807
G1 X108.351 Y125.613 Z1.508 E380.23
G1 X107.552 Y125.508 Z1.51 E380.29031
G1 X106.739 Y125.357 Z1.512 E380.35219
G1 X105.937 Y125.165 Z1.515 E380.4139
G1 X105.146 Y124.931 Z1.518 E380.47563
G1 X104.366 Y124.654 Z1.52 E380.53758
G1 X103.618 Y124.344 Z1.522 E380.59817
G1 X102.874 Y123.989 Z1.525 E380.65986
G1 X102.151 Y123.597 Z1.528 E380.72141
G1 X101.443 Y123.163 Z1.53 E380.78356
G1 X100.777 Y122.705 Z1.532 E380.84404
G1 X100.114 Y122.196 Z1.535 E380.9066
G1 X99.489 Y121.662 Z1.538 E380.96812
G1 X98.898 Y121.102 Z1.54 E381.02905
G1 X98.334 Y120.506 Z1.543 E381.09045
G1 X97.802 Y119.883 Z1.545 E381.15176
G1 X97.294 Y119.222 Z1.548 E381.21415
G1 X96.837 Y118.557 Z1.55 E381.27453
G1 X96.4 Y117.843 Z1.553 E381.33718
G1 X96.008 Y117.121 Z1.555 E381.39866
G1 X95.654 Y116.379 Z1.558 E381.46018
G1 X95.345 Y115.631 Z1.56 E381.52075
G1 X95.069 Y114.854 Z1.562 E381.58246
G1 X94.833 Y114.056 Z1.565 E381.64473
G1 X94.642 Y113.257 Z1.568 E381.70621
G1 X94.492 Y112.448 Z1.57 E381.76778
G1 X94.387 Y111.649 Z1.572 E381.82809
G1 X94.322 Y110.824 Z1.575 E381.89002
G1 X94.3 Y110.008 Z1.577 E381.95111
G1 X94.322 Y109.171 Z1.58 E382.01377
G1 X94.387 Y108.351 Z1.583 E382.07533
G1 X94.492 Y107.552 Z1.585 E382.13563
G1 X94.642 Y106.743 Z1.587 E382.19721
G1 X94.833 Y105.944 Z1.59 E382.25869
G1 X95.071 Y105.141 Z1.593 E382.32136
G1 X95.346 Y104.366 Z1.595 E382.3829
G1 X95.654 Y103.621 Z1.597 E382.44323
G1 X96.008 Y102.879 Z1.6 E382.50476
G1 X96.4 Y102.157 Z1.602 E382.56624
G1 X96.837 Y101.443 Z1.605 E382.62889
G1 X97.294 Y100.778 Z1.607 E382.68927
G1 X97.804 Y100.114 Z1.61 E382.75193
G1 X98.338 Y99.489 Z1.613 E382.81345
G1 X98.898 Y98.898 Z1.615 E382.87437
G1 X99.489 Y98.338 Z1.617 E382.9353
G1 X100.114 Y97.804 Z1.62 E382.99682
G1 X100.778 Y97.294 Z1.623 E383.05948
G1 X101.443 Y96.837 Z1.625 E383.11986
G1 X102.151 Y96.403 Z1.628 E383.18201
G1 X102.874 Y96.011 Z1.63 E383.24356
G1 X103.618 Y95.656 Z1.633 E383.30525
G1 X104.366 Y95.346 Z1.635 E383.36584
G1 X105.146 Y95.069 Z1.637 E383.42779
G1 X105.937 Y94.835 Z1.64 E383.48952
G1 X106.739 Y94.643 Z1.643 E383.55123
G1 X107.552 Y94.492 Z1.645 E383.61311
G1 X108.351 Y94.387 Z1.647 E383.67342
G1 X109.176 Y94.322 Z1.65 E383.73535
G1 X110 Y94.3 Z1.653 E383.79704
G1 X110.824 Y94.322 Z1.655 E383.85872
G1 X111.649 Y94.387 Z1.658 E383.92066
G1 X112.448 Y94.492 Z1.66 E383.98096
G1 X113.261 Y94.643 Z1.662 E384.04284
G1 X114.063 Y94.835 Z1.665 E384.10456
G1 X114.854 Y95.069 Z1.668 E384.16629
G1 X115.634 Y95.346 Z1.67 E384.22823
G1 X116.382 Y95.656 Z1.672 E384.28883
G1 X117.126 Y96.011 Z1.675 E384.35052
G1 X117.849 Y96.403 Z1.678 E384.41207
G1 X118.557 Y96.837 Z1.68 E384.47421
G1 X119.222 Y97.294 Z1.682 E384.5346
G1 X119.886 Y97.804 Z1.685 E384.59725
G1 X120.511 Y98.338 Z1.688 E384.65877
G1 X121.102 Y98.898 Z1.69 E384.7197
G1 X121.662 Y99.489 Z1.692 E384.78063
G1 X122.196 Y100.114 Z1.695 E384.84215
G1 X122.706 Y100.778 Z1.698 E384.90481
G1 X123.163 Y101.443 Z1.7 E384.96519
G1 X123.6 Y102.157 Z1.703 E385.02784
G1 X123.992 Y102.879 Z1.705 E385.08932
G1 X124.346 Y103.621 Z1.708 E385.15084
G1 X124.654 Y104.366 Z1.71 E385.21117
G1 X124.929 Y105.141 Z1.712 E385.27271
G1 X125.163 Y105.929 Z1.715 E385.33423
G1 X125.358 Y106.743 Z1.718 E385.39687
G1 X125.508 Y107.552 Z1.72 E385.45844
G1 X125.613 Y108.351 Z1.722 E385.51875
G1 X125.678 Y109.171 Z1.725 E385.58031
G1 X125.7 Y109.992 Z1.727 E385.64177
G1 X125.678 Y110.824 Z1.73 E385.70405
G1 X125.613 Y111.649 Z1.733 E385.76598
G1 X125.508 Y112.448 Z1.735 E385.82629
G1 X125.358 Y113.257 Z1.737 E385.88787
G1 X125.167 Y114.056 Z1.74 E385.94934
G1 X124.931 Y114.854 Z1.743 E386.01162
G1 X124.655 Y115.631 Z1.745 E386.07333
G1 X124.346 Y116.379 Z1.747 E386.13389
G1 X123.992 Y117.121 Z1.75 E386.19542
G1 X123.6 Y117.843 Z1.752 E386.2569
G1 X123.163 Y118.557 Z1.755 E386.31954
G1 X122.706 Y119.222 Z1.757 E386.37993
G1 X122.198 Y119.883 Z1.76 E386.44232
G1 X121.666 Y120.506 Z1.763 E386.50362
G1 X121.102 Y121.102 Z1.765 E386.56503
G1 X120.511 Y121.662 Z1.767 E386.62596
G1 X119.886 Y122.196 Z1.77 E386.68748
G1 X119.223 Y122.705 Z1.773 E386.75003
G1 X118.557 Y123.163 Z1.775 E386.81052
G1 X117.849 Y123.597 Z1.778 E386.87267
G1 X117.126 Y123.989 Z1.78 E386.93421
G1 X116.382 Y124.344 Z1.783 E386.9959
G1 X115.634 Y124.654 Z1.785 E387.0565
G1 X114.854 Y124.931 Z1.787 E387.11844
G1 X114.063 Y125.165 Z1.79 E387.18017
G1 X113.261 Y125.357 Z1.793 E387.24189
G1 X112.448 Y125.508 Z1.795 E387.30377
G1 X111.649 Y125.613 Z1.797 E387.36408
G1 X110.824 Y125.678 Z1.8 E387.42601
;TIME_ELAPSED:249.373656
;LAYER:5
;TYPE:WALL-OUTER
;MESH:flow_cal_cylinder_32x30.stl
G1 X110 Y125.7 Z1.803 E387.48769
G1 X109.176 Y125.678 Z1.805 E387.54938
G1 X108.351 Y125.613 Z1.808 E387.61131
G1 X107.552 Y125.508 Z1.81 E387.67162
G1 X106.739 Y125.357 Z1.812 E387.7335
G1 X105.937 Y125.165 Z1.815 E387.79521
G1 X105.146 Y124.931 Z1.818 E387.85695
G1 X104.366 Y124.654 Z1.82 E387.91889
G1 X103.618 Y124.344 Z1.822 E387.97948
G1 X102.874 Y123.989 Z1.825 E388.04117
G1 X102.151 Y123.597 Z1.828 E388.10272
G1 X101.443 Y123.163 Z1.83 E388.16487
G1 X100.777 Y122.705 Z1.832 E388.22536
G1 X100.114 Y122.196 Z1.835 E388.28791
G1 X99.489 Y121.662 Z1.838 E388.34943
G1 X98.898 Y121.102 Z1.84 E388.41036
G1 X98.334 Y120.506 Z1.843 E388.47176
G1 X97.802 Y119.883 Z1.845 E388.53307
G1 X97.294 Y119.222 Z1.848 E388.59546
G1 X96.837 Y118.557 Z1.85 E388.65584
G1 X96.4 Y117.843 Z1.853 E388.71849
G1 X96.008 Y117.121 Z1.855 E388.77997
G1 X95.654 Y116.379 Z1.858 E388.84149
G1 X95.345 Y115.631 Z1.86 E388.90206
G1 X95.069 Y114.854 Z1.862 E388.96377
G1 X94.833 Y114.056 Z1.865 E389.02604
G1 X94.642 Y113.257 Z1.868 E389.08752
G1 X94.492 Y112.448 Z1.87 E389.14909
G1 X94.387 Y111.649 Z1.872 E389.2094
G1 X94.322 Y110.824 Z1.875 E389.27133
G1 X94.3 Y110.008 Z1.877 E389.33242
G1 X94.322 Y109.171 Z1.88 E389.39508
G1 X94.387 Y108.351 Z1.883 E389.45664
G1 X94.492 Y107.552 Z1.885 E389.51695
G1 X94.642 Y106.743 Z1.887 E389.57852
G1 X94.833 Y105.944 Z1.89 E389.64
G1 X95.071 Y105.141 Z1.893 E389.70267
G1 X95.346 Y104.366 Z1.895 E389.76422
G1 X95.654 Y103.621 Z1.897 E389.82454
G1 X96.008 Y102.879 Z1.9 E389.88607
G1 X96.4 Y102.157 Z1.902 E389.94755
G1 X96.837 Y101.443 Z1.905 E390.0102
G1 X97.294 Y100.778 Z1.907 E390.07058
G1 X97.804 Y100.114 Z1.91 E390.13324
G1 X98.338 Y99.489 Z1.913 E390.19476
G1 X98.898 Y98.898 Z1.915 E390.25569
G1 X99.489 Y98.338 Z1.917 E390.31661
G1 X100.114 Y97.804 Z1.92 E390.37813
G1 X100.778 Y97.294 Z1.923 E390.44079
G1 X101.443 Y96.837 Z1.925 E390.50117
G1 X102.151 Y96.403 Z1.928 E390.56332
G1 X102.874 Y96.011 Z1.93 E390.62487
G1 X103.618 Y95.656 Z1.933 E390.68656
G1 X104.366 Y95.346 Z1.935 E390.74715
G1 X105.146 Y95.069 Z1.937 E390.8091
G1 X105.937 Y94.835 Z1.94 E390.87083
G1 X106.739 Y94.643 Z1.943 E390.93254
G1 X107.552 Y94.492 Z1.945 E390.99442
G1 X108.351 Y94.387 Z1.947 E391.05473
G1 X109.176 Y94.322 Z1.95 E391.11666
G1 X110 Y94.3 Z1.953 E391.17835
G1 X110.824 Y94.322 Z1.955 E391.24004
G1 X111.649 Y94.387 Z1.958 E391.30197
G1 X112.448 Y94.492 Z1.96 E391.36227
G1 X113.261 Y94.643 Z1.962 E391.42416
G1 X114.063 Y94.835 Z1.965 E391.48587
G1 X114.854 Y95.069 Z1.968 E391.5476
G1 X115.634 Y95.346 Z1.97 E391.60954
G1 X116.382 Y95.656 Z1.972 E391.67014
G1 X117.126 Y96.011 Z1.975 E391.73183
G1 X117.849 Y96.403 Z1.978 E391.79338
G1 X118.557 Y96.837 Z1.98 E391.85552
G1 X119.222 Y97.294 Z1.982 E391.91591
G1 X119.886 Y97.804 Z1.985 E391.97856
G1 X120.511 Y98.338 Z1.988 E392.04008
G1 X121.102 Y98.898 Z1.99 E392.10101
G1 X121.662 Y99.489 Z1.992 E392.16194
G1 X122.196 Y100.114 Z1.995 E392.22346
G1 X122.706 Y100.778 Z1.998 E392.28612
G1 X123.163 Y101.443 Z2 E392.3465
G1 X123.6 Y102.157 Z2.003 E392.40915
G1 X123.992 Y102.879 Z2.005 E392.47063
G1 X124.346 Y103.621 Z2.008 E392.53215
G1 X124.654 Y104.366 Z2.01 E392.59248
G1 X124.929 Y105.141 Z2.012 E392.65402
G1 X125.163 Y105.929 Z2.015 E392.71554
G1 X125.358 Y106.743 Z2.018 E392.77818
G1 X125.508 Y107.552 Z2.02 E392.83975
G1 X125.613 Y108.351 Z2.022 E392.90006
G1 X125.678 Y109.171 Z2.025 E392.96162
G1 X125.7 Y109.992 Z2.027 E393.02308
G1 X125.678 Y110.824 Z2.03 E393.08536
G1 X125.613 Y111.649 Z2.033 E393.1473
G1 X125.508 Y112.448 Z2.035 E393.2076
G1 X125.358 Y113.257 Z2.037 E393.26918
G1 X125.167 Y114.056 Z2.04 E393.33066
G1 X124.931 Y114.854 Z2.043 E393.39293
G1 X124.655 Y115.631 Z2.045 E393.45464
G1 X124.346 Y116.379 Z2.047 E393.5152
G1 X123.992 Y117.121 Z2.05 E393.57673
G1 X123.6 Y117.843 Z2.052 E393.63821
G1 X123.163 Y118.557 Z2.055 E393.70085
G1 X122.706 Y119.222 Z2.057 E393.76124
G1 X122.198 Y119.883 Z2.06 E393.82363
G1 X121.666 Y120.506 Z2.063 E393.88493
G1 X121.102 Y121.102 Z2.065 E393.94634
G1 X120.511 Y121.662 Z2.067 E394.00727
G1 X119.886 Y122.196 Z2.07 E394.06879
G1 X119.223 Y122.705 Z2.073 E394.13134
G1 X118.557 Y123.163 Z2.075 E394.19183
G1 X117.849 Y123.597 Z2.078 E394.25398
G1 X117.126 Y123.989 Z2.08 E394.31552
G1 X116.382 Y124.344 Z2.083 E394.37721
G1 X115.634 Y124.654 Z2.085 E394.43781
G1 X114.854 Y124.931 Z2.087 E394.49975
G1 X114.063 Y125.165 Z2.09 E394.56148
G1 X113.261 Y125.357 Z2.093 E394.6232
G1 X112.448 Y125.508 Z2.095 E394.68508
G1 X111.649 Y125.613 Z2.097 E394.74539
G1 X110.824 Y125.678 Z2.1 E394.80732
;TIME_ELAPSED:252.712192
;LAYER:6
;TYPE:WALL-OUTER
;MESH:flow_cal_cylinder_32x30.stl
G1 X110 Y125.7 Z2.103 E394.869
G1 X109.176 Y125.678 Z2.105 E394.93069
G1 X108.351 Y125.613 Z2.108 E394.99262
G1 X107.552 Y125.508 Z2.11 E395.05293
G1 X106.739 Y125.357 Z2.112 E395.11481
G1 X105.937 Y125.165 Z2.115 E395.17653
G1 X105.146 Y124.931 Z2.118 E395.23826
G1 X104.366 Y124.654 Z2.12 E395.3002
G1 X103.618 Y124.344 Z2.122 E395.36079
G1 X102.874 Y123.989 Z2.125 E395.42248
G1 X102.151 Y123.597 Z2.128 E395.48403
G1 X101.443 Y123.163 Z2.13 E395.54618
G1 X100.777 Y122.705 Z2.132 E395.60667
G1 X100.114 Y122.196 Z2.135 E395.66922
G1 X99.489 Y121.662 Z2.138 E395.73074
G1 X98.898 Y121.102 Z2.14 E395.79167
G1 X98.334 Y120.506 Z2.143 E395.85307
G1 X97.802 Y119.883 Z2.145 E395.91438
G1 X97.294 Y119.222 Z2.148 E395.97677
G1 X96.837 Y118.557 Z2.15 E396.03715
G1 X96.4 Y117.843 Z2.153 E396.0998
G1 X96.008 Y117.121 Z2.155 E396.16128
G1 X95.654 Y116.379 Z2.158 E396.2228
G1 X95.345 Y115.631 Z2.16 E396.28337
G1 X95.069 Y114.854 Z2.162 E396.34508
G1 X94.833 Y114.056 Z2.165 E396.40735
G1 X94.642 Y113.257 Z2.168 E396.46883
G1 X94.492 Y112.448 Z2.17 E396.5304
G1 X94.387 Y111.649 Z2.172 E396.59071
G1 X94.322 Y110.824 Z2.175 E396.65264
G1 X94.3 Y110.008 Z2.177 E396.71373
G1 X94.322 Y109.171 Z2.18 E396.77639
G1 X94.387 Y108.351 Z2.183 E396.83795
G1 X94.492 Y107.552 Z2.185 E396.89826
G1 X94.642 Y106.743 Z2.187 E396.95983
G1 X94.833 Y105.944 Z2.19 E397.02131
G1 X95.071 Y105.141 Z2.193 E397.08399
G1 X95.346 Y104.366 Z2.195 E397.14553
G1 X95.654 Y103.621 Z2.197 E397.20586
G1 X96.008 Y102.879 Z2.2 E397.26738
G1 X96.4 Y102.157 Z2.202 E397.32886
G1 X96.837 Y101.443 Z2.205 E397.39151
G1 X97.294 Y100.778 Z2.207 E397.45189
G1 X97.804 Y100.114 Z2.21 E397.51455
G1 X98.338 Y99.489 Z2.213 E397.57607
G1 X98.898 Y98.898 Z2.215 E397.637
G1 X99.489 Y98.338 Z2.217 E397.69793
G1 X100.114 Y97.804 Z2.22 E397.75944
G1 X100.778 Y97.294 Z2.223 E397.8221
G1 X101.443 Y96.837 Z2.225 E397.88249
G1 X102.151 Y96.403 Z2.228 E397.94463
G1 X102.874 Y96.011 Z2.23 E398.00618
G1 X103.618 Y95.656 Z2.233 E398.06787
G1 X104.366 Y95.346 Z2.235 E398.12846
G1 X105.146 Y95.069 Z2.237 E398.19041
G1 X105.937 Y94.835 Z2.24 E398.25214
G1 X106.739 Y94.643 Z2.243 E398.31385
G1 X107.552 Y94.492 Z2.245 E398.37573
G1 X108.351 Y94.387 Z2.247 E398.43604
G1 X109.176 Y94.322 Z2.25 E398.49797
G1 X110 Y94.3 Z2.253 E398.55966
G1 X110.824 Y94.322 Z2.255 E398.62135
G1 X111.649 Y94.387 Z2.258 E398.68328
G1 X112.448 Y94.492 Z2.26 E398.74358
G1 X113.261 Y94.643 Z2.262 E398.80547
G1 X114.063 Y94.835 Z2.265 E398.86718
G1 X114.854 Y95.069 Z2.268 E398.92891
G1 X115.634 Y95.346 Z2.27 E398.99085
G1 X116.382 Y95.656 Z2.272 E399.05145
G1 X117.126 Y96.011 Z2.275 E399.11314
G1 X117.849 Y96.403 Z2.278 E399.17469
G1 X118.557 Y96.837 Z2.28 E399.23683
G1 X119.222 Y97.294 Z2.282 E399.29722
G1 X119.886 Y97.804 Z2.285 E399.35987
G1 X120.511 Y98.338 Z2.288 E399.42139
G1 X121.102 Y98.898 Z2.29 E399.48232
G1 X121.662 Y99.489 Z2.292 E399.54325
G1 X122.196 Y100.114 Z2.295 E399.60477
G1 X122.706 Y100.778 Z2.298 E399.66743
G1 X123.163 Y101.443 Z2.3 E399.72781
G1 X123.6 Y102.157 Z2.303 E399.79046
G1 X123.992 Y102.879 Z2.305 E399.85194
G1 X124.346 Y103.621 Z2.308 E399.91346
G1 X124.654 Y104.366 Z2.31 E399.97379
G1 X124.929 Y105.141 Z2.312 E400.03533
G1 X125.163 Y105.929 Z2.315 E400.09685
G1 X125.358 Y106.743 Z2.318 E400.15949
G1 X125.508 Y107.552 Z2.32 E400.22106
G1 X125.613 Y108.351 Z2.322 E400.28137
G1 X125.678 Y109.171 Z2.325 E400.34293
G1 X125.7 Y109.992 Z2.327 E400.40439
G1 X125.678 Y110.824 Z2.33 E400.46668
G1 X125.613 Y111.649 Z2.333 E400.52861
G1 X125.508 Y112.448 Z2.335 E400.58891
G1 X125.358 Y113.257 Z2.337 E400.65049
G1 X125.167 Y114.056 Z2.34 E400.71197
G1 X124.931 Y114.854 Z2.343 E400.77424
G1 X124.655 Y115.631 Z2.345 E400.83595
G1 X124.346 Y116.379 Z2.347 E400.89651
G1 X123.992 Y117.121 Z2.35 E400.95804
G1 X123.6 Y117.843 Z2.352 E401.01952
G1 X123.163 Y118.557 Z2.355 E401.08217
G1 X122.706 Y119.222 Z2.357 E401.14255
G1 X122.198 Y119.883 Z2.36 E401.20494
G1 X121.666 Y120.506 Z2.363 E401.26625
G1 X121.102 Y121.102 Z2.365 E401.32765
G1 X120.511 Y121.662 Z2.367 E401.38858
G1 X119.886 Y122.196 Z2.37 E401.4501
G1 X119.223 Y122.705 Z2.373 E401.51265
G1 X118.557 Y123.163 Z2.375 E401.57314
G1 X117.849 Y123.597 Z2.378 E401.63529
G1 X117.126 Y123.989 Z2.38 E401.69683
G1 X116.382 Y124.344 Z2.383 E401.75853
G1 X115.634 Y124.654 Z2.385 E401.81912
G1 X114.854 Y124.931 Z2.387 E401.88106
G1 X114.063 Y125.165 Z2.39 E401.94279
G1 X113.261 Y125.357 Z2.393 E402.00451
G1 X112.448 Y125.508 Z2.395 E402.06639
G1 X111.649 Y125.613 Z2.397 E402.1267
G1 X110.824 Y125.678 Z2.4 E402.18863
;TIME_ELAPSED:256.050728
;LAYER:7
;TYPE:WALL-OUTER
;MESH:flow_cal_cylinder_32x30.stl
G1 X110 Y125.7 Z2.403 E402.25031
G1 X109.176 Y125.678 Z2.405 E402.312
G1 X108.351 Y125.613 Z2.408 E402.37393
G1 X107.552 Y125.508 Z2.41 E402.43424
G1 X106.739 Y125.357 Z2.412 E402.49612
G1 X105.937 Y125.165 Z2.415 E402.55784
G1 X105.146 Y124.931 Z2.418 E402.61957
G1 X104.366 Y124.654 Z2.42 E402.68151
G1 X103.618 Y124.344 Z2.422 E402.7421
G1 X102.874 Y123.989 Z2.425 E402.8038
G1 X102.151 Y123.597 Z2.428 E402.86534
G1 X101.443 Y123.163 Z2.43 E402.92749
G1 X100.777 Y122.705 Z2.432 E402.98798
G1 X100.114 Y122.196 Z2.435 E403.05053
G1 X99.489 Y121.662 Z2.438 E403.11205
G1 X98.898 Y121.102 Z2.44 E403.17298
G1 X98.334 Y120.506 Z2.443 E403.23438
G1 X97.802 Y119.883 Z2.445 E403.29569
G1 X97.294 Y119.222 Z2.448 E403.35808
G1 X96.837 Y118.557 Z2.45 E403.41846
G1 X96.4 Y117.843 Z2.453 E403.48111
G1 X96.008 Y117.121 Z2.455 E403.54259
G1 X95.654 Y116.379 Z2.458 E403.60412
G1 X95.345 Y115.631 Z2.46 E403.66468
G1 X95.069 Y114.854 Z2.462 E403.72639
G1 X94.833 Y114.056 Z2.465 E403.78866
G1 X94.642 Y113.257 Z2.468 E403.85014
G1 X94.492 Y112.448 Z2.47 E403.91172
G1 X94.387 Y111.649 Z2.472 E403.97202
G1 X94.322 Y110.824 Z2.475 E404.03395
G1 X94.3 Y110.008 Z2.477 E404.09504
G1 X94.322 Y109.171 Z2.48 E404.1577
G1 X94.387 Y108.351 Z2.483 E404.21926
G1 X94.492 Y107.552 Z2.485 E404.27957
G1 X94.642 Y106.743 Z2.487 E404.34114
G1 X94.833 Y105.944 Z2.49 E404.40262
G1 X95.071 Y105.141 Z2.493 E404.4653
G1 X95.346 Y104.366 Z2.495 E404.52684
G1 X95.654 Y103.621 Z2.497 E404.58717
G1 X96.008 Y102.879 Z2.5 E404.64869
G1 X96.4 Y102.157 Z2.502 E404.71017
G1 X96.837 Y101.443 Z2.505 E404.77282
G1 X97.294 Y100.778 Z2.507 E404.8332
G1 X97.804 Y100.114 Z2.51 E404.89586
G1 X98.338 Y99.489 Z2.513 E404.95738
G1 X98.898 Y98.898 Z2.515 E405.01831
G1 X99.489 Y98.338 Z2.517 E405.07924
G1 X100.114 Y97.804 Z2.52 E405.14076
G1 X100.778 Y97.294 Z2.523 E405.20341
G1 X101.443 Y96.837 Z2.525 E405.2638
G1 X102.151 Y96.403 Z2.528 E405.32594
G1 X102.874 Y96.011 Z2.53 E405.38749
G1 X103.618 Y95.656 Z2.533 E405.44918
G1 X104.366 Y95.346 Z2.535 E405.50977
G1 X105.146 Y95.069 Z2.537 E405.57172
G1 X105.937 Y94.835 Z2.54 E405.63345
G1 X106.739 Y94.643 Z2.543 E405.69516
G1 X107.552 Y94.492 Z2.545 E405.75704
G1 X108.351 Y94.387 Z2.547 E405.81735
G1 X109.176 Y94.322 Z2.55 E405.87928
G1 X110 Y94.3 Z2.553 E405.94097
G1 X110.824 Y94.322 Z2.555 E406.00266
G1 X111.649 Y94.387 Z2.558 E406.06459
G1 X112.448 Y94.492 Z2.56 E406.1249
G1 X113.261 Y94.643 Z2.562 E406.18678
G1 X114.063 Y94.835 Z2.565 E406.24849
G1 X114.854 Y95.069 Z2.568 E406.31022
G1 X115.634 Y95.346 Z2.57 E406.37217
G1 X116.382 Y95.656 Z2.572 E406.43276
G1 X117.126 Y96.011 Z2.575 E406.49445
G1 X117.849 Y96.403 Z2.578 E406.556
G1 X118.557 Y96.837 Z2.58 E406.61814
G1 X119.222 Y97.294 Z2.582 E406.67853
G1 X119.886 Y97.804 Z2.585 E406.74118
G1 X120.511 Y98.338 Z2.588 E406.8027
G1 X121.102 Y98.898 Z2.59 E406.86363
G1 X121.662 Y99.489 Z2.592 E406.92456
G1 X122.196 Y100.114 Z2.595 E406.98608
G1 X122.706 Y100.778 Z2.598 E407.04874
G1 X123.163 Y101.443 Z2.6 E407.10912
G1 X123.6 Y102.157 Z2.603 E407.17177
G1 X123.992 Y102.879 Z2.605 E407.23325
G1 X124.346 Y103.621 Z2.608 E407.29477
G1 X124.654 Y104.366 Z2.61 E407.3551
G1 X124.929 Y105.141 Z2.612 E407.41664
G1 X125.163 Y105.929 Z2.615 E407.47816
G1 X125.358 Y106.743 Z2.618 E407.5408
G1 X125.508 Y107.552 Z2.62 E407.60237
G1 X125.613 Y108.351 Z2.622 E407.66268
G1 X125.678 Y109.171 Z2.625 E407.72424
G1 X125.7 Y109.992 Z2.627 E407.7857
G1 X125.678 Y110.824 Z2.63 E407.84799
G1 X125.613 Y111.649 Z2.633 E407.90992
G1 X125.508 Y112.448 Z2.635 E407.97022
G1 X125.358 Y113.257 Z2.637 E408.0318
G1 X125.167 Y114.056 Z2.64 E408.09328
G1 X124.931 Y114.854 Z2.643 E408.15555
G1 X124.655 Y115.631 Z2.645 E408.21726
G1 X124.346 Y116.379 Z2.647 E408.27782
G1 X123.992 Y117.121 Z2.65 E408.33935
G1 X123.6 Y117.843 Z2.652 E408.40083
G1 X123.163 Y118.557 Z2.655 E408.46348
G1 X122.706 Y119.222 Z2.657 E408.52386
G1 X122.198 Y119.883 Z2.66 E408.58625
G1 X121.666 Y120.506 Z2.663 E408.64756
G1 X121.102 Y121.102 Z2.665 E408.70896
G1 X120.511 Y121.662 Z2.667 E408.76989
G1 X119.886 Y122.196 Z2.67 E408.83141
G1 X119.223 Y122.705 Z2.673 E408.89396
G1 X118.557 Y123.163 Z2.675 E408.95445
G1 X117.849 Y123.597 Z2.678 E409.0166
G1 X117.126 Y123.989 Z2.68 E409.07814
G1 X116.382 Y124.344 Z2.683 E409.13984
G1 X115.634 Y124.654 Z2.685 E409.20043
G1 X114.854 Y124.931 Z2.687 E409.26237
G1 X114.063 Y125.165 Z2.69 E409.3241
G1 X113.261 Y125.357 Z2.693 E409.38582
G1 X112.448 Y125.508 Z2.695 E409.4477
G1 X111.649 Y125.613 Z2.697 E409.50801
G1 X110.824 Y125.678 Z2.7 E409.56994
;TIME_ELAPSED:259.389264
;LAYER:8
;TYPE:WALL-OUTER
;MESH:flow_cal_cylinder_32x30.stl
G1 X110 Y125.7 Z2.703 E409.63163
G1 X109.176 Y125.678 Z2.705 E409.69331
G1 X108.351 Y125.613 Z2.708 E409.75524
G1 X107.552 Y125.508 Z2.71 E409.81555
G1 X106.739 Y125.357 Z2.712 E409.87743
G1 X105.937 Y125.165 Z2.715 E409.93915
G1 X105.146 Y124.931 Z2.718 E410.00088
G1 X104.366 Y124.654 Z2.72 E410.06282
G1 X103.618 Y124.344 Z2.722 E410.12341
G1 X102.874 Y123.989 Z2.725 E410.18511
G1 X102.151 Y123.597 Z2.728 E410.24665
G1 X101.443 Y123.163 Z2.73 E410.3088
G1 X100.777 Y122.705 Z2.732 E410.36929
G1 X100.114 Y122.196 Z2.735 E410.43184
G1 X99.489 Y121.662 Z2.738 E410.49336
G1 X98.898 Y121.102 Z2.74 E410.55429
G1 X98.334 Y120.506 Z2.743 E410.61569
G1 X97.802 Y119.883 Z2.745 E410.677
G1 X97.294 Y119.222 Z2.748 E410.73939
G1 X96.837 Y118.557 Z2.75 E410.79977
G1 X96.4 Y117.843 Z2.753 E410.86242
G1 X96.008 Y117.121 Z2.755 E410.9239
G1 X95.654 Y116.379 Z2.758 E410.98543
G1 X95.345 Y115.631 Z2.76 E411.04599
G1 X95.069 Y114.854 Z2.762 E411.1077
G1 X94.833 Y114.056 Z2.765 E411.16997
G1 X94.642 Y113.257 Z2.768 E411.23145
G1 X94.492 Y112.448 Z2.77 E411.29303
G1 X94.387 Y111.649 Z2.772 E411.35333
G1 X94.322 Y110.824 Z2.775 E411.41526
G1 X94.3 Y110.008 Z2.777 E411.47635
G1 X94.322 Y109.171 Z2.78 E411.53901
G1 X94.387 Y108.351 Z2.783 E411.60057
G1 X94.492 Y107.552 Z2.785 E411.66088
G1 X94.642 Y106.743 Z2.787 E411.72245
G1 X94.833 Y105.944 Z2.79 E411.78393
G1 X95.071 Y105.141 Z2.793 E411.84661
G1 X95.346 Y104.366 Z2.795 E411.90815
G1 X95.654 Y103.621 Z2.797 E411.96848
G1 X96.008 Y102.879 Z2.8 E412.03
G1 X96.4 Y102.157 Z2.802 E412.09148
G1 X96.837 Y101.443 Z2.805 E412.15413
G1 X97.294 Y100.778 Z2.807 E412.21451
G1 X97.804 Y100.114 Z2.81 E412.27717
G1 X98.338 Y99.489 Z2.813 E412.33869
G1 X98.898 Y98.898 Z2.815 E412.39962
G1 X99.489 Y98.338 Z2.817 E412.46055
G1 X100.114 Y97.804 Z2.82 E412.52207
G1 X100.778 Y97.294 Z2.823 E412.58472
G1 X101.443 Y96.837 Z2.825 E412.64511
G1 X102.151 Y96.403 Z2.828 E412.70725
G1 X102.874 Y96.011 Z2.83 E412.7688
G1 X103.618 Y95.656 Z2.833 E412.83049
G1 X104.366 Y95.346 Z2.835 E412.89109
G1 X105.146 Y95.069 Z2.837 E412.95303
G1 X105.937 Y94.835 Z2.84 E413.01476
G1 X106.739 Y94.643 Z2.843 E413.07647
G1 X107.552 Y94.492 Z2.845 E413.13836
G1 X108.351 Y94.387 Z2.847 E413.19866
G1 X109.176 Y94.322 Z2.85 E413.26059
G1 X110 Y94.3 Z2.853 E413.32228
G1 X110.824 Y94.322 Z2.855 E413.38397
G1 X111.649 Y94.387 Z2.858 E413.4459
G1 X112.448 Y94.492 Z2.86 E413.50621
G1 X113.261 Y94.643 Z2.862 E413.56809
G1 X114.063 Y94.835 Z2.865 E413.6298
G1 X114.854 Y95.069 Z2.868 E413.69153
G1 X115.634 Y95.346 Z2.87 E413.75348
G1 X116.382 Y95.656 Z2.872 E413.81407
G1 X117.126 Y96.011 Z2.875 E413.87576
G1 X117.849 Y96.403 Z2.878 E413.93731
G1 X118.557 Y96.837 Z2.88 E413.99945
G1 X119.222 Y97.294 Z2.882 E414.05984
G1 X119.886 Y97.804 Z2.885 E414.1225
G1 X120.511 Y98.338 Z2.888 E414.18401
G1 X121.102 Y98.898 Z2.89 E414.24494
G1 X121.662 Y99.489 Z2.892 E414.30587
G1 X122.196 Y100.114 Z2.895 E414.36739
G1 X122.706 Y100.778 Z2.898 E414.43005
G1 X123.163 Y101.443 Z2.9 E414.49043
G1 X123.6 Y102.157 Z2.903 E414.55308
G1 X123.992 Y102.879 Z2.905 E414.61456
G1 X124.346 Y103.621 Z2.908 E414.67608
G1 X124.654 Y104.366 Z2.91 E414.73641
G1 X124.929 Y105.141 Z2.912 E414.79795
G1 X125.163 Y105.929 Z2.915 E414.85947
G1 X125.358 Y106.743 Z2.918 E414.92211
G1 X125.508 Y107.552 Z2.92 E414.98368
G1 X125.613 Y108.351 Z2.922 E415.04399
G1 X125.678 Y109.171 Z2.925 E415.10555
G1 X125.7 Y109.992 Z2.927 E415.16701
G1 X125.678 Y110.824 Z2.93 E415.2293
G1 X125.613 Y111.649 Z2.933 E415.29123
G1 X125.508 Y112.448 Z2.935 E415.35154
G1 X125.358 Y113.257 Z2.937 E415.41311
G1 X125.167 Y114.056 Z2.94 E415.47459
G1 X124.931 Y114.854 Z2.943 E415.53686
G1 X124.655 Y115.631 Z2.945 E415.59857
G1 X124.346 Y116.379 Z2.947 E415.65914
G1 X123.992 Y117.121 Z2.95 E415.72066
G1 X123.6 Y117.843 Z2.952 E415.78214
G1 X123.163 Y118.557 Z2.955 E415.84479
G1 X122.706 Y119.222 Z2.957 E415.90517
G1 X122.198 Y119.883 Z2.96 E415.96756
G1 X121.666 Y120.506 Z2.963 E416.02887
G1 X121.102 Y121.102 Z2.965 E416.09027
G1 X120.511 Y121.662 Z2.967 E416.1512
G1 X119.886 Y122.196 Z2.97 E416.21272
G1 X119.223 Y122.705 Z2.973 E416.27527
G1 X118.557 Y123.163 Z2.975 E416.33576
G1 X117.849 Y123.597 Z2.978 E416.39791
G1 X117.126 Y123.989 Z2.98 E416.45946
G1 X116.382 Y124.344 Z2.983 E416.52115
G1 X115.634 Y124.654 Z2.985 E416.58174
G1 X114.854 Y124.931 Z2.987 E416.64368
G1 X114.063 Y125.165 Z2.99 E416.70541
G1 X113.261 Y125.357 Z2.993 E416.76713
G1 X112.448 Y125.508 Z2.995 E416.82901
G1 X111.649 Y125.613 Z2.997 E416.88932
G1 X110.824 Y125.678 Z3 E416.95125
;TIME_ELAPSED:262.727799
;LAYER:9
;TYPE:WALL-OUTER
;MESH:flow_cal_cylinder_32x30.stl
G1 X110 Y125.7 Z3.003 E417.01294
G1 X109.176 Y125.678 Z3.005 E417.07462
G1 X108.351 Y125.613 Z3.008 E417.13655
G1 X107.552 Y125.508 Z3.01 E417.19686
G1 X106.739 Y125.357 Z3.012 E417.25874
G1 X105.937 Y125.165 Z3.015 E417.32046
G1 X105.146 Y124.931 Z3.018 E417.38219
G1 X104.366 Y124.654 Z3.02 E417.44413
G1 X103.618 Y124.344 Z3.022 E417.50473
G1 X102.874 Y123.989 Z3.025 E417.56642
G1 X102.151 Y123.597 Z3.028 E417.62796
G1 X101.443 Y123.163 Z3.03 E417.69011
G1 X100.777 Y122.705 Z3.032 E417.7506
G1 X100.114 Y122.196 Z3.035 E417.81315
G1 X99.489 Y121.662 Z3.038 E417.87467
G1 X98.898 Y121.102 Z3.04 E417.9356
G1 X98.334 Y120.506 Z3.043 E417.99701
G1 X97.802 Y119.883 Z3.045 E418.05831
G1 X97.294 Y119.222 Z3.048 E418.1207
G1 X96.837 Y118.557 Z3.05 E418.18109
G1 X96.4 Y117.843 Z3.053 E418.24373
G1 X96.008 Y117.121 Z3.055 E418.30521
G1 X95.654 Y116.379 Z3.058 E418.36674
G1 X95.345 Y115.631 Z3.06 E418.4273
G1 X95.069 Y114.854 Z3.062 E418.48901
G1 X94.833 Y114.056 Z3.065 E418.55128
G1 X94.642 Y113.257 Z3.068 E418.61276
G1 X94.492 Y112.448 Z3.07 E418.67434
G1 X94.387 Y111.649 Z3.072 E418.73464
G1 X94.322 Y110.824 Z3.075 E418.79658
G1 X94.3 Y110.008 Z3.077 E418.85766
G1 X94.322 Y109.171 Z3.08 E418.92032
G1 X94.387 Y108.351 Z3.083 E418.98188
G1 X94.492 Y107.552 Z3.085 E419.04219
G1 X94.642 Y106.743 Z3.087 E419.10376
G1 X94.833 Y105.944 Z3.09 E419.16524
G1 X95.071 Y105.141 Z3.093 E419.22792
G1 X95.346 Y104.366 Z3.095 E419.28946
G1 X95.654 Y103.621 Z3.097 E419.34979
G1 X96.008 Y102.879 Z3.1 E419.41131
G1 X96.4 Y102.157 Z3.102 E419.47279
G1 X96.837 Y101.443 Z3.105 E419.53544
G1 X97.294 Y100.778 Z3.107 E419.59582
G1 X97.804 Y100.114 Z3.11 E419.65848
G1 X98.338 Y99.489 Z3.113 E419.72
G1 X98.898 Y98.898 Z3.115 E419.78093
G1 X99.489 Y98.338 Z3.117 E419.84186
G1 X100.114 Y97.804 Z3.12 E419.90338
G1 X100.778 Y97.294 Z3.123 E419.96603
G1 X101.443 Y96.837 Z3.125 E420.02642
G1 X102.151 Y96.403 Z3.128 E420.08856
G1 X102.874 Y96.011 Z3.13 E420.15011
G1 X103.618 Y95.656 Z3.133 E420.2118
G1 X104.366 Y95.346 Z3.135 E420.2724
G1 X105.146 Y95.069 Z3.137 E420.33434
G1 X105.937 Y94.835 Z3.14 E420.39607
G1 X106.739 Y94.643 Z3.143 E420.45778
G1 X107.552 Y94.492 Z3.145 E420.51967
G1 X108.351 Y94.387 Z3.147 E420.57997
G1 X109.176 Y94.322 Z3.15 E420.6419
G1 X110 Y94.3 Z3.153 E420.70359
G1 X110.824 Y94.322 Z3.155 E420.76528
G1 X111.649 Y94.387 Z3.158 E420.82721
G1 X112.448 Y94.492 Z3.16 E420.88752
G1 X113.261 Y94.643 Z3.162 E420.9494
G1 X114.063 Y94.835 Z3.165 E421.01111
G1 X114.854 Y95.069 Z3.168 E421.07284
G1 X115.634 Y95.346 Z3.17 E421.13479
G1 X116.382 Y95.656 Z3.172 E421.19538
G1 X117.126 Y96.011 Z3.175 E421.25707
G1 X117.849 Y96.403 Z3.178 E421.31862
G1 X118.557 Y96.837 Z3.18 E421.38076
G1 X119.222 Y97.294 Z3.182 E421.44115
G1 X119.886 Y97.804 Z3.185 E421.50381
G1 X120.511 Y98.338 Z3.188 E421.56533
G1 X121.102 Y98.898 Z3.19 E421.62625
G1 X121.662 Y99.489 Z3.192 E421.68718
G1 X122.196 Y100.114 Z3.195 E421.7487
G1 X122.706 Y100.778 Z3.198 E421.81136
G1 X123.163 Y101.443 Z3.2 E421.87174
G1 X123.6 Y102.157 Z3.203 E421.93439
G1 X123.992 Y102.879 Z3.205 E421.99587
G1 X124.346 Y103.621 Z3.208 E422.0574
G1 X124.654 Y104.366 Z3.21 E422.11772
G1 X124.929 Y105.141 Z3.212 E422.17927
G1 X125.163 Y105.929 Z3.215 E422.24078
G1 X125.358 Y106.743 Z3.218 E422.30342
G1 X125.508 Y107.552 Z3.22 E422.36499
G1 X125.613 Y108.351 Z3.222 E422.4253
G1 X125.678 Y109.171 Z3.225 E422.48686
G1 X125.7 Y109.992 Z3.227 E422.54832
G1 X125.678 Y110.824 Z3.23 E422.61061
G1 X125.613 Y111.649 Z3.233 E422.67254
G1 X125.508 Y112.448 Z3.235 E422.73285
G1 X125.358 Y113.257 Z3.237 E422.79442
G1 X125.167 Y114.056 Z3.24 E422.8559
G1 X124.931 Y114.854 Z3.243 E422.91817
G1 X124.655 Y115.631 Z3.245 E422.97988
G1 X124.346 Y116.379 Z3.247 E423.04045
G1 X123.992 Y117.121 Z3.25 E423.10197
G1 X123.6 Y117.843 Z3.252 E423.16345
G1 X123.163 Y118.557 Z3.255 E423.2261
G1 X122.706 Y119.222 Z3.257 E423.28648
G1 X122.198 Y119.883 Z3.26 E423.34887
G1 X121.666 Y120.506 Z3.263 E423.41018
G1 X121.102 Y121.102 Z3.265 E423.47158
G1 X120.511 Y121.662 Z3.267 E423.53251
G1 X119.886 Y122.196 Z3.27 E423.59403
G1 X119.223 Y122.705 Z3.273 E423.65658
G1 X118.557 Y123.163 Z3.275 E423.71707
G1 X117.849 Y123.597 Z3.278 E423.77922
G1 X117.126 Y123.989 Z3.28 E423.84077
G1 X116.382 Y124.344 Z3.283 E423.90246
G1 X115.634 Y124.654 Z3.285 E423.96305
G1 X114.854 Y124.931 Z3.287 E424.02499
G1 X114.063 Y125.165 Z3.29 E424.08673
G1 X113.261 Y125.357 Z3.293 E424.14844
G1 X112.448 Y125.508 Z3.295 E424.21032
G1 X111.649 Y125.613 Z3.297 E424.27063
G1 X110.824 Y125.678 Z3.3 E424.33256
;TIME_ELAPSED:266.066335
;LAYER:10
;TYPE:WALL-OUTER
;MESH:flow_cal_cylinder_32x30.stl
G1 X110 Y125.7 Z3.303 E424.39425
G1 X109.176 Y125.678 Z3.305 E424.45593
G1 X108.351 Y125.613 Z3.308 E424.51786
G1 X107.552 Y125.508 Z3.31 E424.57817
G1 X106.739 Y125.357 Z3.312 E424.64005
G1 X105.937 Y125.165 Z3.315 E424.70177
G1 X105.146 Y124.931 Z3.318 E424.7635
G1 X104.366 Y124.654 Z3.32 E424.82544
G1 X103.618 Y124.344 Z3.322 E424.88604
G1 X102.874 Y123.989 Z3.325 E424.94773
G1 X102.151 Y123.597 Z3.328 E425.00927
G1 X101.443 Y123.163 Z3.33 E425.07142
G1 X100.777 Y122.705 Z3.332 E425.13191
G1 X100.114 Y122.196 Z3.335 E425.19446
G1 X99.489 Y121.662 Z3.338 E425.25598
G1 X98.898 Y121.102 Z3.34 E425.31691
G1 X98.334 Y120.506 Z3.343 E425.37832
G1 X97.802 Y119.883 Z3.345 E425.43962
G1 X97.294 Y119.222 Z3.348 E425.50201
G1 X96.837 Y118.557 Z3.35 E425.5624
G1 X96.4 Y117.843 Z3.353 E425.62504
G1 X96.008 Y117.121 Z3.355 E425.68652
G1 X95.654 Y116.379 Z3.358 E425.74805
G1 X95.345 Y115.631 Z3.36 E425.80861
G1 X95.069 Y114.854 Z3.362 E425.87032
G1 X94.833 Y114.056 Z3.365 E425.93259
G1 X94.642 Y113.257 Z3.368 E425.99407
G1 X94.492 Y112.448 Z3.37 E426.05565
G1 X94.387 Y111.649 Z3.372 E426.11595
G1 X94.322 Y110.824 Z3.375 E426.17789
G1 X94.3 Y110.008 Z3.377 E426.23897
G1 X94.322 Y109.171 Z3.38 E426.30163
G1 X94.387 Y108.351 Z3.383 E426.36319
G1 X94.492 Y107.552 Z3.385 E426.4235
G1 X94.642 Y106.743 Z3.387 E426.48507
G1 X94.833 Y105.944 Z3.39 E426.54655
G1 X95.071 Y105.141 Z3.393 E426.60923
G1 X95.346 Y104.366 Z3.395 E426.67077
G1 X95.654 Y103.621 Z3.397 E426.7311
G1 X96.008 Y102.879 Z3.4 E426.79262
G1 X96.4 Y102.157 Z3.402 E426.8541
G1 X96.837 Y101.443 Z3.405 E426.91675
G1 X97.294 Y100.778 Z3.407 E426.97713
G1 X97.804 Y100.114 Z3.41 E427.03979
G1 X98.338 Y99.489 Z3.413 E427.10131
G1 X98.898 Y98.898 Z3.415 E427.16224
G1 X99.489 Y98.338 Z3.417 E427.22317
G1 X100.114 Y97.804 Z3.42 E427.28469
G1 X100.778 Y97.294 Z3.423 E427.34734
G1 X101.443 Y96.837 Z3.425 E427.40773
G1 X102.151 Y96.403 Z3.428 E427.46987
G1 X102.874 Y96.011 Z3.43 E427.53142
G1 X103.618 Y95.656 Z3.433 E427.59311
G1 X104.366 Y95.346 Z3.435 E427.65371
G1 X105.146 Y95.069 Z3.437 E427.71565
G1 X105.937 Y94.835 Z3.44 E427.77738
G1 X106.739 Y94.643 Z3.443 E427.83909
G1 X107.552 Y94.492 Z3.445 E427.90098
G1 X108.351 Y94.387 Z3.447 E427.96128
G1 X109.176 Y94.322 Z3.45 E428.02322
G1 X110 Y94.3 Z3.453 E428.0849
G1 X110.824 Y94.322 Z3.455 E428.14659
G1 X111.649 Y94.387 Z3.458 E428.20852
G1 X112.448 Y94.492 Z3.46 E428.26883
G1 X113.261 Y94.643 Z3.462 E428.33071
G1 X114.063 Y94.835 Z3.465 E428.39242
G1 X114.854 Y95.069 Z3.468 E428.45415
G1 X115.634 Y95.346 Z3.47 E428.5161
G1 X116.382 Y95.656 Z3.472 E428.57669
G1 X117.126 Y96.011 Z3.475 E428.63838
G1 X117.849 Y96.403 Z3.478 E428.69993
G1 X118.557 Y96.837 Z3.48 E428.76208
G1 X119.222 Y97.294 Z3.482 E428.82246
G1 X119.886 Y97.804 Z3.485 E428.88512
G1 X120.511 Y98.338 Z3.488 E428.94664
G1 X121.102 Y98.898 Z3.49 E429.00757
G1 X121.662 Y99.489 Z3.492 E429.06849
G1 X122.196 Y100.114 Z3.495 E429.13001
G1 X122.706 Y100.778 Z3.498 E429.19267
G1 X123.163 Y101.443 Z3.5 E429.25305
G1 X123.6 Y102.157 Z3.503 E429.3157
G1 X123.992 Y102.879 Z3.505 E429.37718
G1 X124.346 Y103.621 Z3.508 E429.43871
G1 X124.654 Y104.366 Z3.51 E429.49904
G1 X124.929 Y105.141 Z3.512 E429.56058
G1 X125.163 Y105.929 Z3.515 E429.62209
G1 X125.358 Y106.743 Z3.518 E429.68473
G1 X125.508 Y107.552 Z3.52 E429.74631
G1 X125.613 Y108.351 Z3.522 E429.80661
G1 X125.678 Y109.171 Z3.525 E429.86817
G1 X125.7 Y109.992 Z3.527 E429.92963
G1 X125.678 Y110.824 Z3.53 E429.99192
G1 X125.613 Y111.649 Z3.533 E430.05385
G1 X125.508 Y112.448 Z3.535 E430.11416
G1 X125.358 Y113.257 Z3.537 E430.17573
G1 X125.167 Y114.056 Z3.54 E430.23721
G1 X124.931 Y114.854 Z3.543 E430.29948
G1 X124.655 Y115.631 Z3.545 E430.36119
G1 X124.346 Y116.379 Z3.547 E430.42176
G1 X123.992 Y117.121 Z3.55 E430.48328
G1 X123.6 Y117.843 Z3.552 E430.54476
G1 X123.163 Y118.557 Z3.555 E430.60741
G1 X122.706 Y119.222 Z3.557 E430.66779
G1 X122.198 Y119.883 Z3.56 E430.73018
G1 X121.666 Y120.506 Z3.563 E430.79149
G1 X121.102 Y121.102 Z3.565 E430.85289
G1 X120.511 Y121.662 Z3.567 E430.91382
G1 X119.886 Y122.196 Z3.57 E430.97534
G1 X119.223 Y122.705 Z3.573 E431.0379
G1 X118.557 Y123.163 Z3.575 E431.09838
G1 X117.849 Y123.597 Z3.578 E431.16053
G1 X117.126 Y123.989 Z3.58 E431.22208
G1 X116.382 Y124.344 Z3.583 E431.28377
G1 X115.634 Y124.654 Z3.585 E431.34436
G1 X114.854 Y124.931 Z3.587 E431.40631
G1 X114.063 Y125.165 Z3.59 E431.46804
G1 X113.261 Y125.357 Z3.593 E431.52975
G1 X112.448 Y125.508 Z3.595 E431.59163
G1 X111.649 Y125.613 Z3.597 E431.65194
G1 X110.824 Y125.678 Z3.6 E431.71387
;TIME_ELAPSED:269.404871
;LAYER:11
;TYPE:WALL-OUTER
;MESH:flow_cal_cylinder_32x30.stl
G1 X110 Y125.7 Z3.603 E431.77556
G1 X109.176 Y125.678 Z3.605 E431.83724
G1 X108.351 Y125.613 Z3.608 E431.89917
G1 X107.552 Y125.508 Z3.61 E431.95948
G1 X106.739 Y125.357 Z3.612 E432.02136
G1 X105.937 Y125.165 Z3.615 E432.08308
G1 X105.146 Y124.931 Z3.618 E432.14481
G1 X104.366 Y124.654 Z3.62 E432.20675
G1 X103.618 Y124.344 Z3.622 E432.26735
G1 X102.874 Y123.989 Z3.625 E432.32904
G1 X102.151 Y123.597 Z3.628 E432.39059
G1 X101.443 Y123.163 Z3.63 E432.45273
G1 X100.777 Y122.705 Z3.632 E432.51322
G1 X100.114 Y122.196 Z3.635 E432.57577
G1 X99.489 Y121.662 Z3.638 E432.63729
G1 X98.898 Y121.102 Z3.64 E432.69822
G1 X98.334 Y120.506 Z3.643 E432.75963
G1 X97.802 Y119.883 Z3.645 E432.82093
G1 X97.294 Y119.222 Z3.648 E432.88332
G1 X96.837 Y118.557 Z3.65 E432.94371
G1 X96.4 Y117.843 Z3.653 E433.00635
G1 X96.008 Y117.121 Z3.655 E433.06783
G1 X95.654 Y116.379 Z3.658 E433.12936
G1 X95.345 Y115.631 Z3.66 E433.18992
G1 X95.069 Y114.854 Z3.662 E433.25163
G1 X94.833 Y114.056 Z3.665 E433.31391
G1 X94.642 Y113.257 Z3.668 E433.37538
G1 X94.492 Y112.448 Z3.67 E433.43696
G1 X94.387 Y111.649 Z3.672 E433.49727
G1 X94.322 Y110.824 Z3.675 E433.5592
G1 X94.3 Y110.008 Z3.677 E433.62028
G1 X94.322 Y109.171 Z3.68 E433.68294
G1 X94.387 Y108.351 Z3.683 E433.7445
G1 X94.492 Y107.552 Z3.685 E433.80481
G1 X94.642 Y106.743 Z3.687 E433.86638
G1 X94.833 Y105.944 Z3.69 E433.92786
G1 X95.071 Y105.141 Z3.693 E433.99054
G1 X95.346 Y104.366 Z3.695 E434.05208
G1 X95.654 Y103.621 Z3.697 E434.11241
G1 X96.008 Y102.879 Z3.7 E434.17393
G1 X96.4 Y102.157 Z3.702 E434.23541
G1 X96.837 Y101.443 Z3.705 E434.29806
G1 X97.294 Y100.778 Z3.707 E434.35844
G1 X97.804 Y100.114 Z3.71 E434.4211
G1 X98.338 Y99.489 Z3.713 E434.48262
G1 X98.898 Y98.898 Z3.715 E434.54355
G1 X99.489 Y98.338 Z3.717 E434.60448
G1 X100.114 Y97.804 Z3.72 E434.666
G1 X100.778 Y97.294 Z3.723 E434.72865
G1 X101.443 Y96.837 Z3.725 E434.78904
G1 X102.151 Y96.403 Z3.728 E434.85118
G1 X102.874 Y96.011 Z3.73 E434.91273
G1 X103.618 Y95.656 Z3.733 E434.97442
G1 X104.366 Y95.346 Z3.735 E435.03502
G1 X105.146 Y95.069 Z3.737 E435.09696
G1 X105.937 Y94.835 Z3.74 E435.15869
G1 X106.739 Y94.643 Z3.743 E435.22041
G1 X107.552 Y94.492 Z3.745 E435.28229
G1 X108.351 Y94.387 Z3.747 E435.3426
G1 X109.176 Y94.322 Z3.75 E435.40453
G1 X110 Y94.3 Z3.753 E435.46621
G1 X110.824 Y94.322 Z3.755 E435.5279
G1 X111.649 Y94.387 Z3.758 E435.58983
G1 X112.448 Y94.492 Z3.76 E435.65014
G1 X113.261 Y94.643 Z3.762 E435.71202
G1 X114.063 Y94.835 Z3.765 E435.77373
G1 X114.854 Y95.069 Z3.768 E435.83546
G1 X115.634 Y95.346 Z3.77 E435.89741
G1 X116.382 Y95.656 Z3.772 E435.958
G1 X117.126 Y96.011 Z3.775 E436.01969
G1 X117.849 Y96.403 Z3.778 E436.08124
G1 X118.557 Y96.837 Z3.78 E436.14339
G1 X119.222 Y97.294 Z3.782 E436.20377
G1 X119.886 Y97.804 Z3.785 E436.26643
G1 X120.511 Y98.338 Z3.788 E436.32795
G1 X121.102 Y98.898 Z3.79 E436.38888
G1 X121.662 Y99.489 Z3.792 E436.4498
G1 X122.196 Y100.114 Z3.795 E436.51132
G1 X122.706 Y100.778 Z3.798 E436.57398
G1 X123.163 Y101.443 Z3.8 E436.63437
G1 X123.6 Y102.157 Z3.803 E436.69701
G1 X123.992 Y102.879 Z3.805 E436.75849
G1 X124.346 Y103.621 Z3.808 E436.82002
G1 X124.654 Y104.366 Z3.81 E436.88035
G1 X124.929 Y105.141 Z3.812 E436.94189
G1 X125.163 Y105.929 Z3.815 E437.0034
G1 X125.358 Y106.743 Z3.818 E437.06604
G1 X125.508 Y107.552 Z3.82 E437.12762
G1 X125.613 Y108.351 Z3.822 E437.18792
G1 X125.678 Y109.171 Z3.825 E437.24948
G1 X125.7 Y109.992 Z3.827 E437.31094
G1 X125.678 Y110.824 Z3.83 E437.37323
G1 X125.613 Y111.649 Z3.833 E437.43516
G1 X125.508 Y112.448 Z3.835 E437.49547
G1 X125.358 Y113.257 Z3.837 E437.55704
G1 X125.167 Y114.056 Z3.84 E437.61852
G1 X124.931 Y114.854 Z3.843 E437.6808
G1 X124.655 Y115.631 Z3.845 E437.7425
G1 X124.346 Y116.379 Z3.847 E437.80307
G1 X123.992 Y117.121 Z3.85 E437.86459
G1 X123.6 Y117.843 Z3.852 E437.92607
G1 X123.163 Y118.557 Z3.855 E437.98872
G1 X122.706 Y119.222 Z3.857 E438.0491
G1 X122.198 Y119.883 Z3.86 E438.11149
G1 X121.666 Y120.506 Z3.863 E438.1728
G1 X121.102 Y121.102 Z3.865 E438.23421
G1 X120.511 Y121.662 Z3.867 E438.29513
G1 X119.886 Y122.196 Z3.87 E438.35665
G1 X119.223 Y122.705 Z3.873 E438.41921
G1 X118.557 Y123.163 Z3.875 E438.47969
G1 X117.849 Y123.597 Z3.878 E438.54184
G1 X117.126 Y123.989 Z3.88 E438.60339
G1 X116.382 Y124.344 Z3.883 E438.66508
G1 X115.634 Y124.654 Z3.885 E438.72567
G1 X114.854 Y124.931 Z3.887 E438.78762
G1 X114.063 Y125.165 Z3.89 E438.84935
G1 X113.261 Y125.357 Z3.893 E438.91106
G1 X112.448 Y125.508 Z3.895 E438.97294
G1 X111.649 Y125.613 Z3.897 E439.03325
G1 X110.824 Y125.678 Z3.9 E439.09518
;TIME_ELAPSED:272.743407
;LAYER:12
;TYPE:WALL-OUTER
;MESH:flow_cal_cylinder_32x30.stl
G1 X110 Y125.7 Z3.903 E439.15687
G1 X109.176 Y125.678 Z3.905 E439.21855
G1 X108.351 Y125.613 Z3.908 E439.28049
G1 X107.552 Y125.508 Z3.91 E439.34079
G1 X106.739 Y125.357 Z3.912 E439.40267
G1 X105.937 Y125.165 Z3.915 E439.46439
G1 X105.146 Y124.931 Z3.918 E439.52612
G1 X104.366 Y124.654 Z3.92 E439.58806
G1 X103.618 Y124.344 Z3.922 E439.64866
G1 X102.874 Y123.989 Z3.925 E439.71035
G1 X102.151 Y123.597 Z3.928 E439.7719
G1 X101.443 Y123.163 Z3.93 E439.83404
G1 X100.777 Y122.705 Z3.932 E439.89453
G1 X100.114 Y122.196 Z3.935 E439.95708
G1 X99.489 Y121.662 Z3.938 E440.0186
G1 X98.898 Y121.102 Z3.94 E440.07953
G1 X98.334 Y120.506 Z3.943 E440.14094
G1 X97.802 Y119.883 Z3.945 E440.20225
G1 X97.294 Y119.222 Z3.948 E440.26463
G1 X96.837 Y118.557 Z3.95 E440.32502
G1 X96.4 Y117.843 Z3.953 E440.38766
G1 X96.008 Y117.121 Z3.955 E440.44914
G1 X95.654 Y116.379 Z3.958 E440.51067
G1 X95.345 Y115.631 Z3.96 E440.57123
G1 X95.069 Y114.854 Z3.962 E440.63294
G1 X94.833 Y114.056 Z3.965 E440.69522
G1 X94.642 Y113.257 Z3.968 E440.75669
G1 X94.492 Y112.448 Z3.97 E440.81827
G1 X94.387 Y111.649 Z3.972 E440.87858
G1 X94.322 Y110.824 Z3.975 E440.94051
G1 X94.3 Y110.008 Z3.977 E441.0016
G1 X94.322 Y109.171 Z3.98 E441.06425
G1 X94.387 Y108.351 Z3.983 E441.12581
G1 X94.492 Y107.552 Z3.985 E441.18612
G1 X94.642 Y106.743 Z3.987 E441.24769
G1 X94.833 Y105.944 Z3.99 E441.30917
G1 X95.071 Y105.141 Z3.993 E441.37185
G1 X95.346 Y104.366 Z3.995 E441.43339
G1 X95.654 Y103.621 Z3.997 E441.49372
G1 X96.008 Y102.879 Z4 E441.55524
G1 X96.4 Y102.157 Z4.002 E441.61672
G1 X96.837 Y101.443 Z4.005 E441.67937
G1 X97.294 Y100.778 Z4.007 E441.73975
G1 X97.804 Y100.114 Z4.01 E441.80241
G1 X98.338 Y99.489 Z4.013 E441.86393
G1 X98.898 Y98.898 Z4.015 E441.92486
G1 X99.489 Y98.338 Z4.017 E441.98579
G1 X100.114 Y97.804 Z4.02 E442.04731
G1 X100.778 Y97.294 Z4.023 E442.10997
G1 X101.443 Y96.837 Z4.025 E442.17035
G1 X102.151 Y96.403 Z4.028 E442.2325
G1 X102.874 Y96.011 Z4.03 E442.29404
G1 X103.618 Y95.656 Z4.033 E442.35573
G1 X104.366 Y95.346 Z4.035 E442.41633
G1 X105.146 Y95.069 Z4.037 E442.47827
G1 X105.937 Y94.835 Z4.04 E442.54
G1 X106.739 Y94.643 Z4.043 E442.60172
G1 X107.552 Y94.492 Z4.045 E442.6636
G1 X108.351 Y94.387 Z4.047 E442.72391
G1 X109.176 Y94.322 Z4.05 E442.78584
G1 X110 Y94.3 Z4.053 E442.84752
G1 X110.824 Y94.322 Z4.055 E442.90921
G1 X111.649 Y94.387 Z4.058 E442.97114
G1 X112.448 Y94.492 Z4.06 E443.03145
G1 X113.261 Y94.643 Z4.062 E443.09333
G1 X114.063 Y94.835 Z4.065 E443.15504
G1 X114.854 Y95.069 Z4.068 E443.21678
G1 X115.634 Y95.346 Z4.07 E443.27872
G1 X116.382 Y95.656 Z4.072 E443.33931
G1 X117.126 Y96.011 Z4.075 E443.401
G1 X117.849 Y96.403 Z4.078 E443.46255
G1 X118.557 Y96.837 Z4.08 E443.5247
G1 X119.222 Y97.294 Z4.082 E443.58508
G1 X119.886 Y97.804 Z4.085 E443.64774
G1 X120.511 Y98.338 Z4.088 E443.70926
G1 X121.102 Y98.898 Z4.09 E443.77019
G1 X121.662 Y99.489 Z4.092 E443.83112
G1 X122.196 Y100.114 Z4.095 E443.89264
G1 X122.706 Y100.778 Z4.098 E443.95529
G1 X123.163 Y101.443 Z4.1 E444.01568
G1 X123.6 Y102.157 Z4.103 E444.07832
G1 X123.992 Y102.879 Z4.105 E444.1398
G1 X124.346 Y103.621 Z4.108 E444.20133
G1 X124.654 Y104.366 Z4.11 E444.26166
G1 X124.929 Y105.141 Z4.112 E444.3232
G1 X125.163 Y105.929 Z4.115 E444.38471
G1 X125.358 Y106.743 Z4.118 E444.44735
G1 X125.508 Y107.552 Z4.12 E444.50893
G1 X125.613 Y108.351 Z4.122 E444.56923
G1 X125.678 Y109.171 Z4.125 E444.63079
G1 X125.7 Y109.992 Z4.127 E444.69225
G1 X125.678 Y110.824 Z4.13 E444.75454
G1 X125.613 Y111.649 Z4.133 E444.81647
G1 X125.508 Y112.448 Z4.135 E444.87678
G1 X125.358 Y113.257 Z4.137 E444.93835
G1 X125.167 Y114.056 Z4.14 E444.99983
G1 X124.931 Y114.854 Z4.143 E445.06211
G1 X124.655 Y115.631 Z4.145 E445.12381
G1 X124.346 Y116.379 Z4.147 E445.18438
G1 X123.992 Y117.121 Z4.15 E445.2459
G1 X123.6 Y117.843 Z4.152 E445.30738
G1 X123.163 Y118.557 Z4.155 E445.37003
G1 X122.706 Y119.222 Z4.157 E445.43041
G1 X122.198 Y119.883 Z4.16 E445.4928
G1 X121.666 Y120.506 Z4.163 E445.55411
G1 X121.102 Y121.102 Z4.165 E445.61552
G1 X120.511 Y121.662 Z4.167 E445.67645
G1 X119.886 Y122.196 Z4.17 E445.73796
G1 X119.223 Y122.705 Z4.173 E445.80052
G1 X118.557 Y123.163 Z4.175 E445.861
G1 X117.849 Y123.597 Z4.178 E445.92315
G1 X117.126 Y123.989 Z4.18 E445.9847
G1 X116.382 Y124.344 Z4.183 E446.04639
G1 X115.634 Y124.654 Z4.185 E446.10698
G1 X114.854 Y124.931 Z4.187 E446.16893
G1 X114.063 Y125.165 Z4.19 E446.23066
G1 X113.261 Y125.357 Z4.193 E446.29237
G1 X112.448 Y125.508 Z4.195 E446.35425
G1 X111.649 Y125.613 Z4.197 E446.41456
G1 X110.824 Y125.678 Z4.2 E446.47649
;TIME_ELAPSED:276.081943
;LAYER:13
;TYPE:WALL-OUTER
;MESH:flow_cal_cylinder_32x30.stl
G1 X110 Y125.7 Z4.203 E446.53818
G1 X109.176 Y125.678 Z4.205 E446.59987
G1 X108.351 Y125.613 Z4.208 E446.6618
G1 X107.552 Y125.508 Z4.21 E446.7221
G1 X106.739 Y125.357 Z4.212 E446.78399
G1 X105.937 Y125.165 Z4.215 E446.8457
G1 X105.146 Y124.931 Z4.218 E446.90743
G1 X104.366 Y124.654 Z4.22 E446.96937
G1 X103.618 Y124.344 Z4.222 E447.02997
G1 X102.874 Y123.989 Z4.225 E447.09166
G1 X102.151 Y123.597 Z4.228 E447.15321
G1 X101.443 Y123.163 Z4.23 E447.21535
G1 X100.777 Y122.705 Z4.232 E447.27584
G1 X100.114 Y122.196 Z4.235 E447.33839
G1 X99.489 Y121.662 Z4.238 E447.39991
G1 X98.898 Y121.102 Z4.24 E447.46084
G1 X98.334 Y120.506 Z4.243 E447.52225
G1 X97.802 Y119.883 Z4.245 E447.58356
G1 X97.294 Y119.222 Z4.248 E447.64594
G1 X96.837 Y118.557 Z4.25 E447.70633
G1 X96.4 Y117.843 Z4.253 E447.76897
G1 X96.008 Y117.121 Z4.255 E447.83046
G1 X95.654 Y116.379 Z4.258 E447.89198
G1 X95.345 Y115.631 Z4.26 E447.95254
G1 X95.069 Y114.854 Z4.262 E448.01425
G1 X94.833 Y114.056 Z4.265 E448.07653
G1 X94.642 Y113.257 Z4.268 E448.13801
G1 X94.492 Y112.448 Z4.27 E448.19958
G1 X94.387 Y111.649 Z4.272 E448.25989
G1 X94.322 Y110.824 Z4.275 E448.32182
G1 X94.3 Y110.008 Z4.277 E448.38291
G1 X94.322 Y109.171 Z4.28 E448.44556
G1 X94.387 Y108.351 Z4.283 E448.50712
G1 X94.492 Y107.552 Z4.285 E448.56743
G1 X94.642 Y106.743 Z4.287 E448.629
G1 X94.833 Y105.944 Z4.29 E448.69048
G1 X95.071 Y105.141 Z4.293 E448.75316
G1 X95.346 Y104.366 Z4.295 E448.8147
G1 X95.654 Y103.621 Z4.297 E448.87503
G1 X96.008 Y102.879 Z4.3 E448.93655
G1 X96.4 Y102.157 Z4.302 E448.99803
G1 X96.837 Y101.443 Z4.305 E449.06068
G1 X97.294 Y100.778 Z4.307 E449.12107
G1 X97.804 Y100.114 Z4.31 E449.18372
G1 X98.338 Y99.489 Z4.313 E449.24524
G1 X98.898 Y98.898 Z4.315 E449.30617
G1 X99.489 Y98.338 Z4.317 E449.3671
G1 X100.114 Y97.804 Z4.32 E449.42862
G1 X100.778 Y97.294 Z4.323 E449.49128
G1 X101.443 Y96.837 Z4.325 E449.55166
G1 X102.151 Y96.403 Z4.328 E449.61381
G1 X102.874 Y96.011 Z4.33 E449.67535
G1 X103.618 Y95.656 Z4.333 E449.73704
G1 X104.366 Y95.346 Z4.335 E449.79764
G1 X105.146 Y95.069 Z4.337 E449.85958
G1 X105.937 Y94.835 Z4.34 E449.92131
G1 X106.739 Y94.643 Z4.343 E449.98303
G1 X107.552 Y94.492 Z4.345 E450.04491
G1 X108.351 Y94.387 Z4.347 E450.10522
G1 X109.176 Y94.322 Z4.35 E450.16715
G1 X110 Y94.3 Z4.353 E450.22883
G1 X110.824 Y94.322 Z4.355 E450.29052
G1 X111.649 Y94.387 Z4.358 E450.35245
G1 X112.448 Y94.492 Z4.36 E450.41276
G1 X113.261 Y94.643 Z4.362 E450.47464
G1 X114.063 Y94.835 Z4.365 E450.53635
G1 X114.854 Y95.069 Z4.368 E450.59809
G1 X115.634 Y95.346 Z4.37 E450.66003
G1 X116.382 Y95.656 Z4.372 E450.72062
G1 X117.126 Y96.011 Z4.375 E450.78231
G1 X117.849 Y96.403 Z4.378 E450.84386
G1 X118.557 Y96.837 Z4.38 E450.90601
G1 X119.222 Y97.294 Z4.382 E450.96639
G1 X119.886 Y97.804 Z4.385 E451.02905
G1 X120.511 Y98.338 Z4.388 E451.09057
G1 X121.102 Y98.898 Z4.39 E451.1515
G1 X121.662 Y99.489 Z4.392 E451.21243
G1 X122.196 Y100.114 Z4.395 E451.27395
G1 X122.706 Y100.778 Z4.398 E451.3366
G1 X123.163 Y101.443 Z4.4 E451.39699
G1 X123.6 Y102.157 Z4.403 E451.45963
G1 X123.992 Y102.879 Z4.405 E451.52111
G1 X124.346 Y103.621 Z4.408 E451.58264
G1 X124.654 Y104.366 Z4.41 E451.64297
G1 X124.929 Y105.141 Z4.412 E451.70451
G1 X125.163 Y105.929 Z4.415 E451.76602
G1 X125.358 Y106.743 Z4.418 E451.82866
G1 X125.508 Y107.552 Z4.42 E451.89024
G1 X125.613 Y108.351 Z4.422 E451.95054
G1 X125.678 Y109.171 Z4.425 E452.0121
G1 X125.7 Y109.992 Z4.427 E452.07356
G1 X125.678 Y110.824 Z4.43 E452.13585
G1 X125.613 Y111.649 Z4.433 E452.19778
G1 X125.508 Y112.448 Z4.435 E452.25809
G1 X125.358 Y113.257 Z4.437 E452.31966
G1 X125.167 Y114.056 Z4.44 E452.38114
G1 X124.931 Y114.854 Z4.443 E452.44342
G1 X124.655 Y115.631 Z4.445 E452.50512
G1 X124.346 Y116.379 Z4.447 E452.56569
G1 X123.992 Y117.121 Z4.45 E452.62721
G1 X123.6 Y117.843 Z4.452 E452.68869
G1 X123.163 Y118.557 Z4.455 E452.75134
G1 X122.706 Y119.222 Z4.457 E452.81172
G1 X122.198 Y119.883 Z4.46 E452.87411
G1 X121.666 Y120.506 Z4.463 E452.93542
G1 X121.102 Y121.102 Z4.465 E452.99683
G1 X120.511 Y121.662 Z4.467 E453.05776
G1 X119.886 Y122.196 Z4.47 E453.11928
G1 X119.223 Y122.705 Z4.473 E453.18183
G1 X118.557 Y123.163 Z4.475 E453.24232
G1 X117.849 Y123.597 Z4.478 E453.30446
G1 X117.126 Y123.989 Z4.48 E453.36601
G1 X116.382 Y124.344 Z4.483 E453.4277
G1 X115.634 Y124.654 Z4.485 E453.48829
G1 X114.854 Y124.931 Z4.487 E453.55024
G1 X114.063 Y125.165 Z4.49 E453.61197
G1 X113.261 Y125.357 Z4.493 E453.67368
G1 X112.448 Y125.508 Z4.495 E453.73556
G1 X111.649 Y125.613 Z4.497 E453.79587
G1 X110.824 Y125.678 Z4.5 E453.8578
;TIME_ELAPSED:279.420478
;LAYER:14
;TYPE:WALL-OUTER
;MESH:flow_cal_cylinder_32x30.stl
G1 X110 Y125.7 Z4.503 E453.91949
G1 X109.176 Y125.678 Z4.505 E453.98118
G1 X108.351 Y125.613 Z4.508 E454.04311
G1 X107.552 Y125.508 Z4.51 E454.10341
G1 X106.739 Y125.357 Z4.512 E454.1653
G1 X105.937 Y125.165 Z4.515 E454.22701
G1 X105.146 Y124.931 Z4.518 E454.28874
G1 X104.366 Y124.654 Z4.52 E454.35068
G1 X103.618 Y124.344 Z4.522 E454.41128
G1 X102.874 Y123.989 Z4.525 E454.47297
G1 X102.151 Y123.597 Z4.528 E454.53452
G1 X101.443 Y123.163 Z4.53 E454.59666
G1 X100.777 Y122.705 Z4.532 E454.65715
G1 X100.114 Y122.196 Z4.535 E454.7197
G1 X99.489 Y121.662 Z4.538 E454.78122
G1 X98.898 Y121.102 Z4.54 E454.84215
G1 X98.334 Y120.506 Z4.543 E454.90356
G1 X97.802 Y119.883 Z4.545 E454.96487
G1 X97.294 Y119.222 Z4.548 E455.02725
G1 X96.837 Y118.557 Z4.55 E455.08764
G1 X96.4 Y117.843 Z4.553 E455.15028
G1 X96.008 Y117.121 Z4.555 E455.21177
G1 X95.654 Y116.379 Z4.558 E455.27329
G1 X95.345 Y115.631 Z4.56 E455.33386
G1 X95.069 Y114.854 Z4.562 E455.39556
G1 X94.833 Y114.056 Z4.565 E455.45784
G1 X94.642 Y113.257 Z4.568 E455.51932
G1 X94.492 Y112.448 Z4.57 E455.58089
G1 X94.387 Y111.649 Z4.572 E455.6412
G1 X94.322 Y110.824 Z4.575 E455.70313
G1 X94.3 Y110.008 Z4.577 E455.76422
G1 X94.322 Y109.171 Z4.58 E455.82688
G1 X94.387 Y108.351 Z4.583 E455.88843
G1 X94.492 Y107.552 Z4.585 E455.94874
G1 X94.642 Y106.743 Z4.587 E456.01031
G1 X94.833 Y105.944 Z4.59 E456.07179
G1 X95.071 Y105.141 Z4.593 E456.13447
G1 X95.346 Y104.366 Z4.595 E456.19601
G1 X95.654 Y103.621 Z4.597 E456.25634
G1 X96.008 Y102.879 Z4.6 E456.31786
G1 X96.4 Y102.157 Z4.602 E456.37935
G1 X96.837 Y101.443 Z4.605 E456.44199
G1 X97.294 Y100.778 Z4.607 E456.50238
G1 X97.804 Y100.114 Z4.61 E456.56503
G1 X98.338 Y99.489 Z4.613 E456.62655
G1 X98.898 Y98.898 Z4.615 E456.68748
G1 X99.489 Y98.338 Z4.617 E456.74841
G1 X100.114 Y97.804 Z4.62 E456.80993
G1 X100.778 Y97.294 Z4.623 E456.87259
G1 X101.443 Y96.837 Z4.625 E456.93297
G1 X102.151 Y96.403 Z4.628 E456.99512
G1 X102.874 Y96.011 Z4.63 E457.05666
G1 X103.618 Y95.656 Z4.633 E457.11836
G1 X104.366 Y95.346 Z4.635 E457.17895
G1 X105.146 Y95.069 Z4.637 E457.24089
G1 X105.937 Y94.835 Z4.64 E457.30262
G1 X106.739 Y94.643 Z4.643 E457.36434
G1 X107.552 Y94.492 Z4.645 E457.42622
G1 X108.351 Y94.387 Z4.647 E457.48653
G1 X109.176 Y94.322 Z4.65 E457.54846
G1 X110 Y94.3 Z4.653 E457.61014
G1 X110.824 Y94.322 Z4.655 E457.67183
G1 X111.649 Y94.387 Z4.658 E457.73376
G1 X112.448 Y94.492 Z4.66 E457.79407
G1 X113.261 Y94.643 Z4.662 E457.85595
G1 X114.063 Y94.835 Z4.665 E457.91767
G1 X114.854 Y95.069 Z4.668 E457.9794
G1 X115.634 Y95.346 Z4.67 E458.04134
G1 X116.382 Y95.656 Z4.672 E458.10193
G1 X117.126 Y96.011 Z4.675 E458.16363
G1 X117.849 Y96.403 Z4.678 E458.22517
G1 X118.557 Y96.837 Z4.68 E458.28732
G1 X119.222 Y97.294 Z4.682 E458.3477
G1 X119.886 Y97.804 Z4.685 E458.41036
G1 X120.511 Y98.338 Z4.688 E458.47188
G1 X121.102 Y98.898 Z4.69 E458.53281
G1 X121.662 Y99.489 Z4.692 E458.59374
G1 X122.196 Y100.114 Z4.695 E458.65526
G1 X122.706 Y100.778 Z4.698 E458.71791
G1 X123.163 Y101.443 Z4.7 E458.7783
G1 X123.6 Y102.157 Z4.703 E458.84094
G1 X123.992 Y102.879 Z4.705 E458.90242
G1 X124.346 Y103.621 Z4.708 E458.96395
G1 X124.654 Y104.366 Z4.71 E459.02428
G1 X124.929 Y105.141 Z4.712 E459.08582
G1 X125.163 Y105.929 Z4.715 E459.14733
G1 X125.358 Y106.743 Z4.718 E459.20997
G1 X125.508 Y107.552 Z4.72 E459.27155
G1 X125.613 Y108.351 Z4.722 E459.33186
G1 X125.678 Y109.171 Z4.725 E459.39341
G1 X125.7 Y109.992 Z4.727 E459.45488
G1 X125.678 Y110.824 Z4.73 E459.51716
G1 X125.613 Y111.649 Z4.733 E459.57909
G1 X125.508 Y112.448 Z4.735 E459.6394
G1 X125.358 Y113.257 Z4.737 E459.70097
G1 X125.167 Y114.056 Z4.74 E459.76245
G1 X124.931 Y114.854 Z4.743 E459.82473
G1 X124.655 Y115.631 Z4.745 E459.88643
G1 X124.346 Y116.379 Z4.747 E459.947
G1 X123.992 Y117.121 Z4.75 E460.00852
G1 X123.6 Y117.843 Z4.752 E460.07
G1 X123.163 Y118.557 Z4.755 E460.13265
G1 X122.706 Y119.222 Z4.757 E460.19303
G1 X122.198 Y119.883 Z4.76 E460.25542
G1 X121.666 Y120.506 Z4.763 E460.31673
G1 X121.102 Y121.102 Z4.765 E460.37814
G1 X120.511 Y121.662 Z4.767 E460.43907
G1 X119.886 Y122.196 Z4.77 E460.50059
G1 X119.223 Y122.705 Z4.773 E460.56314
G1 X118.557 Y123.163 Z4.775 E460.62363
G1 X117.849 Y123.597 Z4.778 E460.68577
G1 X117.126 Y123.989 Z4.78 E460.74732
G1 X116.382 Y124.344 Z4.783 E460.80901
G1 X115.634 Y124.654 Z4.785 E460.8696
G1 X114.854 Y124.931 Z4.787 E460.93155
G1 X114.063 Y125.165 Z4.79 E460.99328
G1 X113.261 Y125.357 Z4.793 E461.05499
G1 X112.448 Y125.508 Z4.795 E461.11687
G1 X111.649 Y125.613 Z4.797 E461.17718
G1 X110.824 Y125.678 Z4.8 E461.23911
;TIME_ELAPSED:282.759014
;LAYER:15
;TYPE:WALL-OUTER
;MESH:flow_cal_cylinder_32x30.stl
G1 X110 Y125.7 Z4.803 E461.3008
G1 X109.176 Y125.678 Z4.805 E461.36249
G1 X108.351 Y125.613 Z4.808 E461.42442
G1 X107.552 Y125.508 Z4.81 E461.48472
G1 X106.739 Y125.357 Z4.812 E461.54661
G1 X105.937 Y125.165 Z4.815 E461.60832
G1 X105.146 Y124.931 Z4.818 E461.67005
G1 X104.366 Y124.654 Z4.82 E461.732
G1 X103.618 Y124.344 Z4.822 E461.79259
G1 X102.874 Y123.989 Z4.825 E461.85428
G1 X102.151 Y123.597 Z4.828 E461.91583
G1 X101.443 Y123.163 Z4.83 E461.97797
G1 X100.777 Y122.705 Z4.832 E462.03846
G1 X100.114 Y122.196 Z4.835 E462.10101
G1 X99.489 Y121.662 Z4.838 E462.16253
G1 X98.898 Y121.102 Z4.84 E462.22346
G1 X98.334 Y120.506 Z4.843 E462.28487
G1 X97.802 Y119.883 Z4.845 E462.34618
G1 X97.294 Y119.222 Z4.848 E462.40856
G1 X96.837 Y118.557 Z4.85 E462.46895
G1 X96.4 Y117.843 Z4.853 E462.5316
G1 X96.008 Y117.121 Z4.855 E462.59308
G1 X95.654 Y116.379 Z4.858 E462.6546
G1 X95.345 Y115.631 Z4.86 E462.71517
G1 X95.069 Y114.854 Z4.862 E462.77687
G1 X94.833 Y114.056 Z4.865 E462.83915
G1 X94.642 Y113.257 Z4.868 E462.90063
G1 X94.492 Y112.448 Z4.87 E462.9622
G1 X94.387 Y111.649 Z4.872 E463.02251
G1 X94.322 Y110.824 Z4.875 E463.08444
G1 X94.3 Y110.008 Z4.877 E463.14553
G1 X94.322 Y109.171 Z4.88 E463.20819
G1 X94.387 Y108.351 Z4.883 E463.26974
G1 X94.492 Y107.552 Z4.885 E463.33005
G1 X94.642 Y106.743 Z4.887 E463.39163
G1 X94.833 Y105.944 Z4.89 E463.4531
G1 X95.071 Y105.141 Z4.893 E463.51578
G1 X95.346 Y104.366 Z4.895 E463.57732
G1 X95.654 Y103.621 Z4.897 E463.63765
G1 X96.008 Y102.879 Z4.9 E463.69917
G1 X96.4 Y102.157 Z4.902 E463.76066
G1 X96.837 Y101.443 Z4.905 E463.8233
G1 X97.294 Y100.778 Z4.907 E463.88369
G1 X97.804 Y100.114 Z4.91 E463.94634
G1 X98.338 Y99.489 Z4.913 E464.00786
G1 X98.898 Y98.898 Z4.915 E464.06879
G1 X99.489 Y98.338 Z4.917 E464.12972
G1 X100.114 Y97.804 Z4.92 E464.19124
G1 X100.778 Y97.294 Z4.923 E464.2539
G1 X101.443 Y96.837 Z4.925 E464.31428
G1 X102.151 Y96.403 Z4.928 E464.37643
G1 X102.874 Y96.011 Z4.93 E464.43797
G1 X103.618 Y95.656 Z4.933 E464.49967
G1 X104.366 Y95.346 Z4.935 E464.56026
G1 X105.146 Y95.069 Z4.937 E464.6222
G1 X105.937 Y94.835 Z4.94 E464.68393
G1 X106.739 Y94.643 Z4.943 E464.74565
G1 X107.552 Y94.492 Z4.945 E464.80753
G1 X108.351 Y94.387 Z4.947 E464.86784
G1 X109.176 Y94.322 Z4.95 E464.92977
G1 X110 Y94.3 Z4.953 E464.99146
G1 X110.824 Y94.322 Z4.955 E465.05314
G1 X111.649 Y94.387 Z4.958 E465.11507
G1 X112.448 Y94.492 Z4.96 E465.17538
G1 X113.261 Y94.643 Z4.962 E465.23726
G1 X114.063 Y94.835 Z4.965 E465.29898
G1 X114.854 Y95.069 Z4.968 E465.36071
G1 X115.634 Y95.346 Z4.97 E465.42265
G1 X116.382 Y95.656 Z4.972 E465.48324
G1 X117.126 Y96.011 Z4.975 E465.54494
G1 X117.849 Y96.403 Z4.978 E465.60648
G1 X118.557 Y96.837 Z4.98 E465.66863
G1 X119.222 Y97.294 Z4.982 E465.72901
G1 X119.886 Y97.804 Z4.985 E465.79167
G1 X120.511 Y98.338 Z4.988 E465.85319
G1 X121.102 Y98.898 Z4.99 E465.91412
G1 X121.662 Y99.489 Z4.992 E465.97505
G1 X122.196 Y100.114 Z4.995 E466.03657
G1 X122.706 Y100.778 Z4.998 E466.09922
G1 X123.163 Y101.443 Z5 E466.15961
G1 X123.6 Y102.157 Z5.003 E466.22225
G1 X123.992 Y102.879 Z5.005 E466.28374
G1 X124.346 Y103.621 Z5.008 E466.34526
G1 X124.654 Y104.366 Z5.01 E466.40559
G1 X124.929 Y105.141 Z5.012 E466.46713
G1 X125.163 Y105.929 Z5.015 E466.52864
G1 X125.358 Y106.743 Z5.018 E466.59128
G1 X125.508 Y107.552 Z5.02 E466.65286
G1 X125.613 Y108.351 Z5.022 E466.71317
G1 X125.678 Y109.171 Z5.025 E466.77472
G1 X125.7 Y109.992 Z5.027 E466.83619
G1 X125.678 Y110.824 Z5.03 E466.89847
G1 X125.613 Y111.649 Z5.033 E466.9604
G1 X125.508 Y112.448 Z5.035 E467.02071
G1 X125.358 Y113.257 Z5.037 E467.08228
G1 X125.167 Y114.056 Z5.04 E467.14376
G1 X124.931 Y114.854 Z5.043 E467.20604
G1 X124.655 Y115.631 Z5.045 E467.26774
G1 X124.346 Y116.379 Z5.047 E467.32831
G1 X123.992 Y117.121 Z5.05 E467.38983
G1 X123.6 Y117.843 Z5.052 E467.45132
G1 X123.163 Y118.557 Z5.055 E467.51396
G1 X122.706 Y119.222 Z5.057 E467.57435
G1 X122.198 Y119.883 Z5.06 E467.63673
G1 X121.666 Y120.506 Z5.063 E467.69804
G1 X121.102 Y121.102 Z5.065 E467.75945
G1 X120.511 Y121.662 Z5.067 E467.82038
G1 X119.886 Y122.196 Z5.07 E467.8819
G1 X119.223 Y122.705 Z5.073 E467.94445
G1 X118.557 Y123.163 Z5.075 E468.00494
G1 X117.849 Y123.597 Z5.078 E468.06708
G1 X117.126 Y123.989 Z5.08 E468.12863
G1 X116.382 Y124.344 Z5.083 E468.19032
G1 X115.634 Y124.654 Z5.085 E468.25092
G1 X114.854 Y124.931 Z5.087 E468.31286
G1 X114.063 Y125.165 Z5.09 E468.37459
G1 X113.261 Y125.357 Z5.093 E468.4363
G1 X112.448 Y125.508 Z5.095 E468.49819
G1 X111.649 Y125.613 Z5.097 E468.55849
G1 X110.824 Y125.678 Z5.1 E468.62042
;TIME_ELAPSED:286.097550
;LAYER:16
;TYPE:WALL-OUTER
;MESH:flow_cal_cylinder_32x30.stl
G1 X110 Y125.7 Z5.103 E468.68211
G1 X109.176 Y125.678 Z5.105 E468.7438
G1 X108.351 Y125.613 Z5.108 E468.80573
G1 X107.552 Y125.508 Z5.11 E468.86604
G1 X106.739 Y125.357 Z5.112 E468.92792
G1 X105.937 Y125.165 Z5.115 E468.98963
G1 X105.146 Y124.931 Z5.118 E469.05136
G1 X104.366 Y124.654 Z5.12 E469.11331
G1 X103.618 Y124.344 Z5.122 E469.1739
G1 X102.874 Y123.989 Z5.125 E469.23559
G1 X102.151 Y123.597 Z5.128 E469.29714
G1 X101.443 Y123.163 Z5.13 E469.35928
G1 X100.777 Y122.705 Z5.132 E469.41977
G1 X100.114 Y122.196 Z5.135 E469.48232
G1 X99.489 Y121.662 Z5.138 E469.54384
G1 X98.898 Y121.102 Z5.14 E469.60477
G1 X98.334 Y120.506 Z5.143 E469.66618
G1 X97.802 Y119.883 Z5.145 E469.72749
G1 X97.294 Y119.222 Z5.148 E469.78988
G1 X96.837 Y118.557 Z5.15 E469.85026
G1 X96.4 Y117.843 Z5.153 E469.91291
G1 X96.008 Y117.121 Z5.155 E469.97439
G1 X95.654 Y116.379 Z5.158 E470.03591
G1 X95.345 Y115.631 Z5.16 E470.09648
G1 X95.069 Y114.854 Z5.162 E470.15818
G1 X94.833 Y114.056 Z5.165 E470.22046
G1 X94.642 Y113.257 Z5.168 E470.28194
G1 X94.492 Y112.448 Z5.17 E470.34351
G1 X94.387 Y111.649 Z5.172 E470.40382
G1 X94.322 Y110.824 Z5.175 E470.46575
G1 X94.3 Y110.008 Z5.177 E470.52684
G1 X94.322 Y109.171 Z5.18 E470.5895
G1 X94.387 Y108.351 Z5.183 E470.65105
G1 X94.492 Y107.552 Z5.185 E470.71136
G1 X94.642 Y106.743 Z5.187 E470.77294
G1 X94.833 Y105.944 Z5.19 E470.83441
G1 X95.071 Y105.141 Z5.193 E470.89709
G1 X95.346 Y104.366 Z5.195 E470.95863
G1 X95.654 Y103.621 Z5.197 E471.01896
G1 X96.008 Y102.879 Z5.2 E471.08049
G1 X96.4 Y102.157 Z5.202 E471.14197
G1 X96.837 Y101.443 Z5.205 E471.20461
G1 X97.294 Y100.778 Z5.207 E471.265
G1 X97.804 Y100.114 Z5.21 E471.32765
G1 X98.338 Y99.489 Z5.213 E471.38917
G1 X98.898 Y98.898 Z5.215 E471.4501
G1 X99.489 Y98.338 Z5.217 E471.51103
G1 X100.114 Y97.804 Z5.22 E471.57255
G1 X100.778 Y97.294 Z5.223 E471.63521
G1 X101.443 Y96.837 Z5.225 E471.69559
G1 X102.151 Y96.403 Z5.228 E471.75774
G1 X102.874 Y96.011 Z5.23 E471.81929
G1 X103.618 Y95.656 Z5.233 E471.88098
G1 X104.366 Y95.346 Z5.235 E471.94157
G1 X105.146 Y95.069 Z5.237 E472.00351
G1 X105.937 Y94.835 Z5.24 E472.06524
G1 X106.739 Y94.643 Z5.243 E472.12696
G1 X107.552 Y94.492 Z5.245 E472.18884
G1 X108.351 Y94.387 Z5.247 E472.24915
G1 X109.176 Y94.322 Z5.25 E472.31108
G1 X110 Y94.3 Z5.253 E472.37277
G1 X110.824 Y94.322 Z5.255 E472.43445
G1 X111.649 Y94.387 Z5.258 E472.49638
G1 X112.448 Y94.492 Z5.26 E472.55669
G1 X113.261 Y94.643 Z5.262 E472.61857
G1 X114.063 Y94.835 Z5.265 E472.68029
G1 X114.854 Y95.069 Z5.268 E472.74202
G1 X115.634 Y95.346 Z5.27 E472.80396
G1 X116.382 Y95.656 Z5.272 E472.86456
G1 X117.126 Y96.011 Z5.275 E472.92625
G1 X117.849 Y96.403 Z5.278 E472.98779
G1 X118.557 Y96.837 Z5.28 E473.04994
G1 X119.222 Y97.294 Z5.282 E473.11032
G1 X119.886 Y97.804 Z5.285 E473.17298
G1 X120.511 Y98.338 Z5.288 E473.2345
G1 X121.102 Y98.898 Z5.29 E473.29543
G1 X121.662 Y99.489 Z5.292 E473.35636
G1 X122.196 Y100.114 Z5.295 E473.41788
G1 X122.706 Y100.778 Z5.298 E473.48053
G1 X123.163 Y101.443 Z5.3 E473.54092
G1 X123.6 Y102.157 Z5.303 E473.60356
G1 X123.992 Y102.879 Z5.305 E473.66505
G1 X124.346 Y103.621 Z5.308 E473.72657
G1 X124.654 Y104.366 Z5.31 E473.7869
G1 X124.929 Y105.141 Z5.312 E473.84844
G1 X125.163 Y105.929 Z5.315 E473.90996
G1 X125.358 Y106.743 Z5.318 E473.9726
G1 X125.508 Y107.552 Z5.32 E474.03417
G1 X125.613 Y108.351 Z5.322 E474.09448
G1 X125.678 Y109.171 Z5.325 E474.15603
G1 X125.7 Y109.992 Z5.327 E474.2175
G1 X125.678 Y110.824 Z5.33 E474.27978
G1 X125.613 Y111.649 Z5.333 E474.34171
G1 X125.508 Y112.448 Z5.335 E474.40202
G1 X125.358 Y113.257 Z5.337 E474.46359
G1 X125.167 Y114.056 Z5.34 E474.52507
G1 X124.931 Y114.854 Z5.343 E474.58735
G1 X124.655 Y115.631 Z5.345 E474.64906
G1 X124.346 Y116.379 Z5.347 E474.70962
G1 X123.992 Y117.121 Z5.35 E474.77114
G1 X123.6 Y117.843 Z5.352 E474.83263
G1 X123.163 Y118.557 Z5.355 E474.89527
G1 X122.706 Y119.222 Z5.357 E474.95566
G1 X122.198 Y119.883 Z5.36 E475.01804
G1 X121.666 Y120.506 Z5.363 E475.07935
G1 X121.102 Y121.102 Z5.365 E475.14076
G1 X120.511 Y121.662 Z5.367 E475.20169
G1 X119.886 Y122.196 Z5.37 E475.26321
G1 X119.223 Y122.705 Z5.373 E475.32576
G1 X118.557 Y123.163 Z5.375 E475.38625
G1 X117.849 Y123.597 Z5.378 E475.44839
G1 X117.126 Y123.989 Z5.38 E475.50994
G1 X116.382 Y124.344 Z5.383 E475.57163
G1 X115.634 Y124.654 Z5.385 E475.63223
G1 X114.854 Y124.931 Z5.387 E475.69417
G1 X114.063 Y125.165 Z5.39 E475.7559
G1 X113.261 Y125.357 Z5.393 E475.81761
G1 X112.448 Y125.508 Z5.395 E475.8795
G1 X111.649 Y125.613 Z5.397 E475.9398
G1 X110.824 Y125.678 Z5.4 E476.00173
;TIME_ELAPSED:289.436086
;LAYER:17
;TYPE:WALL-OUTER
;MESH:flow_cal_cylinder_32x30.stl
G1 X110 Y125.7 Z5.403 E476.06342
G1 X109.176 Y125.678 Z5.405 E476.12511
G1 X108.351 Y125.613 Z5.408 E476.18704
G1 X107.552 Y125.508 Z5.41 E476.24735
G1 X106.739 Y125.357 Z5.412 E476.30923
G1 X105.937 Y125.165 Z5.415 E476.37094
G1 X105.146 Y124.931 Z5.418 E476.43267
G1 X104.366 Y124.654 Z5.42 E476.49462
G1 X103.618 Y124.344 Z5.422 E476.55521
G1 X102.874 Y123.989 Z5.425 E476.6169
G1 X102.151 Y123.597 Z5.428 E476.67845
G1 X101.443 Y123.163 Z5.43 E476.74059
G1 X100.777 Y122.705 Z5.432 E476.80108
G1 X100.114 Y122.196 Z5.435 E476.86363
G1 X99.489 Y121.662 Z5.438 E476.92515
G1 X98.898 Y121.102 Z5.44 E476.98608
G1 X98.334 Y120.506 Z5.443 E477.04749
G1 X97.802 Y119.883 Z5.445 E477.1088
G1 X97.294 Y119.222 Z5.448 E477.17119
G1 X96.837 Y118.557 Z5.45 E477.23157
G1 X96.4 Y117.843 Z5.453 E477.29422
G1 X96.008 Y117.121 Z5.455 E477.3557
G1 X95.654 Y116.379 Z5.458 E477.41722
G1 X95.345 Y115.631 Z5.46 E477.47779
G1 X95.069 Y114.854 Z5.462 E477.53949
G1 X94.833 Y114.056 Z5.465 E477.60177
G1 X94.642 Y113.257 Z5.468 E477.66325
G1 X94.492 Y112.448 Z5.47 E477.72482
G1 X94.387 Y111.649 Z5.472 E477.78513
G1 X94.322 Y110.824 Z5.475 E477.84706
G1 X94.3 Y110.008 Z5.477 E477.90815
G1 X94.322 Y109.171 Z5.48 E477.97081
G1 X94.387 Y108.351 Z5.483 E478.03237
G1 X94.492 Y107.552 Z5.485 E478.09267
G1 X94.642 Y106.743 Z5.487 E478.15425
G1 X94.833 Y105.944 Z5.49 E478.21573
G1 X95.071 Y105.141 Z5.493 E478.2784
G1 X95.346 Y104.366 Z5.495 E478.33994
G1 X95.654 Y103.621 Z5.497 E478.40027
G1 X96.008 Y102.879 Z5.5 E478.4618
G1 X96.4 Y102.157 Z5.502 E478.52328
G1 X96.837 Y101.443 Z5.505 E478.58592
G1 X97.294 Y100.778 Z5.507 E478.64631
G1 X97.804 Y100.114 Z5.51 E478.70896
G1 X98.338 Y99.489 Z5.513 E478.77048
G1 X98.898 Y98.898 Z5.515 E478.83141
G1 X99.489 Y98.338 Z5.517 E478.89234
G1 X100.114 Y97.804 Z5.52 E478.95386
G1 X100.778 Y97.294 Z5.523 E479.01652
G1 X101.443 Y96.837 Z5.525 E479.0769
G1 X102.151 Y96.403 Z5.528 E479.13905
G1 X102.874 Y96.011 Z5.53 E479.2006
G1 X103.618 Y95.656 Z5.533 E479.26229
G1 X104.366 Y95.346 Z5.535 E479.32288
G1 X105.146 Y95.069 Z5.537 E479.38482
G1 X105.937 Y94.835 Z5.54 E479.44656
G1 X106.739 Y94.643 Z5.543 E479.50827
G1 X107.552 Y94.492 Z5.545 E479.57015
G1 X108.351 Y94.387 Z5.547 E479.63046
G1 X109.176 Y94.322 Z5.55 E479.69239
G1 X110 Y94.3 Z5.553 E479.75408
G1 X110.824 Y94.322 Z5.555 E479.81576
G1 X111.649 Y94.387 Z5.558 E479.87769
G1 X112.448 Y94.492 Z5.56 E479.938
G1 X113.261 Y94.643 Z5.562 E479.99988
G1 X114.063 Y94.835 Z5.565 E480.0616
G1 X114.854 Y95.069 Z5.568 E480.12333
G1 X115.634 Y95.346 Z5.57 E480.18527
G1 X116.382 Y95.656 Z5.572 E480.24587
G1 X117.126 Y96.011 Z5.575 E480.30756
G1 X117.849 Y96.403 Z5.578 E480.3691
G1 X118.557 Y96.837 Z5.58 E480.43125
G1 X119.222 Y97.294 Z5.582 E480.49163
G1 X119.886 Y97.804 Z5.585 E480.55429
G1 X120.511 Y98.338 Z5.588 E480.61581
G1 X121.102 Y98.898 Z5.59 E480.67674
G1 X121.662 Y99.489 Z5.592 E480.73767
G1 X122.196 Y100.114 Z5.595 E480.79919
G1 X122.706 Y100.778 Z5.598 E480.86184
G1 X123.163 Y101.443 Z5.6 E480.92223
G1 X123.6 Y102.157 Z5.603 E480.98488
G1 X123.992 Y102.879 Z5.605 E481.04636
G1 X124.346 Y103.621 Z5.608 E481.10788
G1 X124.654 Y104.366 Z5.61 E481.16821
G1 X124.929 Y105.141 Z5.612 E481.22975
G1 X125.163 Y105.929 Z5.615 E481.29127
G1 X125.358 Y106.743 Z5.618 E481.35391
G1 X125.508 Y107.552 Z5.62 E481.41548
G1 X125.613 Y108.351 Z5.622 E481.47579
G1 X125.678 Y109.171 Z5.625 E481.53735
G1 X125.7 Y109.992 Z5.627 E481.59881
G1 X125.678 Y110.824 Z5.63 E481.66109
G1 X125.613 Y111.649 Z5.633 E481.72302
G1 X125.508 Y112.448 Z5.635 E481.78333
G1 X125.358 Y113.257 Z5.637 E481.8449
G1 X125.167 Y114.056 Z5.64 E481.90638
G1 X124.931 Y114.854 Z5.643 E481.96866
G1 X124.655 Y115.631 Z5.645 E482.03037
G1 X124.346 Y116.379 Z5.647 E482.09093
G1 X123.992 Y117.121 Z5.65 E482.15246
G1 X123.6 Y117.843 Z5.652 E482.21394
G1 X123.163 Y118.557 Z5.655 E482.27658
G1 X122.706 Y119.222 Z5.657 E482.33697
G1 X122.198 Y119.883 Z5.66 E482.39935
G1 X121.666 Y120.506 Z5.663 E482.46066
G1 X121.102 Y121.102 Z5.665 E482.52207
G1 X120.511 Y121.662 Z5.667 E482.583
G1 X119.886 Y122.196 Z5.67 E482.64452
G1 X119.223 Y122.705 Z5.673 E482.70707
G1 X118.557 Y123.163 Z5.675 E482.76756
G1 X117.849 Y123.597 Z5.678 E482.8297
G1 X117.126 Y123.989 Z5.68 E482.89125
G1 X116.382 Y124.344 Z5.683 E482.95294
G1 X115.634 Y124.654 Z5.685 E483.01354
G1 X114.854 Y124.931 Z5.687 E483.07548
G1 X114.063 Y125.165 Z5.69 E483.13721
G1 X113.261 Y125.357 Z5.693 E483.19892
G1 X112.448 Y125.508 Z5.695 E483.26081
G1 X111.649 Y125.613 Z5.697 E483.32111
G1 X110.824 Y125.678 Z5.7 E483.38305
;TIME_ELAPSED:292.774621
;LAYER:18
;TYPE:WALL-OUTER
;MESH:flow_cal_cylinder_32x30.stl
G1 X110 Y125.7 Z5.703 E483.44473
G1 X109.176 Y125.678 Z5.705 E483.50642
G1 X108.351 Y125.613 Z5.708 E483.56835
G1 X107.552 Y125.508 Z5.71 E483.62866
G1 X106.739 Y125.357 Z5.712 E483.69054
G1 X105.937 Y125.165 Z5.715 E483.75225
G1 X105.146 Y124.931 Z5.718 E483.81398
G1 X104.366 Y124.654 Z5.72 E483.87593
G1 X103.618 Y124.344 Z5.722 E483.93652
G1 X102.874 Y123.989 Z5.725 E483.99821
G1 X102.151 Y123.597 Z5.728 E484.05976
G1 X101.443 Y123.163 Z5.73 E484.12191
G1 X100.777 Y122.705 Z5.732 E484.18239
G1 X100.114 Y122.196 Z5.735 E484.24495
G1 X99.489 Y121.662 Z5.738 E484.30646
G1 X98.898 Y121.102 Z5.74 E484.36739
G1 X98.334 Y120.506 Z5.743 E484.4288
G1 X97.802 Y119.883 Z5.745 E484.49011
G1 X97.294 Y119.222 Z5.748 E484.5525
G1 X96.837 Y118.557 Z5.75 E484.61288
G1 X96.4 Y117.843 Z5.753 E484.67553
G1 X96.008 Y117.121 Z5.755 E484.73701
G1 X95.654 Y116.379 Z5.758 E484.79853
G1 X95.345 Y115.631 Z5.76 E484.8591
G1 X95.069 Y114.854 Z5.762 E484.9208
G1 X94.833 Y114.056 Z5.765 E484.98308
G1 X94.642 Y113.257 Z5.768 E485.04456
G1 X94.492 Y112.448 Z5.77 E485.10613
G1 X94.387 Y111.649 Z5.772 E485.16644
G1 X94.322 Y110.824 Z5.775 E485.22837
G1 X94.3 Y110.008 Z5.777 E485.28946
G1 X94.322 Y109.171 Z5.78 E485.35212
G1 X94.387 Y108.351 Z5.783 E485.41368
G1 X94.492 Y107.552 Z5.785 E485.47398
G1 X94.642 Y106.743 Z5.787 E485.53556
G1 X94.833 Y105.944 Z5.79 E485.59704
G1 X95.071 Y105.141 Z5.793 E485.65971
G1 X95.346 Y104.366 Z5.795 E485.72125
G1 X95.654 Y103.621 Z5.797 E485.78158
G1 X96.008 Y102.879 Z5.8 E485.84311
G1 X96.4 Y102.157 Z5.802 E485.90459
G1 X96.837 Y101.443 Z5.805 E485.96723
G1 X97.294 Y100.778 Z5.807 E486.02762
G1 X97.804 Y100.114 Z5.81 E486.09028
G1 X98.338 Y99.489 Z5.813 E486.15179
G1 X98.898 Y98.898 Z5.815 E486.21272
G1 X99.489 Y98.338 Z5.817 E486.27365
G1 X100.114 Y97.804 Z5.82 E486.33517
G1 X100.778 Y97.294 Z5.823 E486.39783
G1 X101.443 Y96.837 Z5.825 E486.45821
G1 X102.151 Y96.403 Z5.828 E486.52036
G1 X102.874 Y96.011 Z5.83 E486.58191
G1 X103.618 Y95.656 Z5.833 E486.6436
G1 X104.366 Y95.346 Z5.835 E486.70419
G1 X105.146 Y95.069 Z5.837 E486.76613
G1 X105.937 Y94.835 Z5.84 E486.82787
G1 X106.739 Y94.643 Z5.843 E486.88958
G1 X107.552 Y94.492 Z5.845 E486.95146
G1 X108.351 Y94.387 Z5.847 E487.01177
G1 X109.176 Y94.322 Z5.85 E487.0737
G1 X110 Y94.3 Z5.853 E487.13539
G1 X110.824 Y94.322 Z5.855 E487.19707
G1 X111.649 Y94.387 Z5.858 E487.259
G1 X112.448 Y94.492 Z5.86 E487.31931
G1 X113.261 Y94.643 Z5.862 E487.38119
G1 X114.063 Y94.835 Z5.865 E487.44291
G1 X114.854 Y95.069 Z5.868 E487.50464
G1 X115.634 Y95.346 Z5.87 E487.56658
G1 X116.382 Y95.656 Z5.872 E487.62718
G1 X117.126 Y96.011 Z5.875 E487.68887
G1 X117.849 Y96.403 Z5.878 E487.75041
G1 X118.557 Y96.837 Z5.88 E487.81256
G1 X119.222 Y97.294 Z5.882 E487.87295
G1 X119.886 Y97.804 Z5.885 E487.9356
G1 X120.511 Y98.338 Z5.888 E487.99712
G1 X121.102 Y98.898 Z5.89 E488.05805
G1 X121.662 Y99.489 Z5.892 E488.11898
G1 X122.196 Y100.114 Z5.895 E488.1805
G1 X122.706 Y100.778 Z5.898 E488.24316
G1 X123.163 Y101.443 Z5.9 E488.30354
G1 X123.6 Y102.157 Z5.903 E488.36619
G1 X123.992 Y102.879 Z5.905 E488.42767
G1 X124.346 Y103.621 Z5.908 E488.48919
G1 X124.654 Y104.366 Z5.91 E488.54952
G1 X124.929 Y105.141 Z5.912 E488.61106
G1 X125.163 Y105.929 Z5.915 E488.67258
G1 X125.358 Y106.743 Z5.918 E488.73522
G1 X125.508 Y107.552 Z5.92 E488.79679
G1 X125.613 Y108.351 Z5.922 E488.8571
G1 X125.678 Y109.171 Z5.925 E488.91866
G1 X125.7 Y109.992 Z5.927 E488.98012
G1 X125.678 Y110.824 Z5.93 E489.0424
G1 X125.613 Y111.649 Z5.933 E489.10433
G1 X125.508 Y112.448 Z5.935 E489.16464
G1 X125.358 Y113.257 Z5.937 E489.22622
G1 X125.167 Y114.056 Z5.94 E489.28769
G1 X124.931 Y114.854 Z5.943 E489.34997
G1 X124.655 Y115.631 Z5.945 E489.41168
G1 X124.346 Y116.379 Z5.947 E489.47224
G1 X123.992 Y117.121 Z5.95 E489.53377
G1 X123.6 Y117.843 Z5.952 E489.59525
G1 X123.163 Y118.557 Z5.955 E489.65789
G1 X122.706 Y119.222 Z5.957 E489.71828
G1 X122.198 Y119.883 Z5.96 E489.78066
G1 X121.666 Y120.506 Z5.963 E489.84197
G1 X121.102 Y121.102 Z5.965 E489.90338
G1 X120.511 Y121.662 Z5.967 E489.96431
G1 X119.886 Y122.196 Z5.97 E490.02583
G1 X119.223 Y122.705 Z5.973 E490.08838
G1 X118.557 Y123.163 Z5.975 E490.14887
G1 X117.849 Y123.597 Z5.978 E490.21101
G1 X117.126 Y123.989 Z5.98 E490.27256
G1 X116.382 Y124.344 Z5.983 E490.33425
G1 X115.634 Y124.654 Z5.985 E490.39485
G1 X114.854 Y124.931 Z5.987 E490.45679
G1 X114.063 Y125.165 Z5.99 E490.51852
G1 X113.261 Y125.357 Z5.993 E490.58024
G1 X112.448 Y125.508 Z5.995 E490.64212
G1 X111.649 Y125.613 Z5.997 E490.70243
G1 X110.824 Y125.678 Z6 E490.76436
;TIME_ELAPSED:296.113157
;LAYER:19
;TYPE:WALL-OUTER
;MESH:flow_cal_cylinder_32x30.stl
G1 X110 Y125.7 Z6.003 E490.82604
G1 X109.176 Y125.678 Z6.005 E490.88773
G1 X108.351 Y125.613 Z6.008 E490.94966
G1 X107.552 Y125.508 Z6.01 E491.00997
G1 X106.739 Y125.357 Z6.012 E491.07185
G1 X105.937 Y125.165 Z6.015 E491.13356
G1 X105.146 Y124.931 Z6.018 E491.19529
G1 X104.366 Y124.654 Z6.02 E491.25724
G1 X103.618 Y124.344 Z6.022 E491.31783
G1 X102.874 Y123.989 Z6.025 E491.37952
G1 X102.151 Y123.597 Z6.028 E491.44107
G1 X101.443 Y123.163 Z6.03 E491.50322
G1 X100.777 Y122.705 Z6.032 E491.5637
G1 X100.114 Y122.196 Z6.035 E491.62626
G1 X99.489 Y121.662 Z6.038 E491.68778
G1 X98.898 Y121.102 Z6.04 E491.7487
G1 X98.334 Y120.506 Z6.043 E491.81011
G1 X97.802 Y119.883 Z6.045 E491.87142
G1 X97.294 Y119.222 Z6.048 E491.93381
G1 X96.837 Y118.557 Z6.05 E491.99419
G1 X96.4 Y117.843 Z6.053 E492.05684
G1 X96.008 Y117.121 Z6.055 E492.11832
G1 X95.654 Y116.379 Z6.058 E492.17984
G1 X95.345 Y115.631 Z6.06 E492.24041
G1 X95.069 Y114.854 Z6.062 E492.30211
G1 X94.833 Y114.056 Z6.065 E492.36439
G1 X94.642 Y113.257 Z6.068 E492.42587
G1 X94.492 Y112.448 Z6.07 E492.48744
G1 X94.387 Y111.649 Z6.072 E492.54775
G1 X94.322 Y110.824 Z6.075 E492.60968
G1 X94.3 Y110.008 Z6.077 E492.67077
G1 X94.322 Y109.171 Z6.08 E492.73343
G1 X94.387 Y108.351 Z6.083 E492.79499
G1 X94.492 Y107.552 Z6.085 E492.85529
G1 X94.642 Y106.743 Z6.087 E492.91687
G1 X94.833 Y105.944 Z6.09 E492.97835
G1 X95.071 Y105.141 Z6.093 E493.04102
G1 X95.346 Y104.366 Z6.095 E493.10256
G1 X95.654 Y103.621 Z6.097 E493.16289
G1 X96.008 Y102.879 Z6.1 E493.22442
G1 X96.4 Y102.157 Z6.102 E493.2859
G1 X96.837 Y101.443 Z6.105 E493.34855
G1 X97.294 Y100.778 Z6.107 E493.40893
G1 X97.804 Y100.114 Z6.11 E493.47159
G1 X98.338 Y99.489 Z6.113 E493.53311
G1 X98.898 Y98.898 Z6.115 E493.59403
G1 X99.489 Y98.338 Z6.117 E493.65496
G1 X100.114 Y97.804 Z6.12 E493.71648
G1 X100.778 Y97.294 Z6.123 E493.77914
G1 X101.443 Y96.837 Z6.125 E493.83952
G1 X102.151 Y96.403 Z6.128 E493.90167
G1 X102.874 Y96.011 Z6.13 E493.96322
G1 X103.618 Y95.656 Z6.133 E494.02491
G1 X104.366 Y95.346 Z6.135 E494.0855
G1 X105.146 Y95.069 Z6.137 E494.14745
G1 X105.937 Y94.835 Z6.14 E494.20918
G1 X106.739 Y94.643 Z6.143 E494.27089
G1 X107.552 Y94.492 Z6.145 E494.33277
G1 X108.351 Y94.387 Z6.147 E494.39308
G1 X109.176 Y94.322 Z6.15 E494.45501
G1 X110 Y94.3 Z6.153 E494.5167
G1 X110.824 Y94.322 Z6.155 E494.57838
G1 X111.649 Y94.387 Z6.158 E494.64032
G1 X112.448 Y94.492 Z6.16 E494.70062
G1 X113.261 Y94.643 Z6.162 E494.7625
G1 X114.063 Y94.835 Z6.165 E494.82422
G1 X114.854 Y95.069 Z6.168 E494.88595
G1 X115.634 Y95.346 Z6.17 E494.94789
G1 X116.382 Y95.656 Z6.172 E495.00849
G1 X117.126 Y96.011 Z6.175 E495.07018
G1 X117.849 Y96.403 Z6.178 E495.13173
G1 X118.557 Y96.837 Z6.18 E495.19387
G1 X119.222 Y97.294 Z6.182 E495.25426
G1 X119.886 Y97.804 Z6.185 E495.31691
G1 X120.511 Y98.338 Z6.188 E495.37843
G1 X121.102 Y98.898 Z6.19 E495.43936
G1 X121.662 Y99.489 Z6.192 E495.50029
G1 X122.196 Y100.114 Z6.195 E495.56181
G1 X122.706 Y100.778 Z6.198 E495.62447
G1 X123.163 Y101.443 Z6.2 E495.68485
G1 X123.6 Y102.157 Z6.203 E495.7475
G1 X123.992 Y102.879 Z6.205 E495.80898
G1 X124.346 Y103.621 Z6.208 E495.8705
G1 X124.654 Y104.366 Z6.21 E495.93083
G1 X124.929 Y105.141 Z6.212 E495.99237
G1 X125.163 Y105.929 Z6.215 E496.05389
G1 X125.358 Y106.743 Z6.218 E496.11653
G1 X125.508 Y107.552 Z6.22 E496.1781
G1 X125.613 Y108.351 Z6.222 E496.23841
G1 X125.678 Y109.171 Z6.225 E496.29997
G1 X125.7 Y109.992 Z6.227 E496.36143
G1 X125.678 Y110.824 Z6.23 E496.42371
G1 X125.613 Y111.649 Z6.233 E496.48564
G1 X125.508 Y112.448 Z6.235 E496.54595
G1 X125.358 Y113.257 Z6.237 E496.60753
G1 X125.167 Y114.056 Z6.24 E496.669
G1 X124.931 Y114.854 Z6.243 E496.73128
G1 X124.655 Y115.631 Z6.245 E496.79299
G1 X124.346 Y116.379 Z6.247 E496.85355
G1 X123.992 Y117.121 Z6.25 E496.91508
G1 X123.6 Y117.843 Z6.252 E496.97656
G1 X123.163 Y118.557 Z6.255 E497.0392
G1 X122.706 Y119.222 Z6.257 E497.09959
G1 X122.198 Y119.883 Z6.26 E497.16198
G1 X121.666 Y120.506 Z6.263 E497.22328
G1 X121.102 Y121.102 Z6.265 E497.28469
G1 X120.511 Y121.662 Z6.267 E497.34562
G1 X119.886 Y122.196 Z6.27 E497.40714
G1 X119.223 Y122.705 Z6.273 E497.46969
G1 X118.557 Y123.163 Z6.275 E497.53018
G1 X117.849 Y123.597 Z6.278 E497.59233
G1 X117.126 Y123.989 Z6.28 E497.65387
G1 X116.382 Y124.344 Z6.283 E497.71556
G1 X115.634 Y124.654 Z6.285 E497.77616
G1 X114.854 Y124.931 Z6.287 E497.8381
G1 X114.063 Y125.165 Z6.29 E497.89983
G1 X113.261 Y125.357 Z6.293 E497.96155
G1 X112.448 Y125.508 Z6.295 E498.02343
G1 X111.649 Y125.613 Z6.297 E498.08374
G1 X110.824 Y125.678 Z6.3 E498.14567
;TIME_ELAPSED:299.451693
;LAYER:20
;TYPE:WALL-OUTER
;MESH:flow_cal_cylinder_32x30.stl
G1 X110 Y125.7 Z6.303 E498.20735
G1 X109.176 Y125.678 Z6.305 E498.26904
G1 X108.351 Y125.613 Z6.308 E498.33097
G1 X107.552 Y125.508 Z6.31 E498.39128
G1 X106.739 Y125.357 Z6.312 E498.45316
G1 X105.937 Y125.165 Z6.315 E498.51487
G1 X105.146 Y124.931 Z6.318 E498.57661
G1 X104.366 Y124.654 Z6.32 E498.63855
G1 X103.618 Y124.344 Z6.322 E498.69914
G1 X102.874 Y123.989 Z6.325 E498.76083
G1 X102.151 Y123.597 Z6.328 E498.82238
G1 X101.443 Y123.163 Z6.33 E498.88453
G1 X100.777 Y122.705 Z6.332 E498.94502
G1 X100.114 Y122.196 Z6.335 E499.00757
G1 X99.489 Y121.662 Z6.338 E499.06909
G1 X98.898 Y121.102 Z6.34 E499.13002
G1 X98.334 Y120.506 Z6.343 E499.19142
G1 X97.802 Y119.883 Z6.345 E499.25273
G1 X97.294 Y119.222 Z6.348 E499.31512
G1 X96.837 Y118.557 Z6.35 E499.3755
G1 X96.4 Y117.843 Z6.353 E499.43815
G1 X96.008 Y117.121 Z6.355 E499.49963
G1 X95.654 Y116.379 Z6.358 E499.56115
G1 X95.345 Y115.631 Z6.36 E499.62172
G1 X95.069 Y114.854 Z6.362 E499.68343
G1 X94.833 Y114.056 Z6.365 E499.7457
G1 X94.642 Y113.257 Z6.368 E499.80718
G1 X94.492 Y112.448 Z6.37 E499.86875
G1 X94.387 Y111.649 Z6.372 E499.92906
G1 X94.322 Y110.824 Z6.375 E499.99099
G1 X94.3 Y110.008 Z6.377 E500.05208
G1 X94.322 Y109.171 Z6.38 E500.11474
G1 X94.387 Y108.351 Z6.383 E500.1763
G1 X94.492 Y107.552 Z6.385 E500.23661
G1 X94.642 Y106.743 Z6.387 E500.29818
G1 X94.833 Y105.944 Z6.39 E500.35966
G1 X95.071 Y105.141 Z6.393 E500.42233
G1 X95.346 Y104.366 Z6.395 E500.48387
G1 X95.654 Y103.621 Z6.397 E500.5442
G1 X96.008 Y102.879 Z6.4 E500.60573
G1 X96.4 Y102.157 Z6.402 E500.66721
G1 X96.837 Y101.443 Z6.405 E500.72986
G1 X97.294 Y100.778 Z6.407 E500.79024
G1 X97.804 Y100.114 Z6.41 E500.8529
G1 X98.338 Y99.489 Z6.413 E500.91442
G1 X98.898 Y98.898 Z6.415 E500.97535
G1 X99.489 Y98.338 Z6.417 E501.03627
G1 X100.114 Y97.804 Z6.42 E501.09779
G1 X100.778 Y97.294 Z6.423 E501.16045
G1 X101.443 Y96.837 Z6.425 E501.22083
G1 X102.151 Y96.403 Z6.428 E501.28298
G1 X102.874 Y96.011 Z6.43 E501.34453
G1 X103.618 Y95.656 Z6.433 E501.40622
G1 X104.366 Y95.346 Z6.435 E501.46681
G1 X105.146 Y95.069 Z6.437 E501.52876
G1 X105.937 Y94.835 Z6.44 E501.59049
G1 X106.739 Y94.643 Z6.443 E501.6522
G1 X107.552 Y94.492 Z6.445 E501.71408
G1 X108.351 Y94.387 Z6.447 E501.77439
G1 X109.176 Y94.322 Z6.45 E501.83632
G1 X110 Y94.3 Z6.453 E501.89801
G1 X110.824 Y94.322 Z6.455 E501.95969
G1 X111.649 Y94.387 Z6.458 E502.02163
G1 X112.448 Y94.492 Z6.46 E502.08193
G1 X113.261 Y94.643 Z6.462 E502.14382
G1 X114.063 Y94.835 Z6.465 E502.20553
G1 X114.854 Y95.069 Z6.468 E502.26726
G1 X115.634 Y95.346 Z6.47 E502.3292
G1 X116.382 Y95.656 Z6.472 E502.3898
G1 X117.126 Y96.011 Z6.475 E502.45149
G1 X117.849 Y96.403 Z6.478 E502.51304
G1 X118.557 Y96.837 Z6.48 E502.57518
G1 X119.222 Y97.294 Z6.482 E502.63557
G1 X119.886 Y97.804 Z6.485 E502.69822
G1 X120.511 Y98.338 Z6.488 E502.75974
G1 X121.102 Y98.898 Z6.49 E502.82067
G1 X121.662 Y99.489 Z6.492 E502.8816
G1 X122.196 Y100.114 Z6.495 E502.94312
G1 X122.706 Y100.778 Z6.498 E503.00578
G1 X123.163 Y101.443 Z6.5 E503.06616
G1 X123.6 Y102.157 Z6.503 E503.12881
G1 X123.992 Y102.879 Z6.505 E503.19029
G1 X124.346 Y103.621 Z6.508 E503.25181
G1 X124.654 Y104.366 Z6.51 E503.31214
G1 X124.929 Y105.141 Z6.512 E503.37368
G1 X125.163 Y105.929 Z6.515 E503.4352
G1 X125.358 Y106.743 Z6.518 E503.49784
G1 X125.508 Y107.552 Z6.52 E503.55941
G1 X125.613 Y108.351 Z6.522 E503.61972
G1 X125.678 Y109.171 Z6.525 E503.68128
G1 X125.7 Y109.992 Z6.527 E503.74274
G1 X125.678 Y110.824 Z6.53 E503.80502
G1 X125.613 Y111.649 Z6.533 E503.86696
G1 X125.508 Y112.448 Z6.535 E503.92726
G1 X125.358 Y113.257 Z6.537 E503.98884
G1 X125.167 Y114.056 Z6.54 E504.05032
G1 X124.931 Y114.854 Z6.543 E504.11259
G1 X124.655 Y115.631 Z6.545 E504.1743
G1 X124.346 Y116.379 Z6.547 E504.23486
G1 X123.992 Y117.121 Z6.55 E504.29639
G1 X123.6 Y117.843 Z6.552 E504.35787
G1 X123.163 Y118.557 Z6.555 E504.42051
G1 X122.706 Y119.222 Z6.557 E504.4809
G1 X122.198 Y119.883 Z6.56 E504.54329
G1 X121.666 Y120.506 Z6.563 E504.60459
G1 X121.102 Y121.102 Z6.565 E504.666
G1 X120.511 Y121.662 Z6.567 E504.72693
G1 X119.886 Y122.196 Z6.57 E504.78845
G1 X119.223 Y122.705 Z6.573 E504.851
G1 X118.557 Y123.163 Z6.575 E504.91149
G1 X117.849 Y123.597 Z6.578 E504.97364
G1 X117.126 Y123.989 Z6.58 E505.03518
G1 X116.382 Y124.344 Z6.583 E505.09687
G1 X115.634 Y124.654 Z6.585 E505.15747
G1 X114.854 Y124.931 Z6.587 E505.21941
G1 X114.063 Y125.165 Z6.59 E505.28114
G1 X113.261 Y125.357 Z6.593 E505.34286
G1 X112.448 Y125.508 Z6.595 E505.40474
G1 X111.649 Y125.613 Z6.597 E505.46505
G1 X110.824 Y125.678 Z6.6 E505.52698
;TIME_ELAPSED:302.790229
;LAYER:21
;TYPE:WALL-OUTER
;MESH:flow_cal_cylinder_32x30.stl
G1 X110 Y125.7 Z6.603 E505.58866
G1 X109.176 Y125.678 Z6.605 E505.65035
G1 X108.351 Y125.613 Z6.608 E505.71228
G1 X107.552 Y125.508 Z6.61 E505.77259
G1 X106.739 Y125.357 Z6.612 E505.83447
G1 X105.937 Y125.165 Z6.615 E505.89618
G1 X105.146 Y124.931 Z6.618 E505.95792
G1 X104.366 Y124.654 Z6.62 E506.01986
G1 X103.618 Y124.344 Z6.622 E506.08045
G1 X102.874 Y123.989 Z6.625 E506.14214
G1 X102.151 Y123.597 Z6.628 E506.20369
G1 X101.443 Y123.163 Z6.63 E506.26584
G1 X100.777 Y122.705 Z6.632 E506.32633
G1 X100.114 Y122.196 Z6.635 E506.38888
G1 X99.489 Y121.662 Z6.638 E506.4504
G1 X98.898 Y121.102 Z6.64 E506.51133
G1 X98.334 Y120.506 Z6.643 E506.57273
G1 X97.802 Y119.883 Z6.645 E506.63404
G1 X97.294 Y119.222 Z6.648 E506.69643
G1 X96.837 Y118.557 Z6.65 E506.75681
G1 X96.4 Y117.843 Z6.653 E506.81946
G1 X96.008 Y117.121 Z6.655 E506.88094
G1 X95.654 Y116.379 Z6.658 E506.94246
G1 X95.345 Y115.631 Z6.66 E507.00303
G1 X95.069 Y114.854 Z6.662 E507.06474
G1 X94.833 Y114.056 Z6.665 E507.12701
G1 X94.642 Y113.257 Z6.668 E507.18849
G1 X94.492 Y112.448 Z6.67 E507.25006
G1 X94.387 Y111.649 Z6.672 E507.31037
G1 X94.322 Y110.824 Z6.675 E507.3723
G1 X94.3 Y110.008 Z6.677 E507.43339
G1 X94.322 Y109.171 Z6.68 E507.49605
G1 X94.387 Y108.351 Z6.683 E507.55761
G1 X94.492 Y107.552 Z6.685 E507.61792
G1 X94.642 Y106.743 Z6.687 E507.67949
G1 X94.833 Y105.944 Z6.69 E507.74097
G1 X95.071 Y105.141 Z6.693 E507.80365
G1 X95.346 Y104.366 Z6.695 E507.86519
G1 X95.654 Y103.621 Z6.697 E507.92551
G1 X96.008 Y102.879 Z6.7 E507.98704
G1 X96.4 Y102.157 Z6.702 E508.04852
G1 X96.837 Y101.443 Z6.705 E508.11117
G1 X97.294 Y100.778 Z6.707 E508.17155
G1 X97.804 Y100.114 Z6.71 E508.23421
G1 X98.338 Y99.489 Z6.713 E508.29573
G1 X98.898 Y98.898 Z6.715 E508.35666
G1 X99.489 Y98.338 Z6.717 E508.41759
G1 X100.114 Y97.804 Z6.72 E508.4791
G1 X100.778 Y97.294 Z6.723 E508.54176
G1 X101.443 Y96.837 Z6.725 E508.60215
G1 X102.151 Y96.403 Z6.728 E508.66429
G1 X102.874 Y96.011 Z6.73 E508.72584
G1 X103.618 Y95.656 Z6.733 E508.78753
G1 X104.366 Y95.346 Z6.735 E508.84812
G1 X105.146 Y95.069 Z6.737 E508.91007
G1 X105.937 Y94.835 Z6.74 E508.9718
G1 X106.739 Y94.643 Z6.743 E509.03351
G1 X107.552 Y94.492 Z6.745 E509.09539
G1 X108.351 Y94.387 Z6.747 E509.1557
G1 X109.176 Y94.322 Z6.75 E509.21763
G1 X110 Y94.3 Z6.753 E509.27932
G1 X110.824 Y94.322 Z6.755 E509.34101
G1 X111.649 Y94.387 Z6.758 E509.40294
G1 X112.448 Y94.492 Z6.76 E509.46324
G1 X113.261 Y94.643 Z6.762 E509.52513
G1 X114.063 Y94.835 Z6.765 E509.58684
G1 X114.854 Y95.069 Z6.768 E509.64857
G1 X115.634 Y95.346 Z6.77 E509.71051
G1 X116.382 Y95.656 Z6.772 E509.77111
G1 X117.126 Y96.011 Z6.775 E509.8328
G1 X117.849 Y96.403 Z6.778 E509.89435
G1 X118.557 Y96.837 Z6.78 E509.95649
G1 X119.222 Y97.294 Z6.782 E510.01688
G1 X119.886 Y97.804 Z6.785 E510.07953
G1 X120.511 Y98.338 Z6.788 E510.14105
G1 X121.102 Y98.898 Z6.79 E510.20198
G1 X121.662 Y99.489 Z6.792 E510.26291
G1 X122.196 Y100.114 Z6.795 E510.32443
G1 X122.706 Y100.778 Z6.798 E510.38709
G1 X123.163 Y101.443 Z6.8 E510.44747
G1 X123.6 Y102.157 Z6.803 E510.51012
G1 X123.992 Y102.879 Z6.805 E510.5716
G1 X124.346 Y103.621 Z6.808 E510.63312
G1 X124.654 Y104.366 Z6.81 E510.69345
G1 X124.929 Y105.141 Z6.812 E510.75499
G1 X125.163 Y105.929 Z6.815 E510.81651
G1 X125.358 Y106.743 Z6.818 E510.87915
G1 X125.508 Y107.552 Z6.82 E510.94072
G1 X125.613 Y108.351 Z6.822 E511.00103
G1 X125.678 Y109.171 Z6.825 E511.06259
G1 X125.7 Y109.992 Z6.827 E511.12405
G1 X125.678 Y110.824 Z6.83 E511.18634
G1 X125.613 Y111.649 Z6.833 E511.24827
G1 X125.508 Y112.448 Z6.835 E511.30857
G1 X125.358 Y113.257 Z6.837 E511.37015
G1 X125.167 Y114.056 Z6.84 E511.43163
G1 X124.931 Y114.854 Z6.843 E511.4939
G1 X124.655 Y115.631 Z6.845 E511.55561
G1 X124.346 Y116.379 Z6.847 E511.61617
G1 X123.992 Y117.121 Z6.85 E511.6777
G1 X123.6 Y117.843 Z6.852 E511.73918
G1 X123.163 Y118.557 Z6.855 E511.80183
G1 X122.706 Y119.222 Z6.857 E511.86221
G1 X122.198 Y119.883 Z6.86 E511.9246
G1 X121.666 Y120.506 Z6.863 E511.98591
G1 X121.102 Y121.102 Z6.865 E512.04731
G1 X120.511 Y121.662 Z6.867 E512.10824
G1 X119.886 Y122.196 Z6.87 E512.16976
G1 X119.223 Y122.705 Z6.873 E512.23231
G1 X118.557 Y123.163 Z6.875 E512.2928
G1 X117.849 Y123.597 Z6.878 E512.35495
G1 X117.126 Y123.989 Z6.88 E512.41649
G1 X116.382 Y124.344 Z6.883 E512.47819
G1 X115.634 Y124.654 Z6.885 E512.53878
G1 X114.854 Y124.931 Z6.887 E512.60072
G1 X114.063 Y125.165 Z6.89 E512.66245
G1 X113.261 Y125.357 Z6.893 E512.72417
G1 X112.448 Y125.508 Z6.895 E512.78605
G1 X111.649 Y125.613 Z6.897 E512.84636
G1 X110.824 Y125.678 Z6.9 E512.90829
;TIME_ELAPSED:306.128765
;LAYER:22
;TYPE:WALL-OUTER
;MESH:flow_cal_cylinder_32x30.stl
G1 X110 Y125.7 Z6.903 E512.96997
G1 X109.176 Y125.678 Z6.905 E513.03166
G1 X108.351 Y125.613 Z6.908 E513.09359
G1 X107.552 Y125.508 Z6.91 E513.1539
G1 X106.739 Y125.357 Z6.912 E513.21578
G1 X105.937 Y125.165 Z6.915 E513.2775
G1 X105.146 Y124.931 Z6.918 E513.33923
G1 X104.366 Y124.654 Z6.92 E513.40117
G1 X103.618 Y124.344 Z6.922 E513.46176
G1 X102.874 Y123.989 Z6.925 E513.52345
G1 X102.151 Y123.597 Z6.928 E513.585
G1 X101.443 Y123.163 Z6.93 E513.64715
G1 X100.777 Y122.705 Z6.932 E513.70764
G1 X100.114 Y122.196 Z6.935 E513.77019
G1 X99.489 Y121.662 Z6.938 E513.83171
G1 X98.898 Y121.102 Z6.94 E513.89264
G1 X98.334 Y120.506 Z6.943 E513.95404
G1 X97.802 Y119.883 Z6.945 E514.01535
G1 X97.294 Y119.222 Z6.948 E514.07774
G1 X96.837 Y118.557 Z6.95 E514.13812
G1 X96.4 Y117.843 Z6.953 E514.20077
G1 X96.008 Y117.121 Z6.955 E514.26225
G1 X95.654 Y116.379 Z6.958 E514.32378
G1 X95.345 Y115.631 Z6.96 E514.38434
G1 X95.069 Y114.854 Z6.962 E514.44605
G1 X94.833 Y114.056 Z6.965 E514.50832
G1 X94.642 Y113.257 Z6.968 E514.5698
G1 X94.492 Y112.448 Z6.97 E514.63138
G1 X94.387 Y111.649 Z6.972 E514.69168
G1 X94.322 Y110.824 Z6.975 E514.75361
G1 X94.3 Y110.008 Z6.977 E514.8147
G1 X94.322 Y109.171 Z6.98 E514.87736
G1 X94.387 Y108.351 Z6.983 E514.93892
G1 X94.492 Y107.552 Z6.985 E514.99923
G1 X94.642 Y106.743 Z6.987 E515.0608
G1 X94.833 Y105.944 Z6.99 E515.12228
G1 X95.071 Y105.141 Z6.993 E515.18496
G1 X95.346 Y104.366 Z6.995 E515.2465
G1 X95.654 Y103.621 Z6.997 E515.30683
G1 X96.008 Y102.879 Z7 E515.36835
G1 X96.4 Y102.157 Z7.002 E515.42983
G1 X96.837 Y101.443 Z7.005 E515.49248
G1 X97.294 Y100.778 Z7.007 E515.55286
G1 X97.804 Y100.114 Z7.01 E515.61552
G1 X98.338 Y99.489 Z7.013 E515.67704
G1 X98.898 Y98.898 Z7.015 E515.73797
G1 X99.489 Y98.338 Z7.017 E515.7989
G1 X100.114 Y97.804 Z7.02 E515.86042
G1 X100.778 Y97.294 Z7.023 E515.92307
G1 X101.443 Y96.837 Z7.025 E515.98346
G1 X102.151 Y96.403 Z7.028 E516.0456
G1 X102.874 Y96.011 Z7.03 E516.10715
G1 X103.618 Y95.656 Z7.033 E516.16884
G1 X104.366 Y95.346 Z7.035 E516.22943
G1 X105.146 Y95.069 Z7.037 E516.29138
G1 X105.937 Y94.835 Z7.04 E516.35311
G1 X106.739 Y94.643 Z7.043 E516.41482
G1 X107.552 Y94.492 Z7.045 E516.4767
G1 X108.351 Y94.387 Z7.047 E516.53701
G1 X109.176 Y94.322 Z7.05 E516.59894
G1 X110 Y94.3 Z7.053 E516.66063
G1 X110.824 Y94.322 Z7.055 E516.72232
G1 X111.649 Y94.387 Z7.058 E516.78425
G1 X112.448 Y94.492 Z7.06 E516.84455
G1 X113.261 Y94.643 Z7.062 E516.90644
G1 X114.063 Y94.835 Z7.065 E516.96815
G1 X114.854 Y95.069 Z7.068 E517.02988
G1 X115.634 Y95.346 Z7.07 E517.09183
G1 X116.382 Y95.656 Z7.072 E517.15242
G1 X117.126 Y96.011 Z7.075 E517.21411
G1 X117.849 Y96.403 Z7.078 E517.27566
G1 X118.557 Y96.837 Z7.08 E517.3378
G1 X119.222 Y97.294 Z7.082 E517.39819
G1 X119.886 Y97.804 Z7.085 E517.46084
G1 X120.511 Y98.338 Z7.088 E517.52236
G1 X121.102 Y98.898 Z7.09 E517.58329
G1 X121.662 Y99.489 Z7.092 E517.64422
G1 X122.196 Y100.114 Z7.095 E517.70574
G1 X122.706 Y100.778 Z7.098 E517.7684
G1 X123.163 Y101.443 Z7.1 E517.82878
G1 X123.6 Y102.157 Z7.103 E517.89143
G1 X123.992 Y102.879 Z7.105 E517.95291
G1 X124.346 Y103.621 Z7.108 E518.01443
G1 X124.654 Y104.366 Z7.11 E518.07476
G1 X124.929 Y105.141 Z7.112 E518.1363
G1 X125.163 Y105.929 Z7.115 E518.19782
G1 X125.358 Y106.743 Z7.118 E518.26046
G1 X125.508 Y107.552 Z7.12 E518.32203
G1 X125.613 Y108.351 Z7.122 E518.38234
G1 X125.678 Y109.171 Z7.125 E518.4439
G1 X125.7 Y109.992 Z7.127 E518.50536
G1 X125.678 Y110.824 Z7.13 E518.56765
G1 X125.613 Y111.649 Z7.133 E518.62958
G1 X125.508 Y112.448 Z7.135 E518.68988
G1 X125.358 Y113.257 Z7.137 E518.75146
G1 X125.167 Y114.056 Z7.14 E518.81294
G1 X124.931 Y114.854 Z7.143 E518.87521
G1 X124.655 Y115.631 Z7.145 E518.93692
G1 X124.346 Y116.379 Z7.147 E518.99748
G1 X123.992 Y117.121 Z7.15 E519.05901
G1 X123.6 Y117.843 Z7.152 E519.12049
G1 X123.163 Y118.557 Z7.155 E519.18314
G1 X122.706 Y119.222 Z7.157 E519.24352
G1 X122.198 Y119.883 Z7.16 E519.30591
G1 X121.666 Y120.506 Z7.163 E519.36722
G1 X121.102 Y121.102 Z7.165 E519.42862
G1 X120.511 Y121.662 Z7.167 E519.48955
G1 X119.886 Y122.196 Z7.17 E519.55107
G1 X119.223 Y122.705 Z7.173 E519.61362
G1 X118.557 Y123.163 Z7.175 E519.67411
G1 X117.849 Y123.597 Z7.178 E519.73626
G1 X117.126 Y123.989 Z7.18 E519.7978
G1 X116.382 Y124.344 Z7.183 E519.8595
G1 X115.634 Y124.654 Z7.185 E519.92009
G1 X114.854 Y124.931 Z7.187 E519.98203
G1 X114.063 Y125.165 Z7.19 E520.04376
G1 X113.261 Y125.357 Z7.193 E520.10548
G1 X112.448 Y125.508 Z7.195 E520.16736
G1 X111.649 Y125.613 Z7.197 E520.22767
G1 X110.824 Y125.678 Z7.2 E520.2896
;TIME_ELAPSED:309.467300
;LAYER:23
;TYPE:WALL-OUTER
;MESH:flow_cal_cylinder_32x30.stl
G1 X110 Y125.7 Z7.203 E520.35129
G1 X109.176 Y125.678 Z7.205 E520.41297
G1 X108.351 Y125.613 Z7.208 E520.4749
G1 X107.552 Y125.508 Z7.21 E520.53521
G1 X106.739 Y125.357 Z7.212 E520.59709
G1 X105.937 Y125.165 Z7.215 E520.65881
G1 X105.146 Y124.931 Z7.218 E520.72054
G1 X104.366 Y124.654 Z7.22 E520.78248
G1 X103.618 Y124.344 Z7.222 E520.84307
G1 X102.874 Y123.989 Z7.225 E520.90477
G1 X102.151 Y123.597 Z7.228 E520.96631
G1 X101.443 Y123.163 Z7.23 E521.02846
G1 X100.777 Y122.705 Z7.232 E521.08895
G1 X100.114 Y122.196 Z7.235 E521.1515
G1 X99.489 Y121.662 Z7.238 E521.21302
G1 X98.898 Y121.102 Z7.24 E521.27395
G1 X98.334 Y120.506 Z7.243 E521.33535
G1 X97.802 Y119.883 Z7.245 E521.39666
G1 X97.294 Y119.222 Z7.248 E521.45905
G1 X96.837 Y118.557 Z7.25 E521.51943
G1 X96.4 Y117.843 Z7.253 E521.58208
G1 X96.008 Y117.121 Z7.255 E521.64356
G1 X95.654 Y116.379 Z7.258 E521.70509
G1 X95.345 Y115.631 Z7.26 E521.76565
G1 X95.069 Y114.854 Z7.262 E521.82736
G1 X94.833 Y114.056 Z7.265 E521.88963
G1 X94.642 Y113.257 Z7.268 E521.95111
G1 X94.492 Y112.448 Z7.27 E522.01269
G1 X94.387 Y111.649 Z7.272 E522.07299
G1 X94.322 Y110.824 Z7.275 E522.13492
G1 X94.3 Y110.008 Z7.277 E522.19601
G1 X94.322 Y109.171 Z7.28 E522.25867
G1 X94.387 Y108.351 Z7.283 E522.32023
G1 X94.492 Y107.552 Z7.285 E522.38054
G1 X94.642 Y106.743 Z7.287 E522.44211
G1 X94.833 Y105.944 Z7.29 E522.50359
G1 X95.071 Y105.141 Z7.293 E522.56627
G1 X95.346 Y104.366 Z7.295 E522.62781
G1 X95.654 Y103.621 Z7.297 E522.68814
G1 X96.008 Y102.879 Z7.3 E522.74966
G1 X96.4 Y102.157 Z7.302 E522.81114
G1 X96.837 Y101.443 Z7.305 E522.87379
G1 X97.294 Y100.778 Z7.307 E522.93417
G1 X97.804 Y100.114 Z7.31 E522.99683
G1 X98.338 Y99.489 Z7.313 E523.05835
G1 X98.898 Y98.898 Z7.315 E523.11928
G1 X99.489 Y98.338 Z7.317 E523.18021
G1 X100.114 Y97.804 Z7.32 E523.24173
G1 X100.778 Y97.294 Z7.323 E523.30438
G1 X101.443 Y96.837 Z7.325 E523.36477
G1 X102.151 Y96.403 Z7.328 E523.42691
G1 X102.874 Y96.011 Z7.33 E523.48846
G1 X103.618 Y95.656 Z7.333 E523.55015
G1 X104.366 Y95.346 Z7.335 E523.61074
G1 X105.146 Y95.069 Z7.337 E523.67269
G1 X105.937 Y94.835 Z7.34 E523.73442
G1 X106.739 Y94.643 Z7.343 E523.79613
G1 X107.552 Y94.492 Z7.345 E523.85802
G1 X108.351 Y94.387 Z7.347 E523.91832
G1 X109.176 Y94.322 Z7.35 E523.98025
G1 X110 Y94.3 Z7.353 E524.04194
G1 X110.824 Y94.322 Z7.355 E524.10363
G1 X111.649 Y94.387 Z7.358 E524.16556
G1 X112.448 Y94.492 Z7.36 E524.22587
G1 X113.261 Y94.643 Z7.362 E524.28775
G1 X114.063 Y94.835 Z7.365 E524.34946
G1 X114.854 Y95.069 Z7.368 E524.41119
G1 X115.634 Y95.346 Z7.37 E524.47314
G1 X116.382 Y95.656 Z7.372 E524.53373
G1 X117.126 Y96.011 Z7.375 E524.59542
G1 X117.849 Y96.403 Z7.378 E524.65697
G1 X118.557 Y96.837 Z7.38 E524.71911
G1 X119.222 Y97.294 Z7.382 E524.7795
G1 X119.886 Y97.804 Z7.385 E524.84215
G1 X120.511 Y98.338 Z7.388 E524.90367
G1 X121.102 Y98.898 Z7.39 E524.9646
G1 X121.662 Y99.489 Z7.392 E525.02553
G1 X122.196 Y100.114 Z7.395 E525.08705
G1 X122.706 Y100.778 Z7.398 E525.14971
G1 X123.163 Y101.443 Z7.4 E525.21009
G1 X123.6 Y102.157 Z7.403 E525.27274
G1 X123.992 Y102.879 Z7.405 E525.33422
G1 X124.346 Y103.621 Z7.408 E525.39574
G1 X124.654 Y104.366 Z7.41 E525.45607
G1 X124.929 Y105.141 Z7.412 E525.51761
G1 X125.163 Y105.929 Z7.415 E525.57913
G1 X125.358 Y106.743 Z7.418 E525.64177
G1 X125.508 Y107.552 Z7.42 E525.70334
G1 X125.613 Y108.351 Z7.422 E525.76365
G1 X125.678 Y109.171 Z7.425 E525.82521
G1 X125.7 Y109.992 Z7.427 E525.88667
G1 X125.678 Y110.824 Z7.43 E525.94896
G1 X125.613 Y111.649 Z7.433 E526.01089
G1 X125.508 Y112.448 Z7.435 E526.0712
G1 X125.358 Y113.257 Z7.437 E526.13277
G1 X125.167 Y114.056 Z7.44 E526.19425
G1 X124.931 Y114.854 Z7.443 E526.25652
G1 X124.655 Y115.631 Z7.445 E526.31823
G1 X124.346 Y116.379 Z7.447 E526.3788
G1 X123.992 Y117.121 Z7.45 E526.44032
G1 X123.6 Y117.843 Z7.452 E526.5018
G1 X123.163 Y118.557 Z7.455 E526.56445
G1 X122.706 Y119.222 Z7.457 E526.62483
G1 X122.198 Y119.883 Z7.46 E526.68722
G1 X121.666 Y120.506 Z7.463 E526.74853
G1 X121.102 Y121.102 Z7.465 E526.80993
G1 X120.511 Y121.662 Z7.467 E526.87086
G1 X119.886 Y122.196 Z7.47 E526.93238
G1 X119.223 Y122.705 Z7.473 E526.99493
G1 X118.557 Y123.163 Z7.475 E527.05542
G1 X117.849 Y123.597 Z7.478 E527.11757
G1 X117.126 Y123.989 Z7.48 E527.17912
G1 X116.382 Y124.344 Z7.483 E527.24081
G1 X115.634 Y124.654 Z7.485 E527.3014
G1 X114.854 Y124.931 Z7.487 E527.36334
G1 X114.063 Y125.165 Z7.49 E527.42507
G1 X113.261 Y125.357 Z7.493 E527.48679
G1 X112.448 Y125.508 Z7.495 E527.54867
G1 X111.649 Y125.613 Z7.497 E527.60898
G1 X110.824 Y125.678 Z7.5 E527.67091
;TIME_ELAPSED:312.805836
;LAYER:24
;TYPE:WALL-OUTER
;MESH:flow_cal_cylinder_32x30.stl
G1 X110 Y125.7 Z7.503 E527.7326
G1 X109.176 Y125.678 Z7.505 E527.79428
G1 X108.351 Y125.613 Z7.508 E527.85621
G1 X107.552 Y125.508 Z7.51 E527.91652
G1 X106.739 Y125.357 Z7.512 E527.9784
G1 X105.937 Y125.165 Z7.515 E528.04012
G1 X105.146 Y124.931 Z7.518 E528.10185
G1 X104.366 Y124.654 Z7.52 E528.16379
G1 X103.618 Y124.344 Z7.522 E528.22438
G1 X102.874 Y123.989 Z7.525 E528.28608
G1 X102.151 Y123.597 Z7.528 E528.34762
G1 X101.443 Y123.163 Z7.53 E528.40977
G1 X100.777 Y122.705 Z7.532 E528.47026
G1 X100.114 Y122.196 Z7.535 E528.53281
G1 X99.489 Y121.662 Z7.538 E528.59433
G1 X98.898 Y121.102 Z7.54 E528.65526
G1 X98.334 Y120.506 Z7.543 E528.71667
G1 X97.802 Y119.883 Z7.545 E528.77797
G1 X97.294 Y119.222 Z7.548 E528.84036
G1 X96.837 Y118.557 Z7.55 E528.90074
G1 X96.4 Y117.843 Z7.553 E528.96339
G1 X96.008 Y117.121 Z7.555 E529.02487
G1 X95.654 Y116.379 Z7.558 E529.0864
G1 X95.345 Y115.631 Z7.56 E529.14696
G1 X95.069 Y114.854 Z7.562 E529.20867
G1 X94.833 Y114.056 Z7.565 E529.27094
G1 X94.642 Y113.257 Z7.568 E529.33242
G1 X94.492 Y112.448 Z7.57 E529.394
G1 X94.387 Y111.649 Z7.572 E529.4543
G1 X94.322 Y110.824 Z7.575 E529.51623
G1 X94.3 Y110.008 Z7.577 E529.57732
G1 X94.322 Y109.171 Z7.58 E529.63998
G1 X94.387 Y108.351 Z7.583 E529.70154
G1 X94.492 Y107.552 Z7.585 E529.76185
G1 X94.642 Y106.743 Z7.587 E529.82342
G1 X94.833 Y105.944 Z7.59 E529.8849
G1 X95.071 Y105.141 Z7.593 E529.94758
G1 X95.346 Y104.366 Z7.595 E530.00912
G1 X95.654 Y103.621 Z7.597 E530.06945
G1 X96.008 Y102.879 Z7.6 E530.13097
G1 X96.4 Y102.157 Z7.602 E530.19245
G1 X96.837 Y101.443 Z7.605 E530.2551
G1 X97.294 Y100.778 Z7.607 E530.31548
G1 X97.804 Y100.114 Z7.61 E530.37814
G1 X98.338 Y99.489 Z7.613 E530.43966
G1 X98.898 Y98.898 Z7.615 E530.50059
G1 X99.489 Y98.338 Z7.617 E530.56152
G1 X100.114 Y97.804 Z7.62 E530.62304
G1 X100.778 Y97.294 Z7.623 E530.68569
G1 X101.443 Y96.837 Z7.625 E530.74608
G1 X102.151 Y96.403 Z7.628 E530.80822
G1 X102.874 Y96.011 Z7.63 E530.86977
G1 X103.618 Y95.656 Z7.633 E530.93146
G1 X104.366 Y95.346 Z7.635 E530.99206
G1 X105.146 Y95.069 Z7.637 E531.054
G1 X105.937 Y94.835 Z7.64 E531.11573
G1 X106.739 Y94.643 Z7.643 E531.17744
G1 X107.552 Y94.492 Z7.645 E531.23933
G1 X108.351 Y94.387 Z7.647 E531.29963
G1 X109.176 Y94.322 Z7.65 E531.36156
G1 X110 Y94.3 Z7.653 E531.42325
G1 X110.824 Y94.322 Z7.655 E531.48494
G1 X111.649 Y94.387 Z7.658 E531.54687
G1 X112.448 Y94.492 Z7.66 E531.60718
G1 X113.261 Y94.643 Z7.662 E531.66906
G1 X114.063 Y94.835 Z7.665 E531.73077
G1 X114.854 Y95.069 Z7.668 E531.7925
G1 X115.634 Y95.346 Z7.67 E531.85445
G1 X116.382 Y95.656 Z7.672 E531.91504
G1 X117.126 Y96.011 Z7.675 E531.97673
G1 X117.849 Y96.403 Z7.678 E532.03828
G1 X118.557 Y96.837 Z7.68 E532.10042
G1 X119.222 Y97.294 Z7.682 E532.16081
G1 X119.886 Y97.804 Z7.685 E532.22347
G1 X120.511 Y98.338 Z7.688 E532.28499
G1 X121.102 Y98.898 Z7.69 E532.34591
G1 X121.662 Y99.489 Z7.692 E532.40684
G1 X122.196 Y100.114 Z7.695 E532.46836
G1 X122.706 Y100.778 Z7.698 E532.53102
G1 X123.163 Y101.443 Z7.7 E532.5914
G1 X123.6 Y102.157 Z7.703 E532.65405
G1 X123.992 Y102.879 Z7.705 E532.71553
G1 X124.346 Y103.621 Z7.708 E532.77706
G1 X124.654 Y104.366 Z7.71 E532.83738
G1 X124.929 Y105.141 Z7.712 E532.89892
G1 X125.163 Y105.929 Z7.715 E532.96044
G1 X125.358 Y106.743 Z7.718 E533.02308
G1 X125.508 Y107.552 Z7.72 E533.08465
G1 X125.613 Y108.351 Z7.722 E533.14496
G1 X125.678 Y109.171 Z7.725 E533.20652
G1 X125.7 Y109.992 Z7.727 E533.26798
G1 X125.678 Y110.824 Z7.73 E533.33027
G1 X125.613 Y111.649 Z7.733 E533.3922
G1 X125.508 Y112.448 Z7.735 E533.45251
G1 X125.358 Y113.257 Z7.737 E533.51408
G1 X125.167 Y114.056 Z7.74 E533.57556
G1 X124.931 Y114.854 Z7.743 E533.63783
G1 X124.655 Y115.631 Z7.745 E533.69954
G1 X124.346 Y116.379 Z7.747 E533.76011
G1 X123.992 Y117.121 Z7.75 E533.82163
G1 X123.6 Y117.843 Z7.752 E533.88311
G1 X123.163 Y118.557 Z7.755 E533.94576
G1 X122.706 Y119.222 Z7.757 E534.00614
G1 X122.198 Y119.883 Z7.76 E534.06853
G1 X121.666 Y120.506 Z7.763 E534.12984
G1 X121.102 Y121.102 Z7.765 E534.19124
G1 X120.511 Y121.662 Z7.767 E534.25217
G1 X119.886 Y122.196 Z7.77 E534.31369
G1 X119.223 Y122.705 Z7.773 E534.37624
G1 X118.557 Y123.163 Z7.775 E534.43673
G1 X117.849 Y123.597 Z7.778 E534.49888
G1 X117.126 Y123.989 Z7.78 E534.56043
G1 X116.382 Y124.344 Z7.783 E534.62212
G1 X115.634 Y124.654 Z7.785 E534.68271
G1 X114.854 Y124.931 Z7.787 E534.74465
G1 X114.063 Y125.165 Z7.79 E534.80639
G1 X113.261 Y125.357 Z7.793 E534.8681
G1 X112.448 Y125.508 Z7.795 E534.92998
G1 X111.649 Y125.613 Z7.797 E534.99029
G1 X110.824 Y125.678 Z7.8 E535.05222
;TIME_ELAPSED:316.144372
;LAYER:25
;TYPE:WALL-OUTER
;MESH:flow_cal_cylinder_32x30.stl
G1 X110 Y125.7 Z7.803 E535.11391
G1 X109.176 Y125.678 Z7.805 E535.17559
G1 X108.351 Y125.613 Z7.808 E535.23752
G1 X107.552 Y125.508 Z7.81 E535.29783
G1 X106.739 Y125.357 Z7.812 E535.35971
G1 X105.937 Y125.165 Z7.815 E535.42143
G1 X105.146 Y124.931 Z7.818 E535.48316
G1 X104.366 Y124.654 Z7.82 E535.5451
G1 X103.618 Y124.344 Z7.822 E535.6057
G1 X102.874 Y123.989 Z7.825 E535.66739
G1 X102.151 Y123.597 Z7.828 E535.72893
G1 X101.443 Y123.163 Z7.83 E535.79108
G1 X100.777 Y122.705 Z7.832 E535.85157
G1 X100.114 Y122.196 Z7.835 E535.91412
G1 X99.489 Y121.662 Z7.838 E535.97564
G1 X98.898 Y121.102 Z7.84 E536.03657
G1 X98.334 Y120.506 Z7.843 E536.09798
G1 X97.802 Y119.883 Z7.845 E536.15928
G1 X97.294 Y119.222 Z7.848 E536.22167
G1 X96.837 Y118.557 Z7.85 E536.28206
G1 X96.4 Y117.843 Z7.853 E536.3447
G1 X96.008 Y117.121 Z7.855 E536.40618
G1 X95.654 Y116.379 Z7.858 E536.46771
G1 X95.345 Y115.631 Z7.86 E536.52827
G1 X95.069 Y114.854 Z7.862 E536.58998
G1 X94.833 Y114.056 Z7.865 E536.65225
G1 X94.642 Y113.257 Z7.868 E536.71373
G1 X94.492 Y112.448 Z7.87 E536.77531
G1 X94.387 Y111.649 Z7.872 E536.83561
G1 X94.322 Y110.824 Z7.875 E536.89755
G1 X94.3 Y110.008 Z7.877 E536.95863
G1 X94.322 Y109.171 Z7.88 E537.02129
G1 X94.387 Y108.351 Z7.883 E537.08285
G1 X94.492 Y107.552 Z7.885 E537.14316
G1 X94.642 Y106.743 Z7.887 E537.20473
G1 X94.833 Y105.944 Z7.89 E537.26621
G1 X95.071 Y105.141 Z7.893 E537.32889
G1 X95.346 Y104.366 Z7.895 E537.39043
G1 X95.654 Y103.621 Z7.897 E537.45076
G1 X96.008 Y102.879 Z7.9 E537.51228
G1 X96.4 Y102.157 Z7.902 E537.57376
G1 X96.837 Y101.443 Z7.905 E537.63641
G1 X97.294 Y100.778 Z7.907 E537.69679
G1 X97.804 Y100.114 Z7.91 E537.75945
G1 X98.338 Y99.489 Z7.913 E537.82097
G1 X98.898 Y98.898 Z7.915 E537.8819
G1 X99.489 Y98.338 Z7.917 E537.94283
G1 X100.114 Y97.804 Z7.92 E538.00435
G1 X100.778 Y97.294 Z7.923 E538.067
G1 X101.443 Y96.837 Z7.925 E538.12739
G1 X102.151 Y96.403 Z7.928 E538.18953
G1 X102.874 Y96.011 Z7.93 E538.25108
G1 X103.618 Y95.656 Z7.933 E538.31277
G1 X104.366 Y95.346 Z7.935 E538.37337
G1 X105.146 Y95.069 Z7.937 E538.43531
G1 X105.937 Y94.835 Z7.94 E538.49704
G1 X106.739 Y94.643 Z7.943 E538.55875
G1 X107.552 Y94.492 Z7.945 E538.62064
G1 X108.351 Y94.387 Z7.947 E538.68094
G1 X109.176 Y94.322 Z7.95 E538.74288
G1 X110 Y94.3 Z7.953 E538.80456
G1 X110.824 Y94.322 Z7.955 E538.86625
G1 X111.649 Y94.387 Z7.958 E538.92818
G1 X112.448 Y94.492 Z7.96 E538.98849
G1 X113.261 Y94.643 Z7.962 E539.05037
G1 X114.063 Y94.835 Z7.965 E539.11208
G1 X114.854 Y95.069 Z7.968 E539.17381
G1 X115.634 Y95.346 Z7.97 E539.23576
G1 X116.382 Y95.656 Z7.972 E539.29635
G1 X117.126 Y96.011 Z7.975 E539.35804
G1 X117.849 Y96.403 Z7.978 E539.41959
G1 X118.557 Y96.837 Z7.98 E539.48174
G1 X119.222 Y97.294 Z7.982 E539.54212
G1 X119.886 Y97.804 Z7.985 E539.60478
G1 X120.511 Y98.338 Z7.988 E539.6663
G1 X121.102 Y98.898 Z7.99 E539.72722
G1 X121.662 Y99.489 Z7.992 E539.78815
G1 X122.196 Y100.114 Z7.995 E539.84967
G1 X122.706 Y100.778 Z7.998 E539.91233
G1 X123.163 Y101.443 Z8 E539.97271
G1 X123.6 Y102.157 Z8.003 E540.03536
G1 X123.992 Y102.879 Z8.005 E540.09684
G1 X124.346 Y103.621 Z8.008 E540.15837
G1 X124.654 Y104.366 Z8.01 E540.2187
G1 X124.929 Y105.141 Z8.012 E540.28024
G1 X125.163 Y105.929 Z8.015 E540.34175
G1 X125.358 Y106.743 Z8.018 E540.40439
G1 X125.508 Y107.552 Z8.02 E540.46597
G1 X125.613 Y108.351 Z8.022 E540.52627
G1 X125.678 Y109.171 Z8.025 E540.58783
G1 X125.7 Y109.992 Z8.027 E540.64929
G1 X125.678 Y110.824 Z8.03 E540.71158
G1 X125.613 Y111.649 Z8.033 E540.77351
G1 X125.508 Y112.448 Z8.035 E540.83382
G1 X125.358 Y113.257 Z8.037 E540.89539
G1 X125.167 Y114.056 Z8.04 E540.95687
G1 X124.931 Y114.854 Z8.043 E541.01914
G1 X124.655 Y115.631 Z8.045 E541.08085
G1 X124.346 Y116.379 Z8.047 E541.14142
G1 X123.992 Y117.121 Z8.05 E541.20294
G1 X123.6 Y117.843 Z8.052 E541.26442
G1 X123.163 Y118.557 Z8.055 E541.32707
G1 X122.706 Y119.222 Z8.057 E541.38745
G1 X122.198 Y119.883 Z8.06 E541.44984
G1 X121.666 Y120.506 Z8.063 E541.51115
G1 X121.102 Y121.102 Z8.065 E541.57255
G1 X120.511 Y121.662 Z8.067 E541.63348
G1 X119.886 Y122.196 Z8.07 E541.695
G1 X119.223 Y122.705 Z8.073 E541.75756
G1 X118.557 Y123.163 Z8.075 E541.81804
G1 X117.849 Y123.597 Z8.078 E541.88019
G1 X117.126 Y123.989 Z8.08 E541.94174
G1 X116.382 Y124.344 Z8.083 E542.00343
G1 X115.634 Y124.654 Z8.085 E542.06402
G1 X114.854 Y124.931 Z8.087 E542.12596
G1 X114.063 Y125.165 Z8.09 E542.1877
G1 X113.261 Y125.357 Z8.093 E542.24941
G1 X112.448 Y125.508 Z8.095 E542.31129
G1 X111.649 Y125.613 Z8.097 E542.3716
G1 X110.824 Y125.678 Z8.1 E542.43353
;TIME_ELAPSED:319.482908
;LAYER:26
;TYPE:WALL-OUTER
;MESH:flow_cal_cylinder_32x30.stl
G1 X110 Y125.7 Z8.103 E542.49522
G1 X109.176 Y125.678 Z8.105 E542.5569
G1 X108.351 Y125.613 Z8.108 E542.61883
G1 X107.552 Y125.508 Z8.11 E542.67914
G1 X106.739 Y125.357 Z8.112 E542.74102
G1 X105.937 Y125.165 Z8.115 E542.80274
G1 X105.146 Y124.931 Z8.118 E542.86447
G1 X104.366 Y124.654 Z8.12 E542.92641
G1 X103.618 Y124.344 Z8.122 E542.98701
G1 X102.874 Y123.989 Z8.125 E543.0487
G1 X102.151 Y123.597 Z8.128 E543.11024
G1 X101.443 Y123.163 Z8.13 E543.17239
G1 X100.777 Y122.705 Z8.132 E543.23288
G1 X100.114 Y122.196 Z8.135 E543.29543
G1 X99.489 Y121.662 Z8.138 E543.35695
G1 X98.898 Y121.102 Z8.14 E543.41788
G1 X98.334 Y120.506 Z8.143 E543.47929
G1 X97.802 Y119.883 Z8.145 E543.54059
G1 X97.294 Y119.222 Z8.148 E543.60298
G1 X96.837 Y118.557 Z8.15 E543.66337
G1 X96.4 Y117.843 Z8.153 E543.72601
G1 X96.008 Y117.121 Z8.155 E543.78749
G1 X95.654 Y116.379 Z8.158 E543.84902
G1 X95.345 Y115.631 Z8.16 E543.90958
G1 X95.069 Y114.854 Z8.162 E543.97129
G1 X94.833 Y114.056 Z8.165 E544.03357
G1 X94.642 Y113.257 Z8.168 E544.09504
G1 X94.492 Y112.448 Z8.17 E544.15662
G1 X94.387 Y111.649 Z8.172 E544.21693
G1 X94.322 Y110.824 Z8.175 E544.27886
G1 X94.3 Y110.008 Z8.177 E544.33994
G1 X94.322 Y109.171 Z8.18 E544.4026
G1 X94.387 Y108.351 Z8.183 E544.46416
G1 X94.492 Y107.552 Z8.185 E544.52447
G1 X94.642 Y106.743 Z8.187 E544.58604
G1 X94.833 Y105.944 Z8.19 E544.64752
G1 X95.071 Y105.141 Z8.193 E544.7102
G1 X95.346 Y104.366 Z8.195 E544.77174
G1 X95.654 Y103.621 Z8.197 E544.83207
G1 X96.008 Y102.879 Z8.2 E544.89359
G1 X96.4 Y102.157 Z8.202 E544.95507
G1 X96.837 Y101.443 Z8.205 E545.01772
G1 X97.294 Y100.778 Z8.207 E545.0781
G1 X97.804 Y100.114 Z8.21 E545.14076
G1 X98.338 Y99.489 Z8.213 E545.20228
G1 X98.898 Y98.898 Z8.215 E545.26321
G1 X99.489 Y98.338 Z8.217 E545.32414
G1 X100.114 Y97.804 Z8.22 E545.38566
G1 X100.778 Y97.294 Z8.223 E545.44831
G1 X101.443 Y96.837 Z8.225 E545.5087
G1 X102.151 Y96.403 Z8.228 E545.57084
G1 X102.874 Y96.011 Z8.23 E545.63239
G1 X103.618 Y95.656 Z8.233 E545.69408
G1 X104.366 Y95.346 Z8.235 E545.75468
G1 X105.146 Y95.069 Z8.237 E545.81662
G1 X105.937 Y94.835 Z8.24 E545.87835
G1 X106.739 Y94.643 Z8.243 E545.94007
G1 X107.552 Y94.492 Z8.245 E546.00195
G1 X108.351 Y94.387 Z8.247 E546.06225
G1 X109.176 Y94.322 Z8.25 E546.12419
G1 X110 Y94.3 Z8.253 E546.18587
G1 X110.824 Y94.322 Z8.255 E546.24756
G1 X111.649 Y94.387 Z8.258 E546.30949
G1 X112.448 Y94.492 Z8.26 E546.3698
G1 X113.261 Y94.643 Z8.262 E546.43168
G1 X114.063 Y94.835 Z8.265 E546.49339
G1 X114.854 Y95.069 Z8.268 E546.55512
G1 X115.634 Y95.346 Z8.27 E546.61707
G1 X116.382 Y95.656 Z8.272 E546.67766
G1 X117.126 Y96.011 Z8.275 E546.73935
G1 X117.849 Y96.403 Z8.278 E546.8009
G1 X118.557 Y96.837 Z8.28 E546.86305
G1 X119.222 Y97.294 Z8.282 E546.92343
G1 X119.886 Y97.804 Z8.285 E546.98609
G1 X120.511 Y98.338 Z8.288 E547.04761
G1 X121.102 Y98.898 Z8.29 E547.10854
G1 X121.662 Y99.489 Z8.292 E547.16946
G1 X122.196 Y100.114 Z8.295 E547.23098
G1 X122.706 Y100.778 Z8.298 E547.29364
G1 X123.163 Y101.443 Z8.3 E547.35403
G1 X123.6 Y102.157 Z8.303 E547.41667
G1 X123.992 Y102.879 Z8.305 E547.47815
G1 X124.346 Y103.621 Z8.308 E547.53968
G1 X124.654 Y104.366 Z8.31 E547.60001
G1 X124.929 Y105.141 Z8.312 E547.66155
G1 X125.163 Y105.929 Z8.315 E547.72306
G1 X125.358 Y106.743 Z8.318 E547.7857
G1 X125.508 Y107.552 Z8.32 E547.84728
G1 X125.613 Y108.351 Z8.322 E547.90758
G1 X125.678 Y109.171 Z8.325 E547.96914
G1 X125.7 Y109.992 Z8.327 E548.0306
G1 X125.678 Y110.824 Z8.33 E548.09289
G1 X125.613 Y111.649 Z8.333 E548.15482
G1 X125.508 Y112.448 Z8.335 E548.21513
G1 X125.358 Y113.257 Z8.337 E548.2767
G1 X125.167 Y114.056 Z8.34 E548.33818
G1 X124.931 Y114.854 Z8.343 E548.40046
G1 X124.655 Y115.631 Z8.345 E548.46216
G1 X124.346 Y116.379 Z8.347 E548.52273
G1 X123.992 Y117.121 Z8.35 E548.58425
G1 X123.6 Y117.843 Z8.352 E548.64573
G1 X123.163 Y118.557 Z8.355 E548.70838
G1 X122.706 Y119.222 Z8.357 E548.76876
G1 X122.198 Y119.883 Z8.36 E548.83115
G1 X121.666 Y120.506 Z8.363 E548.89246
G1 X121.102 Y121.102 Z8.365 E548.95387
G1 X120.511 Y121.662 Z8.367 E549.01479
G1 X119.886 Y122.196 Z8.37 E549.07631
G1 X119.223 Y122.705 Z8.373 E549.13887
G1 X118.557 Y123.163 Z8.375 E549.19935
G1 X117.849 Y123.597 Z8.378 E549.2615
G1 X117.126 Y123.989 Z8.38 E549.32305
G1 X116.382 Y124.344 Z8.383 E549.38474
G1 X115.634 Y124.654 Z8.385 E549.44533
G1 X114.854 Y124.931 Z8.387 E549.50728
G1 X114.063 Y125.165 Z8.39 E549.56901
G1 X113.261 Y125.357 Z8.393 E549.63072
G1 X112.448 Y125.508 Z8.395 E549.6926
G1 X111.649 Y125.613 Z8.397 E549.75291
G1 X110.824 Y125.678 Z8.4 E549.81484
;TIME_ELAPSED:322.821443
;LAYER:27
;TYPE:WALL-OUTER
;MESH:flow_cal_cylinder_32x30.stl
G1 X110 Y125.7 Z8.403 E549.87653
G1 X109.176 Y125.678 Z8.405 E549.93821
G1 X108.351 Y125.613 Z8.408 E550.00015
G1 X107.552 Y125.508 Z8.41 E550.06045
G1 X106.739 Y125.357 Z8.412 E550.12233
G1 X105.937 Y125.165 Z8.415 E550.18405
G1 X105.146 Y124.931 Z8.418 E550.24578
G1 X104.366 Y124.654 Z8.42 E550.30772
G1 X103.618 Y124.344 Z8.422 E550.36832
G1 X102.874 Y123.989 Z8.425 E550.43001
G1 X102.151 Y123.597 Z8.428 E550.49156
G1 X101.443 Y123.163 Z8.43 E550.5537
G1 X100.777 Y122.705 Z8.432 E550.61419
G1 X100.114 Y122.196 Z8.435 E550.67674
G1 X99.489 Y121.662 Z8.438 E550.73826
G1 X98.898 Y121.102 Z8.44 E550.79919
G1 X98.334 Y120.506 Z8.443 E550.8606
G1 X97.802 Y119.883 Z8.445 E550.92191
G1 X97.294 Y119.222 Z8.448 E550.98429
G1 X96.837 Y118.557 Z8.45 E551.04468
G1 X96.4 Y117.843 Z8.453 E551.10732
G1 X96.008 Y117.121 Z8.455 E551.1688
G1 X95.654 Y116.379 Z8.458 E551.23033
G1 X95.345 Y115.631 Z8.46 E551.29089
G1 X95.069 Y114.854 Z8.462 E551.3526
G1 X94.833 Y114.056 Z8.465 E551.41488
G1 X94.642 Y113.257 Z8.468 E551.47635
G1 X94.492 Y112.448 Z8.47 E551.53793
G1 X94.387 Y111.649 Z8.472 E551.59824
G1 X94.322 Y110.824 Z8.475 E551.66017
G1 X94.3 Y110.008 Z8.477 E551.72125
G1 X94.322 Y109.171 Z8.48 E551.78391
G1 X94.387 Y108.351 Z8.483 E551.84547
G1 X94.492 Y107.552 Z8.485 E551.90578
G1 X94.642 Y106.743 Z8.487 E551.96735
G1 X94.833 Y105.944 Z8.49 E552.02883
G1 X95.071 Y105.141 Z8.493 E552.09151
G1 X95.346 Y104.366 Z8.495 E552.15305
G1 X95.654 Y103.621 Z8.497 E552.21338
G1 X96.008 Y102.879 Z8.5 E552.2749
G1 X96.4 Y102.157 Z8.502 E552.33638
G1 X96.837 Y101.443 Z8.505 E552.39903
G1 X97.294 Y100.778 Z8.507 E552.45941
G1 X97.804 Y100.114 Z8.51 E552.52207
G1 X98.338 Y99.489 Z8.513 E552.58359
G1 X98.898 Y98.898 Z8.515 E552.64452
G1 X99.489 Y98.338 Z8.517 E552.70545
G1 X100.114 Y97.804 Z8.52 E552.76697
G1 X100.778 Y97.294 Z8.523 E552.82963
G1 X101.443 Y96.837 Z8.525 E552.89001
G1 X102.151 Y96.403 Z8.528 E552.95216
G1 X102.874 Y96.011 Z8.53 E553.0137
G1 X103.618 Y95.656 Z8.533 E553.07539
G1 X104.366 Y95.346 Z8.535 E553.13599
G1 X105.146 Y95.069 Z8.537 E553.19793
G1 X105.937 Y94.835 Z8.54 E553.25966
G1 X106.739 Y94.643 Z8.543 E553.32138
G1 X107.552 Y94.492 Z8.545 E553.38326
G1 X108.351 Y94.387 Z8.547 E553.44357
G1 X109.176 Y94.322 Z8.55 E553.5055
G1 X110 Y94.3 Z8.553 E553.56718
G1 X110.824 Y94.322 Z8.555 E553.62887
G1 X111.649 Y94.387 Z8.558 E553.6908
G1 X112.448 Y94.492 Z8.56 E553.75111
G1 X113.261 Y94.643 Z8.562 E553.81299
G1 X114.063 Y94.835 Z8.565 E553.8747
G1 X114.854 Y95.069 Z8.568 E553.93644
G1 X115.634 Y95.346 Z8.57 E553.99838
G1 X116.382 Y95.656 Z8.572 E554.05897
G1 X117.126 Y96.011 Z8.575 E554.12066
G1 X117.849 Y96.403 Z8.578 E554.18221
G1 X118.557 Y96.837 Z8.58 E554.24436
G1 X119.222 Y97.294 Z8.582 E554.30474
G1 X119.886 Y97.804 Z8.585 E554.3674
G1 X120.511 Y98.338 Z8.588 E554.42892
G1 X121.102 Y98.898 Z8.59 E554.48985
G1 X121.662 Y99.489 Z8.592 E554.55078
G1 X122.196 Y100.114 Z8.595 E554.61229
G1 X122.706 Y100.778 Z8.598 E554.67495
G1 X123.163 Y101.443 Z8.6 E554.73534
G1 X123.6 Y102.157 Z8.603 E554.79798
G1 X123.992 Y102.879 Z8.605 E554.85946
G1 X124.346 Y103.621 Z8.608 E554.92099
G1 X124.654 Y104.366 Z8.61 E554.98132
G1 X124.929 Y105.141 Z8.612 E555.04286
G1 X125.163 Y105.929 Z8.615 E555.10437
G1 X125.358 Y106.743 Z8.618 E555.16701
G1 X125.508 Y107.552 Z8.62 E555.22859
G1 X125.613 Y108.351 Z8.622 E555.28889
G1 X125.678 Y109.171 Z8.625 E555.35045
G1 X125.7 Y109.992 Z8.627 E555.41191
G1 X125.678 Y110.824 Z8.63 E555.4742
G1 X125.613 Y111.649 Z8.633 E555.53613
G1 X125.508 Y112.448 Z8.635 E555.59644
G1 X125.358 Y113.257 Z8.637 E555.65801
G1 X125.167 Y114.056 Z8.64 E555.71949
G1 X124.931 Y114.854 Z8.643 E555.78177
G1 X124.655 Y115.631 Z8.645 E555.84347
G1 X124.346 Y116.379 Z8.647 E555.90404
G1 X123.992 Y117.121 Z8.65 E555.96556
G1 X123.6 Y117.843 Z8.652 E556.02704
G1 X123.163 Y118.557 Z8.655 E556.08969
G1 X122.706 Y119.222 Z8.657 E556.15007
G1 X122.198 Y119.883 Z8.66 E556.21246
G1 X121.666 Y120.506 Z8.663 E556.27377
G1 X121.102 Y121.102 Z8.665 E556.33518
G1 X120.511 Y121.662 Z8.667 E556.39611
G1 X119.886 Y122.196 Z8.67 E556.45762
G1 X119.223 Y122.705 Z8.673 E556.52018
G1 X118.557 Y123.163 Z8.675 E556.58066
G1 X117.849 Y123.597 Z8.678 E556.64281
G1 X117.126 Y123.989 Z8.68 E556.70436
G1 X116.382 Y124.344 Z8.683 E556.76605
G1 X115.634 Y124.654 Z8.685 E556.82664
G1 X114.854 Y124.931 Z8.687 E556.88859
G1 X114.063 Y125.165 Z8.69 E556.95032
G1 X113.261 Y125.357 Z8.693 E557.01203
G1 X112.448 Y125.508 Z8.695 E557.07391
G1 X111.649 Y125.613 Z8.697 E557.13422
G1 X110.824 Y125.678 Z8.7 E557.19615
;TIME_ELAPSED:326.159979
;LAYER:28
;TYPE:WALL-OUTER
;MESH:flow_cal_cylinder_32x30.stl
G1 X110 Y125.7 Z8.703 E557.25784
G1 X109.176 Y125.678 Z8.705 E557.31952
G1 X108.351 Y125.613 Z8.708 E557.38146
G1 X107.552 Y125.508 Z8.71 E557.44176
G1 X106.739 Y125.357 Z8.712 E557.50365
G1 X105.937 Y125.165 Z8.715 E557.56536
G1 X105.146 Y124.931 Z8.718 E557.62709
G1 X104.366 Y124.654 Z8.72 E557.68903
G1 X103.618 Y124.344 Z8.722 E557.74963
G1 X102.874 Y123.989 Z8.725 E557.81132
G1 X102.151 Y123.597 Z8.728 E557.87287
G1 X101.443 Y123.163 Z8.73 E557.93501
G1 X100.777 Y122.705 Z8.732 E557.9955
G1 X100.114 Y122.196 Z8.735 E558.05805
G1 X99.489 Y121.662 Z8.738 E558.11957
G1 X98.898 Y121.102 Z8.74 E558.1805
G1 X98.334 Y120.506 Z8.743 E558.24191
G1 X97.802 Y119.883 Z8.745 E558.30322
G1 X97.294 Y119.222 Z8.748 E558.3656
G1 X96.837 Y118.557 Z8.75 E558.42599
G1 X96.4 Y117.843 Z8.753 E558.48863
G1 X96.008 Y117.121 Z8.755 E558.55012
G1 X95.654 Y116.379 Z8.758 E558.61164
G1 X95.345 Y115.631 Z8.76 E558.6722
G1 X95.069 Y114.854 Z8.762 E558.73391
G1 X94.833 Y114.056 Z8.765 E558.79619
G1 X94.642 Y113.257 Z8.768 E558.85767
G1 X94.492 Y112.448 Z8.77 E558.91924
G1 X94.387 Y111.649 Z8.772 E558.97955
G1 X94.322 Y110.824 Z8.775 E559.04148
G1 X94.3 Y110.008 Z8.777 E559.10257
G1 X94.322 Y109.171 Z8.78 E559.16522
G1 X94.387 Y108.351 Z8.783 E559.22678
G1 X94.492 Y107.552 Z8.785 E559.28709
G1 X94.642 Y106.743 Z8.787 E559.34866
G1 X94.833 Y105.944 Z8.79 E559.41014
G1 X95.071 Y105.141 Z8.793 E559.47282
G1 X95.346 Y104.366 Z8.795 E559.53436
G1 X95.654 Y103.621 Z8.797 E559.59469
G1 X96.008 Y102.879 Z8.8 E559.65621
G1 X96.4 Y102.157 Z8.802 E559.71769
G1 X96.837 Y101.443 Z8.805 E559.78034
G1 X97.294 Y100.778 Z8.807 E559.84073
G1 X97.804 Y100.114 Z8.81 E559.90338
G1 X98.338 Y99.489 Z8.813 E559.9649
G1 X98.898 Y98.898 Z8.815 E560.02583
G1 X99.489 Y98.338 Z8.817 E560.08676
G1 X100.114 Y97.804 Z8.82 E560.14828
G1 X100.778 Y97.294 Z8.823 E560.21094
G1 X101.443 Y96.837 Z8.825 E560.27132
G1 X102.151 Y96.403 Z8.828 E560.33347
G1 X102.874 Y96.011 Z8.83 E560.39501
G1 X103.618 Y95.656 Z8.833 E560.4567
G1 X104.366 Y95.346 Z8.835 E560.5173
G1 X105.146 Y95.069 Z8.837 E560.57924
G1 X105.937 Y94.835 Z8.84 E560.64097
G1 X106.739 Y94.643 Z8.843 E560.70269
G1 X107.552 Y94.492 Z8.845 E560.76457
G1 X108.351 Y94.387 Z8.847 E560.82488
G1 X109.176 Y94.322 Z8.85 E560.88681
G1 X110 Y94.3 Z8.853 E560.94849
G1 X110.824 Y94.322 Z8.855 E561.01018
G1 X111.649 Y94.387 Z8.858 E561.07211
G1 X112.448 Y94.492 Z8.86 E561.13242
G1 X113.261 Y94.643 Z8.862 E561.1943
G1 X114.063 Y94.835 Z8.865 E561.25601
G1 X114.854 Y95.069 Z8.868 E561.31775
G1 X115.634 Y95.346 Z8.87 E561.37969
G1 X116.382 Y95.656 Z8.872 E561.44028
G1 X117.126 Y96.011 Z8.875 E561.50197
G1 X117.849 Y96.403 Z8.878 E561.56352
G1 X118.557 Y96.837 Z8.88 E561.62567
G1 X119.222 Y97.294 Z8.882 E561.68605
G1 X119.886 Y97.804 Z8.885 E561.74871
G1 X120.511 Y98.338 Z8.888 E561.81023
G1 X121.102 Y98.898 Z8.89 E561.87116
G1 X121.662 Y99.489 Z8.892 E561.93209
G1 X122.196 Y100.114 Z8.895 E561.99361
G1 X122.706 Y100.778 Z8.898 E562.05626
G1 X123.163 Y101.443 Z8.9 E562.11665
G1 X123.6 Y102.157 Z8.903 E562.17929
G1 X123.992 Y102.879 Z8.905 E562.24077
G1 X124.346 Y103.621 Z8.908 E562.3023
G1 X124.654 Y104.366 Z8.91 E562.36263
G1 X124.929 Y105.141 Z8.912 E562.42417
G1 X125.163 Y105.929 Z8.915 E562.48568
G1 X125.358 Y106.743 Z8.918 E562.54832
G1 X125.508 Y107.552 Z8.92 E562.6099
G1 X125.613 Y108.351 Z8.922 E562.6702
G1 X125.678 Y109.171 Z8.925 E562.73176
G1 X125.7 Y109.992 Z8.927 E562.79322
G1 X125.678 Y110.824 Z8.93 E562.85551
G1 X125.613 Y111.649 Z8.933 E562.91744
G1 X125.508 Y112.448 Z8.935 E562.97775
G1 X125.358 Y113.257 Z8.937 E563.03932
G1 X125.167 Y114.056 Z8.94 E563.1008
G1 X124.931 Y114.854 Z8.943 E563.16308
G1 X124.655 Y115.631 Z8.945 E563.22478
G1 X124.346 Y116.379 Z8.947 E563.28535
G1 X123.992 Y117.121 Z8.95 E563.34687
G1 X123.6 Y117.843 Z8.952 E563.40835
G1 X123.163 Y118.557 Z8.955 E563.471
G1 X122.706 Y119.222 Z8.957 E563.53138
G1 X122.198 Y119.883 Z8.96 E563.59377
G1 X121.666 Y120.506 Z8.963 E563.65508
G1 X121.102 Y121.102 Z8.965 E563.71649
G1 X120.511 Y121.662 Z8.967 E563.77742
G1 X119.886 Y122.196 Z8.97 E563.83894
G1 X119.223 Y122.705 Z8.973 E563.90149
G1 X118.557 Y123.163 Z8.975 E563.96198
G1 X117.849 Y123.597 Z8.978 E564.02412
G1 X117.126 Y123.989 Z8.98 E564.08567
G1 X116.382 Y124.344 Z8.983 E564.14736
G1 X115.634 Y124.654 Z8.985 E564.20795
G1 X114.854 Y124.931 Z8.987 E564.2699
G1 X114.063 Y125.165 Z8.99 E564.33163
G1 X113.261 Y125.357 Z8.993 E564.39334
G1 X112.448 Y125.508 Z8.995 E564.45522
G1 X111.649 Y125.613 Z8.997 E564.51553
G1 X110.824 Y125.678 Z9 E564.57746
;TIME_ELAPSED:329.498515
;LAYER:29
;TYPE:WALL-OUTER
;MESH:flow_cal_cylinder_32x30.stl
G1 X110 Y125.7 Z9.003 E564.63915
G1 X109.176 Y125.678 Z9.005 E564.70084
G1 X108.351 Y125.613 Z9.008 E564.76277
G1 X107.552 Y125.508 Z9.01 E564.82307
G1 X106.739 Y125.357 Z9.012 E564.88496
G1 X105.937 Y125.165 Z9.015 E564.94667
G1 X105.146 Y124.931 Z9.018 E565.0084
G1 X104.366 Y124.654 Z9.02 E565.07034
G1 X103.618 Y124.344 Z9.022 E565.13094
G1 X102.874 Y123.989 Z9.025 E565.19263
G1 X102.151 Y123.597 Z9.028 E565.25418
G1 X101.443 Y123.163 Z9.03 E565.31632
G1 X100.777 Y122.705 Z9.032 E565.37681
G1 X100.114 Y122.196 Z9.035 E565.43936
G1 X99.489 Y121.662 Z9.038 E565.50088
G1 X98.898 Y121.102 Z9.04 E565.56181
G1 X98.334 Y120.506 Z9.043 E565.62322
G1 X97.802 Y119.883 Z9.045 E565.68453
G1 X97.294 Y119.222 Z9.048 E565.74691
G1 X96.837 Y118.557 Z9.05 E565.8073
G1 X96.4 Y117.843 Z9.053 E565.86994
G1 X96.008 Y117.121 Z9.055 E565.93143
G1 X95.654 Y116.379 Z9.058 E565.99295
G1 X95.345 Y115.631 Z9.06 E566.05351
G1 X95.069 Y114.854 Z9.062 E566.11522
G1 X94.833 Y114.056 Z9.065 E566.1775
G1 X94.642 Y113.257 Z9.068 E566.23898
G1 X94.492 Y112.448 Z9.07 E566.30055
G1 X94.387 Y111.649 Z9.072 E566.36086
G1 X94.322 Y110.824 Z9.075 E566.42279
G1 X94.3 Y110.008 Z9.077 E566.48388
G1 X94.322 Y109.171 Z9.08 E566.54654
G1 X94.387 Y108.351 Z9.083 E566.60809
G1 X94.492 Y107.552 Z9.085 E566.6684
G1 X94.642 Y106.743 Z9.087 E566.72997
G1 X94.833 Y105.944 Z9.09 E566.79145
G1 X95.071 Y105.141 Z9.093 E566.85413
G1 X95.346 Y104.366 Z9.095 E566.91567
G1 X95.654 Y103.621 Z9.097 E566.976
G1 X96.008 Y102.879 Z9.1 E567.03752
G1 X96.4 Y102.157 Z9.102 E567.09901
G1 X96.837 Y101.443 Z9.105 E567.16165
G1 X97.294 Y100.778 Z9.107 E567.22204
G1 X97.804 Y100.114 Z9.11 E567.28469
G1 X98.338 Y99.489 Z9.113 E567.34621
G1 X98.898 Y98.898 Z9.115 E567.40714
G1 X99.489 Y98.338 Z9.117 E567.46807
G1 X100.114 Y97.804 Z9.12 E567.52959
G1 X100.778 Y97.294 Z9.123 E567.59225
G1 X101.443 Y96.837 Z9.125 E567.65263
G1 X102.151 Y96.403 Z9.128 E567.71478
G1 X102.874 Y96.011 Z9.13 E567.77632
G1 X103.618 Y95.656 Z9.133 E567.83801
G1 X104.366 Y95.346 Z9.135 E567.89861
G1 X105.146 Y95.069 Z9.137 E567.96055
G1 X105.937 Y94.835 Z9.14 E568.02228
G1 X106.739 Y94.643 Z9.143 E568.084
G1 X107.552 Y94.492 Z9.145 E568.14588
G1 X108.351 Y94.387 Z9.147 E568.20619
G1 X109.176 Y94.322 Z9.15 E568.26812
G1 X110 Y94.3 Z9.153 E568.3298
G1 X110.824 Y94.322 Z9.155 E568.39149
G1 X111.649 Y94.387 Z9.158 E568.45342
G1 X112.448 Y94.492 Z9.16 E568.51373
G1 X113.261 Y94.643 Z9.162 E568.57561
G1 X114.063 Y94.835 Z9.165 E568.63733
G1 X114.854 Y95.069 Z9.168 E568.69906
G1 X115.634 Y95.346 Z9.17 E568.761
G1 X116.382 Y95.656 Z9.172 E568.82159
G1 X117.126 Y96.011 Z9.175 E568.88328
G1 X117.849 Y96.403 Z9.178 E568.94483
G1 X118.557 Y96.837 Z9.18 E569.00698
G1 X119.222 Y97.294 Z9.182 E569.06736
G1 X119.886 Y97.804 Z9.185 E569.13002
G1 X120.511 Y98.338 Z9.188 E569.19154
G1 X121.102 Y98.898 Z9.19 E569.25247
G1 X121.662 Y99.489 Z9.192 E569.3134
G1 X122.196 Y100.114 Z9.195 E569.37492
G1 X122.706 Y100.778 Z9.198 E569.43757
G1 X123.163 Y101.443 Z9.2 E569.49796
G1 X123.6 Y102.157 Z9.203 E569.5606
G1 X123.992 Y102.879 Z9.205 E569.62208
G1 X124.346 Y103.621 Z9.208 E569.68361
G1 X124.654 Y104.366 Z9.21 E569.74394
G1 X124.929 Y105.141 Z9.212 E569.80548
G1 X125.163 Y105.929 Z9.215 E569.86699
G1 X125.358 Y106.743 Z9.218 E569.92963
G1 X125.508 Y107.552 Z9.22 E569.99121
G1 X125.613 Y108.351 Z9.222 E570.05152
G1 X125.678 Y109.171 Z9.225 E570.11307
G1 X125.7 Y109.992 Z9.227 E570.17454
G1 X125.678 Y110.824 Z9.23 E570.23682
G1 X125.613 Y111.649 Z9.233 E570.29875
G1 X125.508 Y112.448 Z9.235 E570.35906
G1 X125.358 Y113.257 Z9.237 E570.42063
G1 X125.167 Y114.056 Z9.24 E570.48211
G1 X124.931 Y114.854 Z9.243 E570.54439
G1 X124.655 Y115.631 Z9.245 E570.60609
G1 X124.346 Y116.379 Z9.247 E570.66666
G1 X123.992 Y117.121 Z9.25 E570.72818
G1 X123.6 Y117.843 Z9.252 E570.78966
G1 X123.163 Y118.557 Z9.255 E570.85231
G1 X122.706 Y119.222 Z9.257 E570.91269
G1 X122.198 Y119.883 Z9.26 E570.97508
G1 X121.666 Y120.506 Z9.263 E571.03639
G1 X121.102 Y121.102 Z9.265 E571.0978
G1 X120.511 Y121.662 Z9.267 E571.15873
G1 X119.886 Y122.196 Z9.27 E571.22025
G1 X119.223 Y122.705 Z9.273 E571.2828
G1 X118.557 Y123.163 Z9.275 E571.34329
G1 X117.849 Y123.597 Z9.278 E571.40543
G1 X117.126 Y123.989 Z9.28 E571.46698
G1 X116.382 Y124.344 Z9.283 E571.52867
G1 X115.634 Y124.654 Z9.285 E571.58926
G1 X114.854 Y124.931 Z9.287 E571.65121
G1 X114.063 Y125.165 Z9.29 E571.71294
G1 X113.261 Y125.357 Z9.293 E571.77465
G1 X112.448 Y125.508 Z9.295 E571.83653
G1 X111.649 Y125.613 Z9.297 E571.89684
G1 X110.824 Y125.678 Z9.3 E571.95877
;TIME_ELAPSED:332.837051
;LAYER:30
;TYPE:WALL-OUTER
;MESH:flow_cal_cylinder_32x30.stl
G1 X110 Y125.7 Z9.303 E572.02046
G1 X109.176 Y125.678 Z9.305 E572.08215
G1 X108.351 Y125.613 Z9.308 E572.14408
G1 X107.552 Y125.508 Z9.31 E572.20438
G1 X106.739 Y125.357 Z9.312 E572.26627
G1 X105.937 Y125.165 Z9.315 E572.32798
G1 X105.146 Y124.931 Z9.318 E572.38971
G1 X104.366 Y124.654 Z9.32 E572.45166
G1 X103.618 Y124.344 Z9.322 E572.51225
G1 X102.874 Y123.989 Z9.325 E572.57394
G1 X102.151 Y123.597 Z9.328 E572.63549
G1 X101.443 Y123.163 Z9.33 E572.69763
G1 X100.777 Y122.705 Z9.332 E572.75812
G1 X100.114 Y122.196 Z9.335 E572.82067
G1 X99.489 Y121.662 Z9.338 E572.88219
G1 X98.898 Y121.102 Z9.34 E572.94312
G1 X98.334 Y120.506 Z9.343 E573.00453
G1 X97.802 Y119.883 Z9.345 E573.06584
G1 X97.294 Y119.222 Z9.348 E573.12822
G1 X96.837 Y118.557 Z9.35 E573.18861
G1 X96.4 Y117.843 Z9.353 E573.25126
G1 X96.008 Y117.121 Z9.355 E573.31274
G1 X95.654 Y116.379 Z9.358 E573.37426
G1 X95.345 Y115.631 Z9.36 E573.43483
G1 X95.069 Y114.854 Z9.362 E573.49653
G1 X94.833 Y114.056 Z9.365 E573.55881
G1 X94.642 Y113.257 Z9.368 E573.62029
G1 X94.492 Y112.448 Z9.37 E573.68186
G1 X94.387 Y111.649 Z9.372 E573.74217
G1 X94.322 Y110.824 Z9.375 E573.8041
G1 X94.3 Y110.008 Z9.377 E573.86519
G1 X94.322 Y109.171 Z9.38 E573.92785
G1 X94.387 Y108.351 Z9.383 E573.9894
G1 X94.492 Y107.552 Z9.385 E574.04971
G1 X94.642 Y106.743 Z9.387 E574.11129
G1 X94.833 Y105.944 Z9.39 E574.17276
G1 X95.071 Y105.141 Z9.393 E574.23544
G1 X95.346 Y104.366 Z9.395 E574.29698
G1 X95.654 Y103.621 Z9.397 E574.35731
G1 X96.008 Y102.879 Z9.4 E574.41883
G1 X96.4 Y102.157 Z9.402 E574.48032
G1 X96.837 Y101.443 Z9.405 E574.54296
G1 X97.294 Y100.778 Z9.407 E574.60335
G1 X97.804 Y100.114 Z9.41 E574.666
G1 X98.338 Y99.489 Z9.413 E574.72752
G1 X98.898 Y98.898 Z9.415 E574.78845
G1 X99.489 Y98.338 Z9.417 E574.84938
G1 X100.114 Y97.804 Z9.42 E574.9109
G1 X100.778 Y97.294 Z9.423 E574.97356
G1 X101.443 Y96.837 Z9.425 E575.03394
G1 X102.151 Y96.403 Z9.428 E575.09609
G1 X102.874 Y96.011 Z9.43 E575.15763
G1 X103.618 Y95.656 Z9.433 E575.21933
G1 X104.366 Y95.346 Z9.435 E575.27992
G1 X105.146 Y95.069 Z9.437 E575.34186
G1 X105.937 Y94.835 Z9.44 E575.40359
G1 X106.739 Y94.643 Z9.443 E575.46531
G1 X107.552 Y94.492 Z9.445 E575.52719
G1 X108.351 Y94.387 Z9.447 E575.5875
G1 X109.176 Y94.322 Z9.45 E575.64943
G1 X110 Y94.3 Z9.453 E575.71112
G1 X110.824 Y94.322 Z9.455 E575.7728
G1 X111.649 Y94.387 Z9.458 E575.83473
G1 X112.448 Y94.492 Z9.46 E575.89504
G1 X113.261 Y94.643 Z9.462 E575.95692
G1 X114.063 Y94.835 Z9.465 E576.01864
G1 X114.854 Y95.069 Z9.468 E576.08037
G1 X115.634 Y95.346 Z9.47 E576.14231
G1 X116.382 Y95.656 Z9.472 E576.2029
G1 X117.126 Y96.011 Z9.475 E576.2646
G1 X117.849 Y96.403 Z9.478 E576.32614
G1 X118.557 Y96.837 Z9.48 E576.38829
G1 X119.222 Y97.294 Z9.482 E576.44867
G1 X119.886 Y97.804 Z9.485 E576.51133
G1 X120.511 Y98.338 Z9.488 E576.57285
G1 X121.102 Y98.898 Z9.49 E576.63378
G1 X121.662 Y99.489 Z9.492 E576.69471
G1 X122.196 Y100.114 Z9.495 E576.75623
G1 X122.706 Y100.778 Z9.498 E576.81888
G1 X123.163 Y101.443 Z9.5 E576.87927
G1 X123.6 Y102.157 Z9.503 E576.94191
G1 X123.992 Y102.879 Z9.505 E577.0034
G1 X124.346 Y103.621 Z9.508 E577.06492
G1 X124.654 Y104.366 Z9.51 E577.12525
G1 X124.929 Y105.141 Z9.512 E577.18679
G1 X125.163 Y105.929 Z9.515 E577.2483
G1 X125.358 Y106.743 Z9.518 E577.31094
G1 X125.508 Y107.552 Z9.52 E577.37252
G1 X125.613 Y108.351 Z9.522 E577.43283
G1 X125.678 Y109.171 Z9.525 E577.49438
G1 X125.7 Y109.992 Z9.527 E577.55585
G1 X125.678 Y110.824 Z9.53 E577.61813
G1 X125.613 Y111.649 Z9.533 E577.68006
G1 X125.508 Y112.448 Z9.535 E577.74037
G1 X125.358 Y113.257 Z9.537 E577.80194
G1 X125.167 Y114.056 Z9.54 E577.86342
G1 X124.931 Y114.854 Z9.543 E577.9257
G1 X124.655 Y115.631 Z9.545 E577.9874
G1 X124.346 Y116.379 Z9.547 E578.04797
G1 X123.992 Y117.121 Z9.55 E578.10949
G1 X123.6 Y117.843 Z9.552 E578.17097
G1 X123.163 Y118.557 Z9.555 E578.23362
G1 X122.706 Y119.222 Z9.557 E578.29401
G1 X122.198 Y119.883 Z9.56 E578.35639
G1 X121.666 Y120.506 Z9.563 E578.4177
G1 X121.102 Y121.102 Z9.565 E578.47911
G1 X120.511 Y121.662 Z9.567 E578.54004
G1 X119.886 Y122.196 Z9.57 E578.60156
G1 X119.223 Y122.705 Z9.573 E578.66411
G1 X118.557 Y123.163 Z9.575 E578.7246
G1 X117.849 Y123.597 Z9.578 E578.78674
G1 X117.126 Y123.989 Z9.58 E578.84829
G1 X116.382 Y124.344 Z9.583 E578.90998
G1 X115.634 Y124.654 Z9.585 E578.97057
G1 X114.854 Y124.931 Z9.587 E579.03252
G1 X114.063 Y125.165 Z9.59 E579.09425
G1 X113.261 Y125.357 Z9.593 E579.15596
G1 X112.448 Y125.508 Z9.595 E579.21785
G1 X111.649 Y125.613 Z9.597 E579.27815
G1 X110.824 Y125.678 Z9.6 E579.34008
;TIME_ELAPSED:336.175587
;LAYER:31
;TYPE:WALL-OUTER
;MESH:flow_cal_cylinder_32x30.stl
G1 X110 Y125.7 Z9.603 E579.40177
G1 X109.176 Y125.678 Z9.605 E579.46346
G1 X108.351 Y125.613 Z9.608 E579.52539
G1 X107.552 Y125.508 Z9.61 E579.5857
G1 X106.739 Y125.357 Z9.612 E579.64758
G1 X105.937 Y125.165 Z9.615 E579.70929
G1 X105.146 Y124.931 Z9.618 E579.77102
G1 X104.366 Y124.654 Z9.62 E579.83297
G1 X103.618 Y124.344 Z9.622 E579.89356
G1 X102.874 Y123.989 Z9.625 E579.95525
G1 X102.151 Y123.597 Z9.628 E580.0168
G1 X101.443 Y123.163 Z9.63 E580.07894
G1 X100.777 Y122.705 Z9.632 E580.13943
G1 X100.114 Y122.196 Z9.635 E580.20198
G1 X99.489 Y121.662 Z9.638 E580.2635
G1 X98.898 Y121.102 Z9.64 E580.32443
G1 X98.334 Y120.506 Z9.643 E580.38584
G1 X97.802 Y119.883 Z9.645 E580.44715
G1 X97.294 Y119.222 Z9.648 E580.50954
G1 X96.837 Y118.557 Z9.65 E580.56992
G1 X96.4 Y117.843 Z9.653 E580.63257
G1 X96.008 Y117.121 Z9.655 E580.69405
G1 X95.654 Y116.379 Z9.658 E580.75557
G1 X95.345 Y115.631 Z9.66 E580.81614
G1 X95.069 Y114.854 Z9.662 E580.87784
G1 X94.833 Y114.056 Z9.665 E580.94012
G1 X94.642 Y113.257 Z9.668 E581.0016
G1 X94.492 Y112.448 Z9.67 E581.06317
G1 X94.387 Y111.649 Z9.672 E581.12348
G1 X94.322 Y110.824 Z9.675 E581.18541
G1 X94.3 Y110.008 Z9.677 E581.2465
G1 X94.322 Y109.171 Z9.68 E581.30916
G1 X94.387 Y108.351 Z9.683 E581.37071
G1 X94.492 Y107.552 Z9.685 E581.43102
G1 X94.642 Y106.743 Z9.687 E581.4926
G1 X94.833 Y105.944 Z9.69 E581.55407
G1 X95.071 Y105.141 Z9.693 E581.61675
G1 X95.346 Y104.366 Z9.695 E581.67829
G1 X95.654 Y103.621 Z9.697 E581.73862
G1 X96.008 Y102.879 Z9.7 E581.80015
G1 X96.4 Y102.157 Z9.702 E581.86163
G1 X96.837 Y101.443 Z9.705 E581.92427
G1 X97.294 Y100.778 Z9.707 E581.98466
G1 X97.804 Y100.114 Z9.71 E582.04731
G1 X98.338 Y99.489 Z9.713 E582.10883
G1 X98.898 Y98.898 Z9.715 E582.16976
G1 X99.489 Y98.338 Z9.717 E582.23069
G1 X100.114 Y97.804 Z9.72 E582.29221
G1 X100.778 Y97.294 Z9.723 E582.35487
G1 X101.443 Y96.837 Z9.725 E582.41525
G1 X102.151 Y96.403 Z9.728 E582.4774
G1 X102.874 Y96.011 Z9.73 E582.53895
G1 X103.618 Y95.656 Z9.733 E582.60064
G1 X104.366 Y95.346 Z9.735 E582.66123
G1 X105.146 Y95.069 Z9.737 E582.72317
G1 X105.937 Y94.835 Z9.74 E582.7849
G1 X106.739 Y94.643 Z9.743 E582.84662
G1 X107.552 Y94.492 Z9.745 E582.9085
G1 X108.351 Y94.387 Z9.747 E582.96881
G1 X109.176 Y94.322 Z9.75 E583.03074
G1 X110 Y94.3 Z9.753 E583.09243
G1 X110.824 Y94.322 Z9.755 E583.15411
G1 X111.649 Y94.387 Z9.758 E583.21604
G1 X112.448 Y94.492 Z9.76 E583.27635
G1 X113.261 Y94.643 Z9.762 E583.33823
G1 X114.063 Y94.835 Z9.765 E583.39995
G1 X114.854 Y95.069 Z9.768 E583.46168
G1 X115.634 Y95.346 Z9.77 E583.52362
G1 X116.382 Y95.656 Z9.772 E583.58421
G1 X117.126 Y96.011 Z9.775 E583.64591
G1 X117.849 Y96.403 Z9.778 E583.70745
G1 X118.557 Y96.837 Z9.78 E583.7696
G1 X119.222 Y97.294 Z9.782 E583.82998
G1 X119.886 Y97.804 Z9.785 E583.89264
G1 X120.511 Y98.338 Z9.788 E583.95416
G1 X121.102 Y98.898 Z9.79 E584.01509
G1 X121.662 Y99.489 Z9.792 E584.07602
G1 X122.196 Y100.114 Z9.795 E584.13754
G1 X122.706 Y100.778 Z9.798 E584.20019
G1 X123.163 Y101.443 Z9.8 E584.26058
G1 X123.6 Y102.157 Z9.803 E584.32322
G1 X123.992 Y102.879 Z9.805 E584.38471
G1 X124.346 Y103.621 Z9.808 E584.44623
G1 X124.654 Y104.366 Z9.81 E584.50656
G1 X124.929 Y105.141 Z9.812 E584.5681
G1 X125.163 Y105.929 Z9.815 E584.62962
G1 X125.358 Y106.743 Z9.818 E584.69226
G1 X125.508 Y107.552 Z9.82 E584.75383
G1 X125.613 Y108.351 Z9.822 E584.81414
G1 X125.678 Y109.171 Z9.825 E584.87569
G1 X125.7 Y109.992 Z9.827 E584.93716
G1 X125.678 Y110.824 Z9.83 E584.99944
G1 X125.613 Y111.649 Z9.833 E585.06137
G1 X125.508 Y112.448 Z9.835 E585.12168
G1 X125.358 Y113.257 Z9.837 E585.18325
G1 X125.167 Y114.056 Z9.84 E585.24473
G1 X124.931 Y114.854 Z9.843 E585.30701
G1 X124.655 Y115.631 Z9.845 E585.36872
G1 X124.346 Y116.379 Z9.847 E585.42928
G1 X123.992 Y117.121 Z9.85 E585.4908
G1 X123.6 Y117.843 Z9.852 E585.55229
G1 X123.163 Y118.557 Z9.855 E585.61493
G1 X122.706 Y119.222 Z9.857 E585.67532
G1 X122.198 Y119.883 Z9.86 E585.7377
G1 X121.666 Y120.506 Z9.863 E585.79901
G1 X121.102 Y121.102 Z9.865 E585.86042
G1 X120.511 Y121.662 Z9.867 E585.92135
G1 X119.886 Y122.196 Z9.87 E585.98287
G1 X119.223 Y122.705 Z9.873 E586.04542
G1 X118.557 Y123.163 Z9.875 E586.10591
G1 X117.849 Y123.597 Z9.878 E586.16805
G1 X117.126 Y123.989 Z9.88 E586.2296
G1 X116.382 Y124.344 Z9.883 E586.29129
G1 X115.634 Y124.654 Z9.885 E586.35189
G1 X114.854 Y124.931 Z9.887 E586.41383
G1 X114.063 Y125.165 Z9.89 E586.47556
G1 X113.261 Y125.357 Z9.893 E586.53727
G1 X112.448 Y125.508 Z9.895 E586.59916
G1 X111.649 Y125.613 Z9.897 E586.65946
G1 X110.824 Y125.678 Z9.9 E586.72139
;TIME_ELAPSED:339.514122
;LAYER:32
;TYPE:WALL-OUTER
;MESH:flow_cal_cylinder_32x30.stl
G1 X110 Y125.7 Z9.903 E586.78308
G1 X109.176 Y125.678 Z9.905 E586.84477
G1 X108.351 Y125.613 Z9.908 E586.9067
G1 X107.552 Y125.508 Z9.91 E586.96701
G1 X106.739 Y125.357 Z9.912 E587.02889
G1 X105.937 Y125.165 Z9.915 E587.0906
G1 X105.146 Y124.931 Z9.918 E587.15233
G1 X104.366 Y124.654 Z9.92 E587.21428
G1 X103.618 Y124.344 Z9.922 E587.27487
G1 X102.874 Y123.989 Z9.925 E587.33656
G1 X102.151 Y123.597 Z9.928 E587.39811
G1 X101.443 Y123.163 Z9.93 E587.46025
G1 X100.777 Y122.705 Z9.932 E587.52074
G1 X100.114 Y122.196 Z9.935 E587.58329
G1 X99.489 Y121.662 Z9.938 E587.64481
G1 X98.898 Y121.102 Z9.94 E587.70574
G1 X98.334 Y120.506 Z9.943 E587.76715
G1 X97.802 Y119.883 Z9.945 E587.82846
G1 X97.294 Y119.222 Z9.948 E587.89085
G1 X96.837 Y118.557 Z9.95 E587.95123
G1 X96.4 Y117.843 Z9.953 E588.01388
G1 X96.008 Y117.121 Z9.955 E588.07536
G1 X95.654 Y116.379 Z9.958 E588.13688
G1 X95.345 Y115.631 Z9.96 E588.19745
G1 X95.069 Y114.854 Z9.962 E588.25915
G1 X94.833 Y114.056 Z9.965 E588.32143
G1 X94.642 Y113.257 Z9.968 E588.38291
G1 X94.492 Y112.448 Z9.97 E588.44448
G1 X94.387 Y111.649 Z9.972 E588.50479
G1 X94.322 Y110.824 Z9.975 E588.56672
G1 X94.3 Y110.008 Z9.977 E588.62781
G1 X94.322 Y109.171 Z9.98 E588.69047
G1 X94.387 Y108.351 Z9.983 E588.75203
G1 X94.492 Y107.552 Z9.985 E588.81233
G1 X94.642 Y106.743 Z9.987 E588.87391
G1 X94.833 Y105.944 Z9.99 E588.93539
G1 X95.071 Y105.141 Z9.993 E588.99806
G1 X95.346 Y104.366 Z9.995 E589.0596
G1 X95.654 Y103.621 Z9.997 E589.11993
G1 X96.008 Y102.879 Z10 E589.18146
G1 X96.4 Y102.157 Z10.002 E589.24294
G1 X96.837 Y101.443 Z10.005 E589.30558
G1 X97.294 Y100.778 Z10.007 E589.36597
G1 X97.804 Y100.114 Z10.01 E589.42862
G1 X98.338 Y99.489 Z10.013 E589.49014
G1 X98.898 Y98.898 Z10.015 E589.55107
G1 X99.489 Y98.338 Z10.017 E589.612
G1 X100.114 Y97.804 Z10.02 E589.67352
G1 X100.778 Y97.294 Z10.023 E589.73618
G1 X101.443 Y96.837 Z10.025 E589.79656
G1 X102.151 Y96.403 Z10.028 E589.85871
G1 X102.874 Y96.011 Z10.03 E589.92026
G1 X103.618 Y95.656 Z10.033 E589.98195
G1 X104.366 Y95.346 Z10.035 E590.04254
G1 X105.146 Y95.069 Z10.037 E590.10448
G1 X105.937 Y94.835 Z10.04 E590.16622
G1 X106.739 Y94.643 Z10.043 E590.22793
G1 X107.552 Y94.492 Z10.045 E590.28981
G1 X108.351 Y94.387 Z10.047 E590.35012
G1 X109.176 Y94.322 Z10.05 E590.41205
G1 X110 Y94.3 Z10.053 E590.47374
G1 X110.824 Y94.322 Z10.055 E590.53542
G1 X111.649 Y94.387 Z10.058 E590.59735
G1 X112.448 Y94.492 Z10.06 E590.65766
G1 X113.261 Y94.643 Z10.062 E590.71954
G1 X114.063 Y94.835 Z10.065 E590.78126
G1 X114.854 Y95.069 Z10.068 E590.84299
G1 X115.634 Y95.346 Z10.07 E590.90493
G1 X116.382 Y95.656 Z10.072 E590.96553
G1 X117.126 Y96.011 Z10.075 E591.02722
G1 X117.849 Y96.403 Z10.078 E591.08876
G1 X118.557 Y96.837 Z10.08 E591.15091
G1 X119.222 Y97.294 Z10.082 E591.21129
G1 X119.886 Y97.804 Z10.085 E591.27395
G1 X120.511 Y98.338 Z10.088 E591.33547
G1 X121.102 Y98.898 Z10.09 E591.3964
G1 X121.662 Y99.489 Z10.092 E591.45733
G1 X122.196 Y100.114 Z10.095 E591.51885
G1 X122.706 Y100.778 Z10.098 E591.5815
G1 X123.163 Y101.443 Z10.1 E591.64189
G1 X123.6 Y102.157 Z10.103 E591.70454
G1 X123.992 Y102.879 Z10.105 E591.76602
G1 X124.346 Y103.621 Z10.108 E591.82754
G1 X124.654 Y104.366 Z10.11 E591.88787
G1 X124.929 Y105.141 Z10.112 E591.94941
G1 X125.163 Y105.929 Z10.115 E592.01093
G1 X125.358 Y106.743 Z10.118 E592.07357
G1 X125.508 Y107.552 Z10.12 E592.13514
G1 X125.613 Y108.351 Z10.122 E592.19545
G1 X125.678 Y109.171 Z10.125 E592.25701
G1 X125.7 Y109.992 Z10.127 E592.31847
G1 X125.678 Y110.824 Z10.13 E592.38075
G1 X125.613 Y111.649 Z10.133 E592.44268
G1 X125.508 Y112.448 Z10.135 E592.50299
G1 X125.358 Y113.257 Z10.137 E592.56456
G1 X125.167 Y114.056 Z10.14 E592.62604
G1 X124.931 Y114.854 Z10.143 E592.68832
G1 X124.655 Y115.631 Z10.145 E592.75003
G1 X124.346 Y116.379 Z10.147 E592.81059
G1 X123.992 Y117.121 Z10.15 E592.87211
G1 X123.6 Y117.843 Z10.152 E592.9336
G1 X123.163 Y118.557 Z10.155 E592.99624
G1 X122.706 Y119.222 Z10.157 E593.05663
G1 X122.198 Y119.883 Z10.16 E593.11901
G1 X121.666 Y120.506 Z10.163 E593.18032
G1 X121.102 Y121.102 Z10.165 E593.24173
G1 X120.511 Y121.662 Z10.167 E593.30266
G1 X119.886 Y122.196 Z10.17 E593.36418
G1 X119.223 Y122.705 Z10.173 E593.42673
G1 X118.557 Y123.163 Z10.175 E593.48722
G1 X117.849 Y123.597 Z10.178 E593.54936
G1 X117.126 Y123.989 Z10.18 E593.61091
G1 X116.382 Y124.344 Z10.183 E593.6726
G1 X115.634 Y124.654 Z10.185 E593.7332
G1 X114.854 Y124.931 Z10.187 E593.79514
G1 X114.063 Y125.165 Z10.19 E593.85687
G1 X113.261 Y125.357 Z10.193 E593.91858
G1 X112.448 Y125.508 Z10.195 E593.98047
G1 X111.649 Y125.613 Z10.197 E594.04077
G1 X110.824 Y125.678 Z10.2 E594.10271
;TIME_ELAPSED:342.852658
;LAYER:33
;TYPE:WALL-OUTER
;MESH:flow_cal_cylinder_32x30.stl
G1 X110 Y125.7 Z10.203 E594.16439
G1 X109.176 Y125.678 Z10.205 E594.22608
G1 X108.351 Y125.613 Z10.208 E594.28801
G1 X107.552 Y125.508 Z10.21 E594.34832
G1 X106.739 Y125.357 Z10.212 E594.4102
G1 X105.937 Y125.165 Z10.215 E594.47191
G1 X105.146 Y124.931 Z10.218 E594.53364
G1 X104.366 Y124.654 Z10.22 E594.59559
G1 X103.618 Y124.344 Z10.222 E594.65618
G1 X102.874 Y123.989 Z10.225 E594.71787
G1 X102.151 Y123.597 Z10.228 E594.77942
G1 X101.443 Y123.163 Z10.23 E594.84157
G1 X100.777 Y122.705 Z10.232 E594.90205
G1 X100.114 Y122.196 Z10.235 E594.96461
G1 X99.489 Y121.662 Z10.238 E595.02612
G1 X98.898 Y121.102 Z10.24 E595.08705
G1 X98.334 Y120.506 Z10.243 E595.14846
G1 X97.802 Y119.883 Z10.245 E595.20977
G1 X97.294 Y119.222 Z10.248 E595.27216
G1 X96.837 Y118.557 Z10.25 E595.33254
G1 X96.4 Y117.843 Z10.253 E595.39519
G1 X96.008 Y117.121 Z10.255 E595.45667
G1 X95.654 Y116.379 Z10.258 E595.51819
G1 X95.345 Y115.631 Z10.26 E595.57876
G1 X95.069 Y114.854 Z10.262 E595.64046
G1 X94.833 Y114.056 Z10.265 E595.70274
G1 X94.642 Y113.257 Z10.268 E595.76422
G1 X94.492 Y112.448 Z10.27 E595.82579
G1 X94.387 Y111.649 Z10.272 E595.8861
G1 X94.322 Y110.824 Z10.275 E595.94803
G1 X94.3 Y110.008 Z10.277 E596.00912
G1 X94.322 Y109.171 Z10.28 E596.07178
G1 X94.387 Y108.351 Z10.283 E596.13334
G1 X94.492 Y107.552 Z10.285 E596.19364
G1 X94.642 Y106.743 Z10.287 E596.25522
G1 X94.833 Y105.944 Z10.29 E596.3167
G1 X95.071 Y105.141 Z10.293 E596.37937
G1 X95.346 Y104.366 Z10.295 E596.44091
G1 X95.654 Y103.621 Z10.297 E596.50124
G1 X96.008 Y102.879 Z10.3 E596.56277
G1 X96.4 Y102.157 Z10.302 E596.62425
G1 X96.837 Y101.443 Z10.305 E596.68689
G1 X97.294 Y100.778 Z10.307 E596.74728
G1 X97.804 Y100.114 Z10.31 E596.80993
G1 X98.338 Y99.489 Z10.313 E596.87145
G1 X98.898 Y98.898 Z10.315 E596.93238
G1 X99.489 Y98.338 Z10.317 E596.99331
G1 X100.114 Y97.804 Z10.32 E597.05483
G1 X100.778 Y97.294 Z10.323 E597.11749
G1 X101.443 Y96.837 Z10.325 E597.17787
G1 X102.151 Y96.403 Z10.328 E597.24002
G1 X102.874 Y96.011 Z10.33 E597.30157
G1 X103.618 Y95.656 Z10.333 E597.36326
G1 X104.366 Y95.346 Z10.335 E597.42385
G1 X105.146 Y95.069 Z10.337 E597.48579
G1 X105.937 Y94.835 Z10.34 E597.54753
G1 X106.739 Y94.643 Z10.343 E597.60924
G1 X107.552 Y94.492 Z10.345 E597.67112
G1 X108.351 Y94.387 Z10.347 E597.73143
G1 X109.176 Y94.322 Z10.35 E597.79336
G1 X110 Y94.3 Z10.353 E597.85505
G1 X110.824 Y94.322 Z10.355 E597.91673
G1 X111.649 Y94.387 Z10.358 E597.97866
G1 X112.448 Y94.492 Z10.36 E598.03897
G1 X113.261 Y94.643 Z10.362 E598.10085
G1 X114.063 Y94.835 Z10.365 E598.16257
G1 X114.854 Y95.069 Z10.368 E598.2243
G1 X115.634 Y95.346 Z10.37 E598.28624
G1 X116.382 Y95.656 Z10.372 E598.34684
G1 X117.126 Y96.011 Z10.375 E598.40853
G1 X117.849 Y96.403 Z10.378 E598.47007
G1 X118.557 Y96.837 Z10.38 E598.53222
G1 X119.222 Y97.294 Z10.382 E598.5926
G1 X119.886 Y97.804 Z10.385 E598.65526
G1 X120.511 Y98.338 Z10.388 E598.71678
G1 X121.102 Y98.898 Z10.39 E598.77771
G1 X121.662 Y99.489 Z10.392 E598.83864
G1 X122.196 Y100.114 Z10.395 E598.90016
G1 X122.706 Y100.778 Z10.398 E598.96282
G1 X123.163 Y101.443 Z10.4 E599.0232
G1 X123.6 Y102.157 Z10.403 E599.08585
G1 X123.992 Y102.879 Z10.405 E599.14733
G1 X124.346 Y103.621 Z10.408 E599.20885
G1 X124.654 Y104.366 Z10.41 E599.26918
G1 X124.929 Y105.141 Z10.412 E599.33072
G1 X125.163 Y105.929 Z10.415 E599.39224
G1 X125.358 Y106.743 Z10.418 E599.45488
G1 X125.508 Y107.552 Z10.42 E599.51645
G1 X125.613 Y108.351 Z10.422 E599.57676
G1 X125.678 Y109.171 Z10.425 E599.63832
G1 X125.7 Y109.992 Z10.427 E599.69978
G1 X125.678 Y110.824 Z10.43 E599.76206
G1 X125.613 Y111.649 Z10.433 E599.82399
G1 X125.508 Y112.448 Z10.435 E599.8843
G1 X125.358 Y113.257 Z10.437 E599.94588
G1 X125.167 Y114.056 Z10.44 E600.00735
G1 X124.931 Y114.854 Z10.443 E600.06963
G1 X124.655 Y115.631 Z10.445 E600.13134
G1 X124.346 Y116.379 Z10.447 E600.1919
G1 X123.992 Y117.121 Z10.45 E600.25343
G1 X123.6 Y117.843 Z10.452 E600.31491
G1 X123.163 Y118.557 Z10.455 E600.37755
G1 X122.706 Y119.222 Z10.457 E600.43794
G1 X122.198 Y119.883 Z10.46 E600.50032
G1 X121.666 Y120.506 Z10.463 E600.56163
G1 X121.102 Y121.102 Z10.465 E600.62304
G1 X120.511 Y121.662 Z10.467 E600.68397
G1 X119.886 Y122.196 Z10.47 E600.74549
G1 X119.223 Y122.705 Z10.473 E600.80804
G1 X118.557 Y123.163 Z10.475 E600.86853
G1 X117.849 Y123.597 Z10.478 E600.93067
G1 X117.126 Y123.989 Z10.48 E600.99222
G1 X116.382 Y124.344 Z10.483 E601.05391
G1 X115.634 Y124.654 Z10.485 E601.11451
G1 X114.854 Y124.931 Z10.487 E601.17645
G1 X114.063 Y125.165 Z10.49 E601.23818
G1 X113.261 Y125.357 Z10.493 E601.2999
G1 X112.448 Y125.508 Z10.495 E601.36178
G1 X111.649 Y125.613 Z10.497 E601.42208
G1 X110.824 Y125.678 Z10.5 E601.48402
;TIME_ELAPSED:346.191194
;LAYER:34
;TYPE:WALL-OUTER
;MESH:flow_cal_cylinder_32x30.stl
G1 X110 Y125.7 Z10.503 E601.5457
G1 X109.176 Y125.678 Z10.505 E601.60739
G1 X108.351 Y125.613 Z10.508 E601.66932
G1 X107.552 Y125.508 Z10.51 E601.72963
G1 X106.739 Y125.357 Z10.512 E601.79151
G1 X105.937 Y125.165 Z10.515 E601.85322
G1 X105.146 Y124.931 Z10.518 E601.91495
G1 X104.366 Y124.654 Z10.52 E601.9769
G1 X103.618 Y124.344 Z10.522 E602.03749
G1 X102.874 Y123.989 Z10.525 E602.09918
G1 X102.151 Y123.597 Z10.528 E602.16073
G1 X101.443 Y123.163 Z10.53 E602.22288
G1 X100.777 Y122.705 Z10.532 E602.28336
G1 X100.114 Y122.196 Z10.535 E602.34592
G1 X99.489 Y121.662 Z10.538 E602.40744
G1 X98.898 Y121.102 Z10.54 E602.46836
G1 X98.334 Y120.506 Z10.543 E602.52977
G1 X97.802 Y119.883 Z10.545 E602.59108
G1 X97.294 Y119.222 Z10.548 E602.65347
G1 X96.837 Y118.557 Z10.55 E602.71385
G1 X96.4 Y117.843 Z10.553 E602.7765
G1 X96.008 Y117.121 Z10.555 E602.83798
G1 X95.654 Y116.379 Z10.558 E602.8995
G1 X95.345 Y115.631 Z10.56 E602.96007
G1 X95.069 Y114.854 Z10.562 E603.02177
G1 X94.833 Y114.056 Z10.565 E603.08405
G1 X94.642 Y113.257 Z10.568 E603.14553
G1 X94.492 Y112.448 Z10.57 E603.2071
G1 X94.387 Y111.649 Z10.572 E603.26741
G1 X94.322 Y110.824 Z10.575 E603.32934
G1 X94.3 Y110.008 Z10.577 E603.39043
G1 X94.322 Y109.171 Z10.58 E603.45309
G1 X94.387 Y108.351 Z10.583 E603.51465
G1 X94.492 Y107.552 Z10.585 E603.57495
G1 X94.642 Y106.743 Z10.587 E603.63653
G1 X94.833 Y105.944 Z10.59 E603.69801
G1 X95.071 Y105.141 Z10.593 E603.76068
G1 X95.346 Y104.366 Z10.595 E603.82222
G1 X95.654 Y103.621 Z10.597 E603.88255
G1 X96.008 Y102.879 Z10.6 E603.94408
G1 X96.4 Y102.157 Z10.602 E604.00556
G1 X96.837 Y101.443 Z10.605 E604.0682
G1 X97.294 Y100.778 Z10.607 E604.12859
G1 X97.804 Y100.114 Z10.61 E604.19125
G1 X98.338 Y99.489 Z10.613 E604.25277
G1 X98.898 Y98.898 Z10.615 E604.31369
G1 X99.489 Y98.338 Z10.617 E604.37462
G1 X100.114 Y97.804 Z10.62 E604.43614
G1 X100.778 Y97.294 Z10.623 E604.4988
G1 X101.443 Y96.837 Z10.625 E604.55918
G1 X102.151 Y96.403 Z10.628 E604.62133
G1 X102.874 Y96.011 Z10.63 E604.68288
G1 X103.618 Y95.656 Z10.633 E604.74457
G1 X104.366 Y95.346 Z10.635 E604.80516
G1 X105.146 Y95.069 Z10.637 E604.86711
G1 X105.937 Y94.835 Z10.64 E604.92884
G1 X106.739 Y94.643 Z10.643 E604.99055
G1 X107.552 Y94.492 Z10.645 E605.05243
G1 X108.351 Y94.387 Z10.647 E605.11274
G1 X109.176 Y94.322 Z10.65 E605.17467
G1 X110 Y94.3 Z10.653 E605.23636
G1 X110.824 Y94.322 Z10.655 E605.29804
G1 X111.649 Y94.387 Z10.658 E605.35997
G1 X112.448 Y94.492 Z10.66 E605.42028
G1 X113.261 Y94.643 Z10.662 E605.48216
G1 X114.063 Y94.835 Z10.665 E605.54388
G1 X114.854 Y95.069 Z10.668 E605.60561
G1 X115.634 Y95.346 Z10.67 E605.66755
G1 X116.382 Y95.656 Z10.672 E605.72815
G1 X117.126 Y96.011 Z10.675 E605.78984
G1 X117.849 Y96.403 Z10.678 E605.85139
G1 X118.557 Y96.837 Z10.68 E605.91353
G1 X119.222 Y97.294 Z10.682 E605.97392
G1 X119.886 Y97.804 Z10.685 E606.03657
G1 X120.511 Y98.338 Z10.688 E606.09809
G1 X121.102 Y98.898 Z10.69 E606.15902
G1 X121.662 Y99.489 Z10.692 E606.21995
G1 X122.196 Y100.114 Z10.695 E606.28147
G1 X122.706 Y100.778 Z10.698 E606.34413
G1 X123.163 Y101.443 Z10.7 E606.40451
G1 X123.6 Y102.157 Z10.703 E606.46716
G1 X123.992 Y102.879 Z10.705 E606.52864
G1 X124.346 Y103.621 Z10.708 E606.59016
G1 X124.654 Y104.366 Z10.71 E606.65049
G1 X124.929 Y105.141 Z10.712 E606.71203
G1 X125.163 Y105.929 Z10.715 E606.77355
G1 X125.358 Y106.743 Z10.718 E606.83619
G1 X125.508 Y107.552 Z10.72 E606.89776
G1 X125.613 Y108.351 Z10.722 E606.95807
G1 X125.678 Y109.171 Z10.725 E607.01963
G1 X125.7 Y109.992 Z10.727 E607.08109
G1 X125.678 Y110.824 Z10.73 E607.14337
G1 X125.613 Y111.649 Z10.733 E607.2053
G1 X125.508 Y112.448 Z10.735 E607.26561
G1 X125.358 Y113.257 Z10.737 E607.32719
G1 X125.167 Y114.056 Z10.74 E607.38866
G1 X124.931 Y114.854 Z10.743 E607.45094
G1 X124.655 Y115.631 Z10.745 E607.51265
G1 X124.346 Y116.379 Z10.747 E607.57321
G1 X123.992 Y117.121 Z10.75 E607.63474
G1 X123.6 Y117.843 Z10.752 E607.69622
G1 X123.163 Y118.557 Z10.755 E607.75886
G1 X122.706 Y119.222 Z10.757 E607.81925
G1 X122.198 Y119.883 Z10.76 E607.88164
G1 X121.666 Y120.506 Z10.763 E607.94294
G1 X121.102 Y121.102 Z10.765 E608.00435
G1 X120.511 Y121.662 Z10.767 E608.06528
G1 X119.886 Y122.196 Z10.77 E608.1268
G1 X119.223 Y122.705 Z10.773 E608.18935
G1 X118.557 Y123.163 Z10.775 E608.24984
G1 X117.849 Y123.597 Z10.778 E608.31199
G1 X117.126 Y123.989 Z10.78 E608.37353
G1 X116.382 Y124.344 Z10.783 E608.43522
G1 X115.634 Y124.654 Z10.785 E608.49582
G1 X114.854 Y124.931 Z10.787 E608.55776
G1 X114.063 Y125.165 Z10.79 E608.61949
G1 X113.261 Y125.357 Z10.793 E608.68121
G1 X112.448 Y125.508 Z10.795 E608.74309
G1 X111.649 Y125.613 Z10.797 E608.8034
G1 X110.824 Y125.678 Z10.8 E608.86533
;TIME_ELAPSED:349.529730
;LAYER:35
;TYPE:WALL-OUTER
;MESH:flow_cal_cylinder_32x30.stl
G1 X110 Y125.7 Z10.803 E608.92701
G1 X109.176 Y125.678 Z10.805 E608.9887
G1 X108.351 Y125.613 Z10.808 E609.05063
G1 X107.552 Y125.508 Z10.81 E609.11094
G1 X106.739 Y125.357 Z10.812 E609.17282
G1 X105.937 Y125.165 Z10.815 E609.23453
G1 X105.146 Y124.931 Z10.818 E609.29627
G1 X104.366 Y124.654 Z10.82 E609.35821
G1 X103.618 Y124.344 Z10.822 E609.4188
G1 X102.874 Y123.989 Z10.825 E609.48049
G1 X102.151 Y123.597 Z10.828 E609.54204
G1 X101.443 Y123.163 Z10.83 E609.60419
G1 X100.777 Y122.705 Z10.832 E609.66467
G1 X100.114 Y122.196 Z10.835 E609.72723
G1 X99.489 Y121.662 Z10.838 E609.78875
G1 X98.898 Y121.102 Z10.84 E609.84968
G1 X98.334 Y120.506 Z10.843 E609.91108
G1 X97.802 Y119.883 Z10.845 E609.97239
G1 X97.294 Y119.222 Z10.848 E610.03478
G1 X96.837 Y118.557 Z10.85 E610.09516
G1 X96.4 Y117.843 Z10.853 E610.15781
G1 X96.008 Y117.121 Z10.855 E610.21929
G1 X95.654 Y116.379 Z10.858 E610.28081
G1 X95.345 Y115.631 Z10.86 E610.34138
G1 X95.069 Y114.854 Z10.862 E610.40309
G1 X94.833 Y114.056 Z10.865 E610.46536
G1 X94.642 Y113.257 Z10.868 E610.52684
G1 X94.492 Y112.448 Z10.87 E610.58841
G1 X94.387 Y111.649 Z10.872 E610.64872
G1 X94.322 Y110.824 Z10.875 E610.71065
G1 X94.3 Y110.008 Z10.877 E610.77174
G1 X94.322 Y109.171 Z10.88 E610.8344
G1 X94.387 Y108.351 Z10.883 E610.89596
G1 X94.492 Y107.552 Z10.885 E610.95626
G1 X94.642 Y106.743 Z10.887 E611.01784
G1 X94.833 Y105.944 Z10.89 E611.07932
G1 X95.071 Y105.141 Z10.893 E611.14199
G1 X95.346 Y104.366 Z10.895 E611.20353
G1 X95.654 Y103.621 Z10.897 E611.26386
G1 X96.008 Y102.879 Z10.9 E611.32539
G1 X96.4 Y102.157 Z10.902 E611.38687
G1 X96.837 Y101.443 Z10.905 E611.44952
G1 X97.294 Y100.778 Z10.907 E611.5099
G1 X97.804 Y100.114 Z10.91 E611.57256
G1 X98.338 Y99.489 Z10.913 E611.63408
G1 X98.898 Y98.898 Z10.915 E611.695
G1 X99.489 Y98.338 Z10.917 E611.75593
G1 X100.114 Y97.804 Z10.92 E611.81745
G1 X100.778 Y97.294 Z10.923 E611.88011
G1 X101.443 Y96.837 Z10.925 E611.94049
G1 X102.151 Y96.403 Z10.928 E612.00264
G1 X102.874 Y96.011 Z10.93 E612.06419
G1 X103.618 Y95.656 Z10.933 E612.12588
G1 X104.366 Y95.346 Z10.935 E612.18647
G1 X105.146 Y95.069 Z10.937 E612.24842
G1 X105.937 Y94.835 Z10.94 E612.31015
G1 X106.739 Y94.643 Z10.943 E612.37186
G1 X107.552 Y94.492 Z10.945 E612.43374
G1 X108.351 Y94.387 Z10.947 E612.49405
G1 X109.176 Y94.322 Z10.95 E612.55598
G1 X110 Y94.3 Z10.953 E612.61767
G1 X110.824 Y94.322 Z10.955 E612.67935
G1 X111.649 Y94.387 Z10.958 E612.74129
G1 X112.448 Y94.492 Z10.96 E612.80159
G1 X113.261 Y94.643 Z10.962 E612.86348
G1 X114.063 Y94.835 Z10.965 E612.92519
G1 X114.854 Y95.069 Z10.968 E612.98692
G1 X115.634 Y95.346 Z10.97 E613.04886
G1 X116.382 Y95.656 Z10.972 E613.10946
G1 X117.126 Y96.011 Z10.975 E613.17115
G1 X117.849 Y96.403 Z10.978 E613.2327
G1 X118.557 Y96.837 Z10.98 E613.29484
G1 X119.222 Y97.294 Z10.982 E613.35523
G1 X119.886 Y97.804 Z10.985 E613.41788
G1 X120.511 Y98.338 Z10.988 E613.4794
G1 X121.102 Y98.898 Z10.99 E613.54033
G1 X121.662 Y99.489 Z10.992 E613.60126
G1 X122.196 Y100.114 Z10.995 E613.66278
G1 X122.706 Y100.778 Z10.998 E613.72544
G1 X123.163 Y101.443 Z11 E613.78582
G1 X123.6 Y102.157 Z11.003 E613.84847
G1 X123.992 Y102.879 Z11.005 E613.90995
G1 X124.346 Y103.621 Z11.008 E613.97147
G1 X124.654 Y104.366 Z11.01 E614.0318
G1 X124.929 Y105.141 Z11.012 E614.09334
G1 X125.163 Y105.929 Z11.015 E614.15486
G1 X125.358 Y106.743 Z11.018 E614.2175
G1 X125.508 Y107.552 Z11.02 E614.27907
G1 X125.613 Y108.351 Z11.022 E614.33938
G1 X125.678 Y109.171 Z11.025 E614.40094
G1 X125.7 Y109.992 Z11.027 E614.4624
G1 X125.678 Y110.824 Z11.03 E614.52468
G1 X125.613 Y111.649 Z11.033 E614.58662
G1 X125.508 Y112.448 Z11.035 E614.64692
G1 X125.358 Y113.257 Z11.037 E614.7085
G1 X125.167 Y114.056 Z11.04 E614.76998
G1 X124.931 Y114.854 Z11.043 E614.83225
G1 X124.655 Y115.631 Z11.045 E614.89396
G1 X124.346 Y116.379 Z11.047 E614.95452
G1 X123.992 Y117.121 Z11.05 E615.01605
G1 X123.6 Y117.843 Z11.052 E615.07753
G1 X123.163 Y118.557 Z11.055 E615.14017
G1 X122.706 Y119.222 Z11.057 E615.20056
G1 X122.198 Y119.883 Z11.06 E615.26295
G1 X121.666 Y120.506 Z11.063 E615.32425
G1 X121.102 Y121.102 Z11.065 E615.38566
G1 X120.511 Y121.662 Z11.067 E615.44659
G1 X119.886 Y122.196 Z11.07 E615.50811
G1 X119.223 Y122.705 Z11.073 E615.57066
G1 X118.557 Y123.163 Z11.075 E615.63115
G1 X117.849 Y123.597 Z11.078 E615.6933
G1 X117.126 Y123.989 Z11.08 E615.75484
G1 X116.382 Y124.344 Z11.083 E615.81653
G1 X115.634 Y124.654 Z11.085 E615.87713
G1 X114.854 Y124.931 Z11.087 E615.93907
G1 X114.063 Y125.165 Z11.09 E616.0008
G1 X113.261 Y125.357 Z11.093 E616.06252
G1 X112.448 Y125.508 Z11.095 E616.1244
G1 X111.649 Y125.613 Z11.097 E616.18471
G1 X110.824 Y125.678 Z11.1 E616.24664
;TIME_ELAPSED:352.868265
;LAYER:36
;TYPE:WALL-OUTER
;MESH:flow_cal_cylinder_32x30.stl
G1 X110 Y125.7 Z11.103 E616.30832
G1 X109.176 Y125.678 Z11.105 E616.37001
G1 X108.351 Y125.613 Z11.108 E616.43194
G1 X107.552 Y125.508 Z11.11 E616.49225
G1 X106.739 Y125.357 Z11.112 E616.55413
G1 X105.937 Y125.165 Z11.115 E616.61584
G1 X105.146 Y124.931 Z11.118 E616.67758
G1 X104.366 Y124.654 Z11.12 E616.73952
G1 X103.618 Y124.344 Z11.122 E616.80011
G1 X102.874 Y123.989 Z11.125 E616.8618
G1 X102.151 Y123.597 Z11.128 E616.92335
G1 X101.443 Y123.163 Z11.13 E616.9855
G1 X100.777 Y122.705 Z11.132 E617.04599
G1 X100.114 Y122.196 Z11.135 E617.10854
G1 X99.489 Y121.662 Z11.138 E617.17006
G1 X98.898 Y121.102 Z11.14 E617.23099
G1 X98.334 Y120.506 Z11.143 E617.29239
G1 X97.802 Y119.883 Z11.145 E617.3537
G1 X97.294 Y119.222 Z11.148 E617.41609
G1 X96.837 Y118.557 Z11.15 E617.47647
G1 X96.4 Y117.843 Z11.153 E617.53912
G1 X96.008 Y117.121 Z11.155 E617.6006
G1 X95.654 Y116.379 Z11.158 E617.66212
G1 X95.345 Y115.631 Z11.16 E617.72269
G1 X95.069 Y114.854 Z11.162 E617.7844
G1 X94.833 Y114.056 Z11.165 E617.84667
G1 X94.642 Y113.257 Z11.168 E617.90815
G1 X94.492 Y112.448 Z11.17 E617.96972
G1 X94.387 Y111.649 Z11.172 E618.03003
G1 X94.322 Y110.824 Z11.175 E618.09196
G1 X94.3 Y110.008 Z11.177 E618.15305
G1 X94.322 Y109.171 Z11.18 E618.21571
G1 X94.387 Y108.351 Z11.183 E618.27727
G1 X94.492 Y107.552 Z11.185 E618.33758
G1 X94.642 Y106.743 Z11.187 E618.39915
G1 X94.833 Y105.944 Z11.19 E618.46063
G1 X95.071 Y105.141 Z11.193 E618.5233
G1 X95.346 Y104.366 Z11.195 E618.58485
G1 X95.654 Y103.621 Z11.197 E618.64517
G1 X96.008 Y102.879 Z11.2 E618.7067
G1 X96.4 Y102.157 Z11.202 E618.76818
G1 X96.837 Y101.443 Z11.205 E618.83083
G1 X97.294 Y100.778 Z11.207 E618.89121
G1 X97.804 Y100.114 Z11.21 E618.95387
G1 X98.338 Y99.489 Z11.213 E619.01539
G1 X98.898 Y98.898 Z11.215 E619.07632
G1 X99.489 Y98.338 Z11.217 E619.13724
G1 X100.114 Y97.804 Z11.22 E619.19876
G1 X100.778 Y97.294 Z11.223 E619.26142
G1 X101.443 Y96.837 Z11.225 E619.32181
G1 X102.151 Y96.403 Z11.228 E619.38395
G1 X102.874 Y96.011 Z11.23 E619.4455
G1 X103.618 Y95.656 Z11.233 E619.50719
G1 X104.366 Y95.346 Z11.235 E619.56778
G1 X105.146 Y95.069 Z11.237 E619.62973
G1 X105.937 Y94.835 Z11.24 E619.69146
G1 X106.739 Y94.643 Z11.243 E619.75317
G1 X107.552 Y94.492 Z11.245 E619.81505
G1 X108.351 Y94.387 Z11.247 E619.87536
G1 X109.176 Y94.322 Z11.25 E619.93729
G1 X110 Y94.3 Z11.253 E619.99898
G1 X110.824 Y94.322 Z11.255 E620.06067
G1 X111.649 Y94.387 Z11.258 E620.1226
G1 X112.448 Y94.492 Z11.26 E620.1829
G1 X113.261 Y94.643 Z11.262 E620.24479
G1 X114.063 Y94.835 Z11.265 E620.3065
G1 X114.854 Y95.069 Z11.268 E620.36823
G1 X115.634 Y95.346 Z11.27 E620.43017
G1 X116.382 Y95.656 Z11.272 E620.49077
G1 X117.126 Y96.011 Z11.275 E620.55246
G1 X117.849 Y96.403 Z11.278 E620.61401
G1 X118.557 Y96.837 Z11.28 E620.67615
G1 X119.222 Y97.294 Z11.282 E620.73654
G1 X119.886 Y97.804 Z11.285 E620.79919
G1 X120.511 Y98.338 Z11.288 E620.86071
G1 X121.102 Y98.898 Z11.29 E620.92164
G1 X121.662 Y99.489 Z11.292 E620.98257
G1 X122.196 Y100.114 Z11.295 E621.04409
G1 X122.706 Y100.778 Z11.298 E621.10675
G1 X123.163 Y101.443 Z11.3 E621.16713
G1 X123.6 Y102.157 Z11.303 E621.22978
G1 X123.992 Y102.879 Z11.305 E621.29126
G1 X124.346 Y103.621 Z11.308 E621.35278
G1 X124.654 Y104.366 Z11.31 E621.41311
G1 X124.929 Y105.141 Z11.312 E621.47465
G1 X125.163 Y105.929 Z11.315 E621.53617
G1 X125.358 Y106.743 Z11.318 E621.59881
G1 X125.508 Y107.552 Z11.32 E621.66038
G1 X125.613 Y108.351 Z11.322 E621.72069
G1 X125.678 Y109.171 Z11.325 E621.78225
G1 X125.7 Y109.992 Z11.327 E621.84371
G1 X125.678 Y110.824 Z11.33 E621.90599
G1 X125.613 Y111.649 Z11.333 E621.96793
G1 X125.508 Y112.448 Z11.335 E622.02823
G1 X125.358 Y113.257 Z11.337 E622.08981
G1 X125.167 Y114.056 Z11.34 E622.15129
G1 X124.931 Y114.854 Z11.343 E622.21356
G1 X124.655 Y115.631 Z11.345 E622.27527
G1 X124.346 Y116.379 Z11.347 E622.33583
G1 X123.992 Y117.121 Z11.35 E622.39736
G1 X123.6 Y117.843 Z11.352 E622.45884
G1 X123.163 Y118.557 Z11.355 E622.52149
G1 X122.706 Y119.222 Z11.357 E622.58187
G1 X122.198 Y119.883 Z11.36 E622.64426
G1 X121.666 Y120.506 Z11.363 E622.70557
G1 X121.102 Y121.102 Z11.365 E622.76697
G1 X120.511 Y121.662 Z11.367 E622.8279
G1 X119.886 Y122.196 Z11.37 E622.88942
G1 X119.223 Y122.705 Z11.373 E622.95197
G1 X118.557 Y123.163 Z11.375 E623.01246
G1 X117.849 Y123.597 Z11.378 E623.07461
G1 X117.126 Y123.989 Z11.38 E623.13615
G1 X116.382 Y124.344 Z11.383 E623.19784
G1 X115.634 Y124.654 Z11.385 E623.25844
G1 X114.854 Y124.931 Z11.387 E623.32038
G1 X114.063 Y125.165 Z11.39 E623.38211
G1 X113.261 Y125.357 Z11.393 E623.44383
G1 X112.448 Y125.508 Z11.395 E623.50571
G1 X111.649 Y125.613 Z11.397 E623.56602
G1 X110.824 Y125.678 Z11.4 E623.62795
;TIME_ELAPSED:356.206801
;LAYER:37
;TYPE:WALL-OUTER
;MESH:flow_cal_cylinder_32x30.stl
G1 X110 Y125.7 Z11.403 E623.68963
G1 X109.176 Y125.678 Z11.405 E623.75132
G1 X108.351 Y125.613 Z11.408 E623.81325
G1 X107.552 Y125.508 Z11.41 E623.87356
G1 X106.739 Y125.357 Z11.412 E623.93544
G1 X105.937 Y125.165 Z11.415 E623.99716
G1 X105.146 Y124.931 Z11.418 E624.05889
G1 X104.366 Y124.654 Z11.42 E624.12083
G1 X103.618 Y124.344 Z11.422 E624.18142
G1 X102.874 Y123.989 Z11.425 E624.24311
G1 X102.151 Y123.597 Z11.428 E624.30466
G1 X101.443 Y123.163 Z11.43 E624.36681
G1 X100.777 Y122.705 Z11.432 E624.4273
G1 X100.114 Y122.196 Z11.435 E624.48985
G1 X99.489 Y121.662 Z11.438 E624.55137
G1 X98.898 Y121.102 Z11.44 E624.6123
G1 X98.334 Y120.506 Z11.443 E624.6737
G1 X97.802 Y119.883 Z11.445 E624.73501
G1 X97.294 Y119.222 Z11.448 E624.7974
G1 X96.837 Y118.557 Z11.45 E624.85778
G1 X96.4 Y117.843 Z11.453 E624.92043
G1 X96.008 Y117.121 Z11.455 E624.98191
G1 X95.654 Y116.379 Z11.458 E625.04343
G1 X95.345 Y115.631 Z11.46 E625.104
G1 X95.069 Y114.854 Z11.462 E625.16571
G1 X94.833 Y114.056 Z11.465 E625.22798
G1 X94.642 Y113.257 Z11.468 E625.28946
G1 X94.492 Y112.448 Z11.47 E625.35103
G1 X94.387 Y111.649 Z11.472 E625.41134
G1 X94.322 Y110.824 Z11.475 E625.47327
G1 X94.3 Y110.008 Z11.477 E625.53436
G1 X94.322 Y109.171 Z11.48 E625.59702
G1 X94.387 Y108.351 Z11.483 E625.65858
G1 X94.492 Y107.552 Z11.485 E625.71889
G1 X94.642 Y106.743 Z11.487 E625.78046
G1 X94.833 Y105.944 Z11.49 E625.84194
G1 X95.071 Y105.141 Z11.493 E625.90462
G1 X95.346 Y104.366 Z11.495 E625.96616
G1 X95.654 Y103.621 Z11.497 E626.02649
G1 X96.008 Y102.879 Z11.5 E626.08801
G1 X96.4 Y102.157 Z11.502 E626.14949
G1 X96.837 Y101.443 Z11.505 E626.21214
G1 X97.294 Y100.778 Z11.507 E626.27252
G1 X97.804 Y100.114 Z11.51 E626.33518
G1 X98.338 Y99.489 Z11.513 E626.3967
G1 X98.898 Y98.898 Z11.515 E626.45763
G1 X99.489 Y98.338 Z11.517 E626.51856
G1 X100.114 Y97.804 Z11.52 E626.58007
G1 X100.778 Y97.294 Z11.523 E626.64273
G1 X101.443 Y96.837 Z11.525 E626.70312
G1 X102.151 Y96.403 Z11.528 E626.76526
G1 X102.874 Y96.011 Z11.53 E626.82681
G1 X103.618 Y95.656 Z11.533 E626.8885
G1 X104.366 Y95.346 Z11.535 E626.94909
G1 X105.146 Y95.069 Z11.537 E627.01104
G1 X105.937 Y94.835 Z11.54 E627.07277
G1 X106.739 Y94.643 Z11.543 E627.13448
G1 X107.552 Y94.492 Z11.545 E627.19636
G1 X108.351 Y94.387 Z11.547 E627.25667
G1 X109.176 Y94.322 Z11.55 E627.3186
G1 X110 Y94.3 Z11.553 E627.38029
G1 X110.824 Y94.322 Z11.555 E627.44198
G1 X111.649 Y94.387 Z11.558 E627.50391
G1 X112.448 Y94.492 Z11.56 E627.56421
G1 X113.261 Y94.643 Z11.562 E627.6261
G1 X114.063 Y94.835 Z11.565 E627.68781
G1 X114.854 Y95.069 Z11.568 E627.74954
G1 X115.634 Y95.346 Z11.57 E627.81148
G1 X116.382 Y95.656 Z11.572 E627.87208
G1 X117.126 Y96.011 Z11.575 E627.93377
G1 X117.849 Y96.403 Z11.578 E627.99532
G1 X118.557 Y96.837 Z11.58 E628.05746
G1 X119.222 Y97.294 Z11.582 E628.11785
G1 X119.886 Y97.804 Z11.585 E628.1805
G1 X120.511 Y98.338 Z11.588 E628.24202
G1 X121.102 Y98.898 Z11.59 E628.30295
G1 X121.662 Y99.489 Z11.592 E628.36388
G1 X122.196 Y100.114 Z11.595 E628.4254
G1 X122.706 Y100.778 Z11.598 E628.48806
G1 X123.163 Y101.443 Z11.6 E628.54844
G1 X123.6 Y102.157 Z11.603 E628.61109
G1 X123.992 Y102.879 Z11.605 E628.67257
G1 X124.346 Y103.621 Z11.608 E628.73409
G1 X124.654 Y104.366 Z11.61 E628.79442
G1 X124.929 Y105.141 Z11.612 E628.85596
G1 X125.163 Y105.929 Z11.615 E628.91748
G1 X125.358 Y106.743 Z11.618 E628.98012
G1 X125.508 Y107.552 Z11.62 E629.04169
G1 X125.613 Y108.351 Z11.622 E629.102
G1 X125.678 Y109.171 Z11.625 E629.16356
G1 X125.7 Y109.992 Z11.627 E629.22502
G1 X125.678 Y110.824 Z11.63 E629.28731
G1 X125.613 Y111.649 Z11.633 E629.34924
G1 X125.508 Y112.448 Z11.635 E629.40954
G1 X125.358 Y113.257 Z11.637 E629.47112
G1 X125.167 Y114.056 Z11.64 E629.5326
G1 X124.931 Y114.854 Z11.643 E629.59487
G1 X124.655 Y115.631 Z11.645 E629.65658
G1 X124.346 Y116.379 Z11.647 E629.71714
G1 X123.992 Y117.121 Z11.65 E629.77867
G1 X123.6 Y117.843 Z11.652 E629.84015
G1 X123.163 Y118.557 Z11.655 E629.9028
G1 X122.706 Y119.222 Z11.657 E629.96318
G1 X122.198 Y119.883 Z11.66 E630.02557
G1 X121.666 Y120.506 Z11.663 E630.08688
G1 X121.102 Y121.102 Z11.665 E630.14828
G1 X120.511 Y121.662 Z11.667 E630.20921
G1 X119.886 Y122.196 Z11.67 E630.27073
G1 X119.223 Y122.705 Z11.673 E630.33328
G1 X118.557 Y123.163 Z11.675 E630.39377
G1 X117.849 Y123.597 Z11.678 E630.45592
G1 X117.126 Y123.989 Z11.68 E630.51746
G1 X116.382 Y124.344 Z11.683 E630.57916
G1 X115.634 Y124.654 Z11.685 E630.63975
G1 X114.854 Y124.931 Z11.687 E630.70169
G1 X114.063 Y125.165 Z11.69 E630.76342
G1 X113.261 Y125.357 Z11.693 E630.82514
G1 X112.448 Y125.508 Z11.695 E630.88702
G1 X111.649 Y125.613 Z11.697 E630.94733
G1 X110.824 Y125.678 Z11.7 E631.00926
;TIME_ELAPSED:359.545337
;LAYER:38
;TYPE:WALL-OUTER
;MESH:flow_cal_cylinder_32x30.stl
G1 X110 Y125.7 Z11.703 E631.07094
G1 X109.176 Y125.678 Z11.705 E631.13263
G1 X108.351 Y125.613 Z11.708 E631.19456
G1 X107.552 Y125.508 Z11.71 E631.25487
G1 X106.739 Y125.357 Z11.712 E631.31675
G1 X105.937 Y125.165 Z11.715 E631.37847
G1 X105.146 Y124.931 Z11.718 E631.4402
G1 X104.366 Y124.654 Z11.72 E631.50214
G1 X103.618 Y124.344 Z11.722 E631.56273
G1 X102.874 Y123.989 Z11.725 E631.62443
G1 X102.151 Y123.597 Z11.728 E631.68597
G1 X101.443 Y123.163 Z11.73 E631.74812
G1 X100.777 Y122.705 Z11.732 E631.80861
G1 X100.114 Y122.196 Z11.735 E631.87116
G1 X99.489 Y121.662 Z11.738 E631.93268
G1 X98.898 Y121.102 Z11.74 E631.99361
G1 X98.334 Y120.506 Z11.743 E632.05501
G1 X97.802 Y119.883 Z11.745 E632.11632
G1 X97.294 Y119.222 Z11.748 E632.17871
G1 X96.837 Y118.557 Z11.75 E632.23909
G1 X96.4 Y117.843 Z11.753 E632.30174
G1 X96.008 Y117.121 Z11.755 E632.36322
G1 X95.654 Y116.379 Z11.758 E632.42475
G1 X95.345 Y115.631 Z11.76 E632.48531
G1 X95.069 Y114.854 Z11.762 E632.54702
G1 X94.833 Y114.056 Z11.765 E632.60929
G1 X94.642 Y113.257 Z11.768 E632.67077
G1 X94.492 Y112.448 Z11.77 E632.73235
G1 X94.387 Y111.649 Z11.772 E632.79265
G1 X94.322 Y110.824 Z11.775 E632.85458
G1 X94.3 Y110.008 Z11.777 E632.91567
G1 X94.322 Y109.171 Z11.78 E632.97833
G1 X94.387 Y108.351 Z11.783 E633.03989
G1 X94.492 Y107.552 Z11.785 E633.1002
G1 X94.642 Y106.743 Z11.787 E633.16177
G1 X94.833 Y105.944 Z11.79 E633.22325
G1 X95.071 Y105.141 Z11.793 E633.28593
G1 X95.346 Y104.366 Z11.795 E633.34747
G1 X95.654 Y103.621 Z11.797 E633.4078
G1 X96.008 Y102.879 Z11.8 E633.46932
G1 X96.4 Y102.157 Z11.802 E633.5308
G1 X96.837 Y101.443 Z11.805 E633.59345
G1 X97.294 Y100.778 Z11.807 E633.65383
G1 X97.804 Y100.114 Z11.81 E633.71649
G1 X98.338 Y99.489 Z11.813 E633.77801
G1 X98.898 Y98.898 Z11.815 E633.83894
G1 X99.489 Y98.338 Z11.817 E633.89987
G1 X100.114 Y97.804 Z11.82 E633.96139
G1 X100.778 Y97.294 Z11.823 E634.02404
G1 X101.443 Y96.837 Z11.825 E634.08443
G1 X102.151 Y96.403 Z11.828 E634.14657
G1 X102.874 Y96.011 Z11.83 E634.20812
G1 X103.618 Y95.656 Z11.833 E634.26981
G1 X104.366 Y95.346 Z11.835 E634.3304
G1 X105.146 Y95.069 Z11.837 E634.39235
G1 X105.937 Y94.835 Z11.84 E634.45408
G1 X106.739 Y94.643 Z11.843 E634.51579
G1 X107.552 Y94.492 Z11.845 E634.57768
G1 X108.351 Y94.387 Z11.847 E634.63798
G1 X109.176 Y94.322 Z11.85 E634.69991
G1 X110 Y94.3 Z11.853 E634.7616
G1 X110.824 Y94.322 Z11.855 E634.82329
G1 X111.649 Y94.387 Z11.858 E634.88522
G1 X112.448 Y94.492 Z11.86 E634.94553
G1 X113.261 Y94.643 Z11.862 E635.00741
G1 X114.063 Y94.835 Z11.865 E635.06912
G1 X114.854 Y95.069 Z11.868 E635.13085
G1 X115.634 Y95.346 Z11.87 E635.1928
G1 X116.382 Y95.656 Z11.872 E635.25339
G1 X117.126 Y96.011 Z11.875 E635.31508
G1 X117.849 Y96.403 Z11.878 E635.37663
G1 X118.557 Y96.837 Z11.88 E635.43877
G1 X119.222 Y97.294 Z11.882 E635.49916
G1 X119.886 Y97.804 Z11.885 E635.56181
G1 X120.511 Y98.338 Z11.888 E635.62333
G1 X121.102 Y98.898 Z11.89 E635.68426
G1 X121.662 Y99.489 Z11.892 E635.74519
G1 X122.196 Y100.114 Z11.895 E635.80671
G1 X122.706 Y100.778 Z11.898 E635.86937
G1 X123.163 Y101.443 Z11.9 E635.92975
G1 X123.6 Y102.157 Z11.903 E635.9924
G1 X123.992 Y102.879 Z11.905 E636.05388
G1 X124.346 Y103.621 Z11.908 E636.1154
G1 X124.654 Y104.366 Z11.91 E636.17573
G1 X124.929 Y105.141 Z11.912 E636.23727
G1 X125.163 Y105.929 Z11.915 E636.29879
G1 X125.358 Y106.743 Z11.918 E636.36143
G1 X125.508 Y107.552 Z11.92 E636.423
G1 X125.613 Y108.351 Z11.922 E636.48331
G1 X125.678 Y109.171 Z11.925 E636.54487
G1 X125.7 Y109.992 Z11.927 E636.60633
G1 X125.678 Y110.824 Z11.93 E636.66862
G1 X125.613 Y111.649 Z11.933 E636.73055
G1 X125.508 Y112.448 Z11.935 E636.79085
G1 X125.358 Y113.257 Z11.937 E636.85243
G1 X125.167 Y114.056 Z11.94 E636.91391
G1 X124.931 Y114.854 Z11.943 E636.97618
G1 X124.655 Y115.631 Z11.945 E637.03789
G1 X124.346 Y116.379 Z11.947 E637.09845
G1 X123.992 Y117.121 Z11.95 E637.15998
G1 X123.6 Y117.843 Z11.952 E637.22146
G1 X123.163 Y118.557 Z11.955 E637.28411
G1 X122.706 Y119.222 Z11.957 E637.34449
G1 X122.198 Y119.883 Z11.96 E637.40688
G1 X121.666 Y120.506 Z11.963 E637.46819
G1 X121.102 Y121.102 Z11.965 E637.52959
G1 X120.511 Y121.662 Z11.967 E637.59052
G1 X119.886 Y122.196 Z11.97 E637.65204
G1 X119.223 Y122.705 Z11.973 E637.71459
G1 X118.557 Y123.163 Z11.975 E637.77508
G1 X117.849 Y123.597 Z11.978 E637.83723
G1 X117.126 Y123.989 Z11.98 E637.89877
G1 X116.382 Y124.344 Z11.983 E637.96047
G1 X115.634 Y124.654 Z11.985 E638.02106
G1 X114.854 Y124.931 Z11.987 E638.083
G1 X114.063 Y125.165 Z11.99 E638.14473
G1 X113.261 Y125.357 Z11.993 E638.20645
G1 X112.448 Y125.508 Z11.995 E638.26833
G1 X111.649 Y125.613 Z11.997 E638.32864
G1 X110.824 Y125.678 Z12 E638.39057
;TIME_ELAPSED:362.883873
;LAYER:39
;TYPE:WALL-OUTER
;MESH:flow_cal_cylinder_32x30.stl
G1 X110 Y125.7 Z12.003 E638.45226
G1 X109.176 Y125.678 Z12.005 E638.51394
G1 X108.351 Y125.613 Z12.008 E638.57587
G1 X107.552 Y125.508 Z12.01 E638.63618
G1 X106.739 Y125.357 Z12.012 E638.69806
G1 X105.937 Y125.165 Z12.015 E638.75978
G1 X105.146 Y124.931 Z12.018 E638.82151
G1 X104.366 Y124.654 Z12.02 E638.88345
G1 X103.618 Y124.344 Z12.022 E638.94404
G1 X102.874 Y123.989 Z12.025 E639.00574
G1 X102.151 Y123.597 Z12.028 E639.06728
G1 X101.443 Y123.163 Z12.03 E639.12943
G1 X100.777 Y122.705 Z12.032 E639.18992
G1 X100.114 Y122.196 Z12.035 E639.25247
G1 X99.489 Y121.662 Z12.038 E639.31399
G1 X98.898 Y121.102 Z12.04 E639.37492
G1 X98.334 Y120.506 Z12.043 E639.43632
G1 X97.802 Y119.883 Z12.045 E639.49763
G1 X97.294 Y119.222 Z12.048 E639.56002
G1 X96.837 Y118.557 Z12.05 E639.6204
G1 X96.4 Y117.843 Z12.053 E639.68305
G1 X96.008 Y117.121 Z12.055 E639.74453
G1 X95.654 Y116.379 Z12.058 E639.80606
G1 X95.345 Y115.631 Z12.06 E639.86662
G1 X95.069 Y114.854 Z12.062 E639.92833
G1 X94.833 Y114.056 Z12.065 E639.9906
G1 X94.642 Y113.257 Z12.068 E640.05208
G1 X94.492 Y112.448 Z12.07 E640.11366
G1 X94.387 Y111.649 Z12.072 E640.17396
G1 X94.322 Y110.824 Z12.075 E640.23589
G1 X94.3 Y110.008 Z12.077 E640.29698
G1 X94.322 Y109.171 Z12.08 E640.35964
G1 X94.387 Y108.351 Z12.083 E640.4212
G1 X94.492 Y107.552 Z12.085 E640.48151
G1 X94.642 Y106.743 Z12.087 E640.54308
G1 X94.833 Y105.944 Z12.09 E640.60456
G1 X95.071 Y105.141 Z12.093 E640.66724
G1 X95.346 Y104.366 Z12.095 E640.72878
G1 X95.654 Y103.621 Z12.097 E640.78911
G1 X96.008 Y102.879 Z12.1 E640.85063
G1 X96.4 Y102.157 Z12.102 E640.91211
G1 X96.837 Y101.443 Z12.105 E640.97476
G1 X97.294 Y100.778 Z12.107 E641.03514
G1 X97.804 Y100.114 Z12.11 E641.0978
G1 X98.338 Y99.489 Z12.113 E641.15932
G1 X98.898 Y98.898 Z12.115 E641.22025
G1 X99.489 Y98.338 Z12.117 E641.28118
G1 X100.114 Y97.804 Z12.12 E641.3427
G1 X100.778 Y97.294 Z12.123 E641.40535
G1 X101.443 Y96.837 Z12.125 E641.46574
G1 X102.151 Y96.403 Z12.128 E641.52788
G1 X102.874 Y96.011 Z12.13 E641.58943
G1 X103.618 Y95.656 Z12.133 E641.65112
G1 X104.366 Y95.346 Z12.135 E641.71172
G1 X105.146 Y95.069 Z12.137 E641.77366
G1 X105.937 Y94.835 Z12.14 E641.83539
G1 X106.739 Y94.643 Z12.143 E641.8971
G1 X107.552 Y94.492 Z12.145 E641.95899
G1 X108.351 Y94.387 Z12.147 E642.01929
G1 X109.176 Y94.322 Z12.15 E642.08122
G1 X110 Y94.3 Z12.153 E642.14291
G1 X110.824 Y94.322 Z12.155 E642.2046
G1 X111.649 Y94.387 Z12.158 E642.26653
G1 X112.448 Y94.492 Z12.16 E642.32684
G1 X113.261 Y94.643 Z12.162 E642.38872
G1 X114.063 Y94.835 Z12.165 E642.45043
G1 X114.854 Y95.069 Z12.168 E642.51216
G1 X115.634 Y95.346 Z12.17 E642.57411
G1 X116.382 Y95.656 Z12.172 E642.6347
G1 X117.126 Y96.011 Z12.175 E642.69639
G1 X117.849 Y96.403 Z12.178 E642.75794
G1 X118.557 Y96.837 Z12.18 E642.82008
G1 X119.222 Y97.294 Z12.182 E642.88047
G1 X119.886 Y97.804 Z12.185 E642.94313
G1 X120.511 Y98.338 Z12.188 E643.00464
G1 X121.102 Y98.898 Z12.19 E643.06557
G1 X121.662 Y99.489 Z12.192 E643.1265
G1 X122.196 Y100.114 Z12.195 E643.18802
G1 X122.706 Y100.778 Z12.198 E643.25068
G1 X123.163 Y101.443 Z12.2 E643.31106
G1 X123.6 Y102.157 Z12.203 E643.37371
G1 X123.992 Y102.879 Z12.205 E643.43519
G1 X124.346 Y103.621 Z12.208 E643.49672
G1 X124.654 Y104.366 Z12.21 E643.55704
G1 X124.929 Y105.141 Z12.212 E643.61858
G1 X125.163 Y105.929 Z12.215 E643.6801
G1 X125.358 Y106.743 Z12.218 E643.74274
G1 X125.508 Y107.552 Z12.22 E643.80431
G1 X125.613 Y108.351 Z12.222 E643.86462
G1 X125.678 Y109.171 Z12.225 E643.92618
G1 X125.7 Y109.992 Z12.227 E643.98764
G1 X125.678 Y110.824 Z12.23 E644.04993
G1 X125.613 Y111.649 Z12.233 E644.11186
G1 X125.508 Y112.448 Z12.235 E644.17217
G1 X125.358 Y113.257 Z12.237 E644.23374
G1 X125.167 Y114.056 Z12.24 E644.29522
G1 X124.931 Y114.854 Z12.243 E644.35749
G1 X124.655 Y115.631 Z12.245 E644.4192
G1 X124.346 Y116.379 Z12.247 E644.47977
G1 X123.992 Y117.121 Z12.25 E644.54129
G1 X123.6 Y117.843 Z12.252 E644.60277
G1 X123.163 Y118.557 Z12.255 E644.66542
G1 X122.706 Y119.222 Z12.257 E644.7258
G1 X122.198 Y119.883 Z12.26 E644.78819
G1 X121.666 Y120.506 Z12.263 E644.8495
G1 X121.102 Y121.102 Z12.265 E644.9109
G1 X120.511 Y121.662 Z12.267 E644.97183
G1 X119.886 Y122.196 Z12.27 E645.03335
G1 X119.223 Y122.705 Z12.273 E645.0959
G1 X118.557 Y123.163 Z12.275 E645.15639
G1 X117.849 Y123.597 Z12.278 E645.21854
G1 X117.126 Y123.989 Z12.28 E645.28009
G1 X116.382 Y124.344 Z12.283 E645.34178
G1 X115.634 Y124.654 Z12.285 E645.40237
G1 X114.854 Y124.931 Z12.287 E645.46431
G1 X114.063 Y125.165 Z12.29 E645.52604
G1 X113.261 Y125.357 Z12.293 E645.58776
G1 X112.448 Y125.508 Z12.295 E645.64964
G1 X111.649 Y125.613 Z12.297 E645.70995
G1 X110.824 Y125.678 Z12.3 E645.77188
;TIME_ELAPSED:366.222409
;LAYER:40
;TYPE:WALL-OUTER
;MESH:flow_cal_cylinder_32x30.stl
G1 X110 Y125.7 Z12.303 E645.83357
G1 X109.176 Y125.678 Z12.305 E645.89525
G1 X108.351 Y125.613 Z12.308 E645.95718
G1 X107.552 Y125.508 Z12.31 E646.01749
G1 X106.739 Y125.357 Z12.312 E646.07937
G1 X105.937 Y125.165 Z12.315 E646.14109
G1 X105.146 Y124.931 Z12.318 E646.20282
G1 X104.366 Y124.654 Z12.32 E646.26476
G1 X103.618 Y124.344 Z12.322 E646.32536
G1 X102.874 Y123.989 Z12.325 E646.38705
G1 X102.151 Y123.597 Z12.328 E646.44859
G1 X101.443 Y123.163 Z12.33 E646.51074
G1 X100.777 Y122.705 Z12.332 E646.57123
G1 X100.114 Y122.196 Z12.335 E646.63378
G1 X99.489 Y121.662 Z12.338 E646.6953
G1 X98.898 Y121.102 Z12.34 E646.75623
G1 X98.334 Y120.506 Z12.343 E646.81764
G1 X97.802 Y119.883 Z12.345 E646.87894
G1 X97.294 Y119.222 Z12.348 E646.94133
G1 X96.837 Y118.557 Z12.35 E647.00172
G1 X96.4 Y117.843 Z12.353 E647.06436
G1 X96.008 Y117.121 Z12.355 E647.12584
G1 X95.654 Y116.379 Z12.358 E647.18737
G1 X95.345 Y115.631 Z12.36 E647.24793
G1 X95.069 Y114.854 Z12.362 E647.30964
G1 X94.833 Y114.056 Z12.365 E647.37191
G1 X94.642 Y113.257 Z12.368 E647.43339
G1 X94.492 Y112.448 Z12.37 E647.49497
G1 X94.387 Y111.649 Z12.372 E647.55527
G1 X94.322 Y110.824 Z12.375 E647.61721
G1 X94.3 Y110.008 Z12.377 E647.67829
G1 X94.322 Y109.171 Z12.38 E647.74095
G1 X94.387 Y108.351 Z12.383 E647.80251
G1 X94.492 Y107.552 Z12.385 E647.86282
G1 X94.642 Y106.743 Z12.387 E647.92439
G1 X94.833 Y105.944 Z12.39 E647.98587
G1 X95.071 Y105.141 Z12.393 E648.04855
G1 X95.346 Y104.366 Z12.395 E648.11009
G1 X95.654 Y103.621 Z12.397 E648.17042
G1 X96.008 Y102.879 Z12.4 E648.23194
G1 X96.4 Y102.157 Z12.402 E648.29342
G1 X96.837 Y101.443 Z12.405 E648.35607
G1 X97.294 Y100.778 Z12.407 E648.41645
G1 X97.804 Y100.114 Z12.41 E648.47911
G1 X98.338 Y99.489 Z12.413 E648.54063
G1 X98.898 Y98.898 Z12.415 E648.60156
G1 X99.489 Y98.338 Z12.417 E648.66249
G1 X100.114 Y97.804 Z12.42 E648.72401
G1 X100.778 Y97.294 Z12.423 E648.78666
G1 X101.443 Y96.837 Z12.425 E648.84705
G1 X102.151 Y96.403 Z12.428 E648.90919
G1 X102.874 Y96.011 Z12.43 E648.97074
G1 X103.618 Y95.656 Z12.433 E649.03243
G1 X104.366 Y95.346 Z12.435 E649.09303
G1 X105.146 Y95.069 Z12.437 E649.15497
G1 X105.937 Y94.835 Z12.44 E649.2167
G1 X106.739 Y94.643 Z12.443 E649.27841
G1 X107.552 Y94.492 Z12.445 E649.3403
G1 X108.351 Y94.387 Z12.447 E649.4006
G1 X109.176 Y94.322 Z12.45 E649.46253
G1 X110 Y94.3 Z12.453 E649.52422
G1 X110.824 Y94.322 Z12.455 E649.58591
G1 X111.649 Y94.387 Z12.458 E649.64784
G1 X112.448 Y94.492 Z12.46 E649.70815
G1 X113.261 Y94.643 Z12.462 E649.77003
G1 X114.063 Y94.835 Z12.465 E649.83174
G1 X114.854 Y95.069 Z12.468 E649.89347
G1 X115.634 Y95.346 Z12.47 E649.95542
G1 X116.382 Y95.656 Z12.472 E650.01601
G1 X117.126 Y96.011 Z12.475 E650.0777
G1 X117.849 Y96.403 Z12.478 E650.13925
G1 X118.557 Y96.837 Z12.48 E650.2014
G1 X119.222 Y97.294 Z12.482 E650.26178
G1 X119.886 Y97.804 Z12.485 E650.32444
G1 X120.511 Y98.338 Z12.488 E650.38596
G1 X121.102 Y98.898 Z12.49 E650.44688
G1 X121.662 Y99.489 Z12.492 E650.50781
G1 X122.196 Y100.114 Z12.495 E650.56933
G1 X122.706 Y100.778 Z12.498 E650.63199
G1 X123.163 Y101.443 Z12.5 E650.69237
G1 X123.6 Y102.157 Z12.503 E650.75502
G1 X123.992 Y102.879 Z12.505 E650.8165
G1 X124.346 Y103.621 Z12.508 E650.87803
G1 X124.654 Y104.366 Z12.51 E650.93835
G1 X124.929 Y105.141 Z12.512 E650.9999
G1 X125.163 Y105.929 Z12.515 E651.06141
G1 X125.358 Y106.743 Z12.518 E651.12405
G1 X125.508 Y107.552 Z12.52 E651.18562
G1 X125.613 Y108.351 Z12.522 E651.24593
G1 X125.678 Y109.171 Z12.525 E651.30749
G1 X125.7 Y109.992 Z12.527 E651.36895
G1 X125.678 Y110.824 Z12.53 E651.43124
G1 X125.613 Y111.649 Z12.533 E651.49317
G1 X125.508 Y112.448 Z12.535 E651.55348
G1 X125.358 Y113.257 Z12.537 E651.61505
G1 X125.167 Y114.056 Z12.54 E651.67653
G1 X124.931 Y114.854 Z12.543 E651.7388
G1 X124.655 Y115.631 Z12.545 E651.80051
G1 X124.346 Y116.379 Z12.547 E651.86108
G1 X123.992 Y117.121 Z12.55 E651.9226
G1 X123.6 Y117.843 Z12.552 E651.98408
G1 X123.163 Y118.557 Z12.555 E652.04673
G1 X122.706 Y119.222 Z12.557 E652.10711
G1 X122.198 Y119.883 Z12.56 E652.1695
G1 X121.666 Y120.506 Z12.563 E652.23081
G1 X121.102 Y121.102 Z12.565 E652.29221
G1 X120.511 Y121.662 Z12.567 E652.35314
G1 X119.886 Y122.196 Z12.57 E652.41466
G1 X119.223 Y122.705 Z12.573 E652.47721
G1 X118.557 Y123.163 Z12.575 E652.5377
G1 X117.849 Y123.597 Z12.578 E652.59985
G1 X117.126 Y123.989 Z12.58 E652.6614
G1 X116.382 Y124.344 Z12.583 E652.72309
G1 X115.634 Y124.654 Z12.585 E652.78368
G1 X114.854 Y124.931 Z12.587 E652.84562
G1 X114.063 Y125.165 Z12.59 E652.90736
G1 X113.261 Y125.357 Z12.593 E652.96907
G1 X112.448 Y125.508 Z12.595 E653.03095
G1 X111.649 Y125.613 Z12.597 E653.09126
G1 X110.824 Y125.678 Z12.6 E653.15319
;TIME_ELAPSED:369.560944
;LAYER:41
;TYPE:WALL-OUTER
;MESH:flow_cal_cylinder_32x30.stl
G1 X110 Y125.7 Z12.603 E653.21488
G1 X109.176 Y125.678 Z12.605 E653.27656
G1 X108.351 Y125.613 Z12.608 E653.33849
G1 X107.552 Y125.508 Z12.61 E653.3988
G1 X106.739 Y125.357 Z12.612 E653.46068
G1 X105.937 Y125.165 Z12.615 E653.5224
G1 X105.146 Y124.931 Z12.618 E653.58413
G1 X104.366 Y124.654 Z12.62 E653.64607
G1 X103.618 Y124.344 Z12.622 E653.70667
G1 X102.874 Y123.989 Z12.625 E653.76836
G1 X102.151 Y123.597 Z12.628 E653.8299
G1 X101.443 Y123.163 Z12.63 E653.89205
G1 X100.777 Y122.705 Z12.632 E653.95254
G1 X100.114 Y122.196 Z12.635 E654.01509
G1 X99.489 Y121.662 Z12.638 E654.07661
G1 X98.898 Y121.102 Z12.64 E654.13754
G1 X98.334 Y120.506 Z12.643 E654.19895
G1 X97.802 Y119.883 Z12.645 E654.26025
G1 X97.294 Y119.222 Z12.648 E654.32264
G1 X96.837 Y118.557 Z12.65 E654.38303
G1 X96.4 Y117.843 Z12.653 E654.44567
G1 X96.008 Y117.121 Z12.655 E654.50715
G1 X95.654 Y116.379 Z12.658 E654.56868
G1 X95.345 Y115.631 Z12.66 E654.62924
G1 X95.069 Y114.854 Z12.662 E654.69095
G1 X94.833 Y114.056 Z12.665 E654.75323
G1 X94.642 Y113.257 Z12.668 E654.8147
G1 X94.492 Y112.448 Z12.67 E654.87628
G1 X94.387 Y111.649 Z12.672 E654.93659
G1 X94.322 Y110.824 Z12.675 E654.99852
G1 X94.3 Y110.008 Z12.677 E655.0596
G1 X94.322 Y109.171 Z12.68 E655.12226
G1 X94.387 Y108.351 Z12.683 E655.18382
G1 X94.492 Y107.552 Z12.685 E655.24413
G1 X94.642 Y106.743 Z12.687 E655.3057
G1 X94.833 Y105.944 Z12.69 E655.36718
G1 X95.071 Y105.141 Z12.693 E655.42986
G1 X95.346 Y104.366 Z12.695 E655.4914
G1 X95.654 Y103.621 Z12.697 E655.55173
G1 X96.008 Y102.879 Z12.7 E655.61325
G1 X96.4 Y102.157 Z12.702 E655.67473
G1 X96.837 Y101.443 Z12.705 E655.73738
G1 X97.294 Y100.778 Z12.707 E655.79776
G1 X97.804 Y100.114 Z12.71 E655.86042
G1 X98.338 Y99.489 Z12.713 E655.92194
G1 X98.898 Y98.898 Z12.715 E655.98287
G1 X99.489 Y98.338 Z12.717 E656.0438
G1 X100.114 Y97.804 Z12.72 E656.10532
G1 X100.778 Y97.294 Z12.723 E656.16797
G1 X101.443 Y96.837 Z12.725 E656.22836
G1 X102.151 Y96.403 Z12.728 E656.2905
G1 X102.874 Y96.011 Z12.73 E656.35205
G1 X103.618 Y95.656 Z12.733 E656.41374
G1 X104.366 Y95.346 Z12.735 E656.47434
G1 X105.146 Y95.069 Z12.737 E656.53628
G1 X105.937 Y94.835 Z12.74 E656.59801
G1 X106.739 Y94.643 Z12.743 E656.65973
G1 X107.552 Y94.492 Z12.745 E656.72161
G1 X108.351 Y94.387 Z12.747 E656.78191
G1 X109.176 Y94.322 Z12.75 E656.84385
G1 X110 Y94.3 Z12.753 E656.90553
G1 X110.824 Y94.322 Z12.755 E656.96722
G1 X111.649 Y94.387 Z12.758 E657.02915
G1 X112.448 Y94.492 Z12.76 E657.08946
G1 X113.261 Y94.643 Z12.762 E657.15134
G1 X114.063 Y94.835 Z12.765 E657.21305
G1 X114.854 Y95.069 Z12.768 E657.27478
G1 X115.634 Y95.346 Z12.77 E657.33673
G1 X116.382 Y95.656 Z12.772 E657.39732
G1 X117.126 Y96.011 Z12.775 E657.45901
G1 X117.849 Y96.403 Z12.778 E657.52056
G1 X118.557 Y96.837 Z12.78 E657.58271
G1 X119.222 Y97.294 Z12.782 E657.64309
G1 X119.886 Y97.804 Z12.785 E657.70575
G1 X120.511 Y98.338 Z12.788 E657.76727
G1 X121.102 Y98.898 Z12.79 E657.8282
G1 X121.662 Y99.489 Z12.792 E657.88912
G1 X122.196 Y100.114 Z12.795 E657.95064
G1 X122.706 Y100.778 Z12.798 E658.0133
G1 X123.163 Y101.443 Z12.8 E658.07368
G1 X123.6 Y102.157 Z12.803 E658.13633
G1 X123.992 Y102.879 Z12.805 E658.19781
G1 X124.346 Y103.621 Z12.808 E658.25934
G1 X124.654 Y104.366 Z12.81 E658.31967
G1 X124.929 Y105.141 Z12.812 E658.38121
G1 X125.163 Y105.929 Z12.815 E658.44272
G1 X125.358 Y106.743 Z12.818 E658.50536
G1 X125.508 Y107.552 Z12.82 E658.56694
G1 X125.613 Y108.351 Z12.822 E658.62724
G1 X125.678 Y109.171 Z12.825 E658.6888
G1 X125.7 Y109.992 Z12.827 E658.75026
G1 X125.678 Y110.824 Z12.83 E658.81255
G1 X125.613 Y111.649 Z12.833 E658.87448
G1 X125.508 Y112.448 Z12.835 E658.93479
G1 X125.358 Y113.257 Z12.837 E658.99636
G1 X125.167 Y114.056 Z12.84 E659.05784
G1 X124.931 Y114.854 Z12.843 E659.12011
G1 X124.655 Y115.631 Z12.845 E659.18182
G1 X124.346 Y116.379 Z12.847 E659.24239
G1 X123.992 Y117.121 Z12.85 E659.30391
G1 X123.6 Y117.843 Z12.852 E659.36539
G1 X123.163 Y118.557 Z12.855 E659.42804
G1 X122.706 Y119.222 Z12.857 E659.48842
G1 X122.198 Y119.883 Z12.86 E659.55081
G1 X121.666 Y120.506 Z12.863 E659.61212
G1 X121.102 Y121.102 Z12.865 E659.67353
G1 X120.511 Y121.662 Z12.867 E659.73445
G1 X119.886 Y122.196 Z12.87 E659.79597
G1 X119.223 Y122.705 Z12.873 E659.85853
G1 X118.557 Y123.163 Z12.875 E659.91901
G1 X117.849 Y123.597 Z12.878 E659.98116
G1 X117.126 Y123.989 Z12.88 E660.04271
G1 X116.382 Y124.344 Z12.883 E660.1044
G1 X115.634 Y124.654 Z12.885 E660.16499
G1 X114.854 Y124.931 Z12.887 E660.22694
G1 X114.063 Y125.165 Z12.89 E660.28867
G1 X113.261 Y125.357 Z12.893 E660.35038
G1 X112.448 Y125.508 Z12.895 E660.41226
G1 X111.649 Y125.613 Z12.897 E660.47257
G1 X110.824 Y125.678 Z12.9 E660.5345
;TIME_ELAPSED:372.899480
;LAYER:42
;TYPE:WALL-OUTER
;MESH:flow_cal_cylinder_32x30.stl
G1 X110 Y125.7 Z12.903 E660.59619
G1 X109.176 Y125.678 Z12.905 E660.65787
G1 X108.351 Y125.613 Z12.908 E660.7198
G1 X107.552 Y125.508 Z12.91 E660.78011
G1 X106.739 Y125.357 Z12.912 E660.84199
G1 X105.937 Y125.165 Z12.915 E660.90371
G1 X105.146 Y124.931 Z12.918 E660.96544
G1 X104.366 Y124.654 Z12.92 E661.02738
G1 X103.618 Y124.344 Z12.922 E661.08798
G1 X102.874 Y123.989 Z12.925 E661.14967
G1 X102.151 Y123.597 Z12.928 E661.21122
G1 X101.443 Y123.163 Z12.93 E661.27336
G1 X100.777 Y122.705 Z12.932 E661.33385
G1 X100.114 Y122.196 Z12.935 E661.3964
G1 X99.489 Y121.662 Z12.938 E661.45792
G1 X98.898 Y121.102 Z12.94 E661.51885
G1 X98.334 Y120.506 Z12.943 E661.58026
G1 X97.802 Y119.883 Z12.945 E661.64156
G1 X97.294 Y119.222 Z12.948 E661.70395
G1 X96.837 Y118.557 Z12.95 E661.76434
G1 X96.4 Y117.843 Z12.953 E661.82698
G1 X96.008 Y117.121 Z12.955 E661.88846
G1 X95.654 Y116.379 Z12.958 E661.94999
G1 X95.345 Y115.631 Z12.96 E662.01055
G1 X95.069 Y114.854 Z12.962 E662.07226
G1 X94.833 Y114.056 Z12.965 E662.13454
G1 X94.642 Y113.257 Z12.968 E662.19601
G1 X94.492 Y112.448 Z12.97 E662.25759
G1 X94.387 Y111.649 Z12.972 E662.3179
G1 X94.322 Y110.824 Z12.975 E662.37983
G1 X94.3 Y110.008 Z12.977 E662.44091
G1 X94.322 Y109.171 Z12.98 E662.50357
G1 X94.387 Y108.351 Z12.983 E662.56513
G1 X94.492 Y107.552 Z12.985 E662.62544
G1 X94.642 Y106.743 Z12.987 E662.68701
G1 X94.833 Y105.944 Z12.99 E662.74849
G1 X95.071 Y105.141 Z12.993 E662.81117
G1 X95.346 Y104.366 Z12.995 E662.87271
G1 X95.654 Y103.621 Z12.997 E662.93304
G1 X96.008 Y102.879 Z13 E662.99456
G1 X96.4 Y102.157 Z13.002 E663.05604
G1 X96.837 Y101.443 Z13.005 E663.11869
G1 X97.294 Y100.778 Z13.007 E663.17907
G1 X97.804 Y100.114 Z13.01 E663.24173
G1 X98.338 Y99.489 Z13.013 E663.30325
G1 X98.898 Y98.898 Z13.015 E663.36418
G1 X99.489 Y98.338 Z13.017 E663.42511
G1 X100.114 Y97.804 Z13.02 E663.48663
G1 X100.778 Y97.294 Z13.023 E663.54928
G1 X101.443 Y96.837 Z13.025 E663.60967
G1 X102.151 Y96.403 Z13.028 E663.67182
G1 X102.874 Y96.011 Z13.03 E663.73336
G1 X103.618 Y95.656 Z13.033 E663.79505
G1 X104.366 Y95.346 Z13.035 E663.85565
G1 X105.146 Y95.069 Z13.037 E663.91759
G1 X105.937 Y94.835 Z13.04 E663.97932
G1 X106.739 Y94.643 Z13.043 E664.04104
G1 X107.552 Y94.492 Z13.045 E664.10292
G1 X108.351 Y94.387 Z13.047 E664.16323
G1 X109.176 Y94.322 Z13.05 E664.22516
G1 X110 Y94.3 Z13.053 E664.28684
G1 X110.824 Y94.322 Z13.055 E664.34853
G1 X111.649 Y94.387 Z13.058 E664.41046
G1 X112.448 Y94.492 Z13.06 E664.47077
G1 X113.261 Y94.643 Z13.062 E664.53265
G1 X114.063 Y94.835 Z13.065 E664.59436
G1 X114.854 Y95.069 Z13.068 E664.65609
G1 X115.634 Y95.346 Z13.07 E664.71804
G1 X116.382 Y95.656 Z13.072 E664.77863
G1 X117.126 Y96.011 Z13.075 E664.84032
G1 X117.849 Y96.403 Z13.078 E664.90187
G1 X118.557 Y96.837 Z13.08 E664.96402
G1 X119.222 Y97.294 Z13.082 E665.0244
G1 X119.886 Y97.804 Z13.085 E665.08706
G1 X120.511 Y98.338 Z13.088 E665.14858
G1 X121.102 Y98.898 Z13.09 E665.20951
G1 X121.662 Y99.489 Z13.092 E665.27044
G1 X122.196 Y100.114 Z13.095 E665.33195
G1 X122.706 Y100.778 Z13.098 E665.39461
G1 X123.163 Y101.443 Z13.1 E665.455
G1 X123.6 Y102.157 Z13.103 E665.51764
G1 X123.992 Y102.879 Z13.105 E665.57912
G1 X124.346 Y103.621 Z13.108 E665.64065
G1 X124.654 Y104.366 Z13.11 E665.70098
G1 X124.929 Y105.141 Z13.112 E665.76252
G1 X125.163 Y105.929 Z13.115 E665.82403
G1 X125.358 Y106.743 Z13.118 E665.88667
G1 X125.508 Y107.552 Z13.12 E665.94825
G1 X125.613 Y108.351 Z13.122 E666.00855
G1 X125.678 Y109.171 Z13.125 E666.07011
G1 X125.7 Y109.992 Z13.127 E666.13157
G1 X125.678 Y110.824 Z13.13 E666.19386
G1 X125.613 Y111.649 Z13.133 E666.25579
G1 X125.508 Y112.448 Z13.135 E666.3161
G1 X125.358 Y113.257 Z13.137 E666.37767
G1 X125.167 Y114.056 Z13.14 E666.43915
G1 X124.931 Y114.854 Z13.143 E666.50143
G1 X124.655 Y115.631 Z13.145 E666.56313
G1 X124.346 Y116.379 Z13.147 E666.6237
G1 X123.992 Y117.121 Z13.15 E666.68522
G1 X123.6 Y117.843 Z13.152 E666.7467
G1 X123.163 Y118.557 Z13.155 E666.80935
G1 X122.706 Y119.222 Z13.157 E666.86973
G1 X122.198 Y119.883 Z13.16 E666.93212
G1 X121.666 Y120.506 Z13.163 E666.99343
G1 X121.102 Y121.102 Z13.165 E667.05484
G1 X120.511 Y121.662 Z13.167 E667.11576
G1 X119.886 Y122.196 Z13.17 E667.17728
G1 X119.223 Y122.705 Z13.173 E667.23984
G1 X118.557 Y123.163 Z13.175 E667.30032
G1 X117.849 Y123.597 Z13.178 E667.36247
G1 X117.126 Y123.989 Z13.18 E667.42402
G1 X116.382 Y124.344 Z13.183 E667.48571
G1 X115.634 Y124.654 Z13.185 E667.5463
G1 X114.854 Y124.931 Z13.187 E667.60825
G1 X114.063 Y125.165 Z13.19 E667.66998
G1 X113.261 Y125.357 Z13.193 E667.73169
G1 X112.448 Y125.508 Z13.195 E667.79357
G1 X111.649 Y125.613 Z13.197 E667.85388
G1 X110.824 Y125.678 Z13.2 E667.91581
;TIME_ELAPSED:376.238016
;LAYER:43
;TYPE:WALL-OUTER
;MESH:flow_cal_cylinder_32x30.stl
G1 X110 Y125.7 Z13.203 E667.9775
G1 X109.176 Y125.678 Z13.205 E668.03918
G1 X108.351 Y125.613 Z13.208 E668.10112
G1 X107.552 Y125.508 Z13.21 E668.16142
G1 X106.739 Y125.357 Z13.212 E668.22331
G1 X105.937 Y125.165 Z13.215 E668.28502
G1 X105.146 Y124.931 Z13.218 E668.34675
G1 X104.366 Y124.654 Z13.22 E668.40869
G1 X103.618 Y124.344 Z13.222 E668.46929
G1 X102.874 Y123.989 Z13.225 E668.53098
G1 X102.151 Y123.597 Z13.228 E668.59253
G1 X101.443 Y123.163 Z13.23 E668.65467
G1 X100.777 Y122.705 Z13.232 E668.71516
G1 X100.114 Y122.196 Z13.235 E668.77771
G1 X99.489 Y121.662 Z13.238 E668.83923
G1 X98.898 Y121.102 Z13.24 E668.90016
G1 X98.334 Y120.506 Z13.243 E668.96157
G1 X97.802 Y119.883 Z13.245 E669.02288
G1 X97.294 Y119.222 Z13.248 E669.08526
G1 X96.837 Y118.557 Z13.25 E669.14565
G1 X96.4 Y117.843 Z13.253 E669.20829
G1 X96.008 Y117.121 Z13.255 E669.26977
G1 X95.654 Y116.379 Z13.258 E669.3313
G1 X95.345 Y115.631 Z13.26 E669.39186
G1 X95.069 Y114.854 Z13.262 E669.45357
G1 X94.833 Y114.056 Z13.265 E669.51585
G1 X94.642 Y113.257 Z13.268 E669.57732
G1 X94.492 Y112.448 Z13.27 E669.6389
G1 X94.387 Y111.649 Z13.272 E669.69921
G1 X94.322 Y110.824 Z13.275 E669.76114
G1 X94.3 Y110.008 Z13.277 E669.82223
G1 X94.322 Y109.171 Z13.28 E669.88488
G1 X94.387 Y108.351 Z13.283 E669.94644
G1 X94.492 Y107.552 Z13.285 E670.00675
G1 X94.642 Y106.743 Z13.287 E670.06832
G1 X94.833 Y105.944 Z13.29 E670.1298
G1 X95.071 Y105.141 Z13.293 E670.19248
G1 X95.346 Y104.366 Z13.295 E670.25402
G1 X95.654 Y103.621 Z13.297 E670.31435
G1 X96.008 Y102.879 Z13.3 E670.37587
G1 X96.4 Y102.157 Z13.302 E670.43735
G1 X96.837 Y101.443 Z13.305 E670.5
G1 X97.294 Y100.778 Z13.307 E670.56038
G1 X97.804 Y100.114 Z13.31 E670.62304
G1 X98.338 Y99.489 Z13.313 E670.68456
G1 X98.898 Y98.898 Z13.315 E670.74549
G1 X99.489 Y98.338 Z13.317 E670.80642
G1 X100.114 Y97.804 Z13.32 E670.86794
G1 X100.778 Y97.294 Z13.323 E670.9306
G1 X101.443 Y96.837 Z13.325 E670.99098
G1 X102.151 Y96.403 Z13.328 E671.05313
G1 X102.874 Y96.011 Z13.33 E671.11467
G1 X103.618 Y95.656 Z13.333 E671.17636
G1 X104.366 Y95.346 Z13.335 E671.23696
G1 X105.146 Y95.069 Z13.337 E671.2989
G1 X105.937 Y94.835 Z13.34 E671.36063
G1 X106.739 Y94.643 Z13.343 E671.42235
G1 X107.552 Y94.492 Z13.345 E671.48423
G1 X108.351 Y94.387 Z13.347 E671.54454
G1 X109.176 Y94.322 Z13.35 E671.60647
G1 X110 Y94.3 Z13.353 E671.66815
G1 X110.824 Y94.322 Z13.355 E671.72984
G1 X111.649 Y94.387 Z13.358 E671.79177
G1 X112.448 Y94.492 Z13.36 E671.85208
G1 X113.261 Y94.643 Z13.362 E671.91396
G1 X114.063 Y94.835 Z13.365 E671.97567
G1 X114.854 Y95.069 Z13.368 E672.03741
G1 X115.634 Y95.346 Z13.37 E672.09935
G1 X116.382 Y95.656 Z13.372 E672.15994
G1 X117.126 Y96.011 Z13.375 E672.22163
G1 X117.849 Y96.403 Z13.378 E672.28318
G1 X118.557 Y96.837 Z13.38 E672.34533
G1 X119.222 Y97.294 Z13.382 E672.40571
G1 X119.886 Y97.804 Z13.385 E672.46837
G1 X120.511 Y98.338 Z13.388 E672.52989
G1 X121.102 Y98.898 Z13.39 E672.59082
G1 X121.662 Y99.489 Z13.392 E672.65175
G1 X122.196 Y100.114 Z13.395 E672.71327
G1 X122.706 Y100.778 Z13.398 E672.77592
G1 X123.163 Y101.443 Z13.4 E672.83631
G1 X123.6 Y102.157 Z13.403 E672.89895
G1 X123.992 Y102.879 Z13.405 E672.96043
G1 X124.346 Y103.621 Z13.408 E673.02196
G1 X124.654 Y104.366 Z13.41 E673.08229
G1 X124.929 Y105.141 Z13.412 E673.14383
G1 X125.163 Y105.929 Z13.415 E673.20534
G1 X125.358 Y106.743 Z13.418 E673.26798
G1 X125.508 Y107.552 Z13.42 E673.32956
G1 X125.613 Y108.351 Z13.422 E673.38986
G1 X125.678 Y109.171 Z13.425 E673.45142
G1 X125.7 Y109.992 Z13.427 E673.51288
G1 X125.678 Y110.824 Z13.43 E673.57517
G1 X125.613 Y111.649 Z13.433 E673.6371
G1 X125.508 Y112.448 Z13.435 E673.69741
G1 X125.358 Y113.257 Z13.437 E673.75898
G1 X125.167 Y114.056 Z13.44 E673.82046
G1 X124.931 Y114.854 Z13.443 E673.88274
G1 X124.655 Y115.631 Z13.445 E673.94444
G1 X124.346 Y116.379 Z13.447 E674.00501
G1 X123.992 Y117.121 Z13.45 E674.06653
G1 X123.6 Y117.843 Z13.452 E674.12801
G1 X123.163 Y118.557 Z13.455 E674.19066
G1 X122.706 Y119.222 Z13.457 E674.25104
G1 X122.198 Y119.883 Z13.46 E674.31343
G1 X121.666 Y120.506 Z13.463 E674.37474
G1 X121.102 Y121.102 Z13.465 E674.43615
G1 X120.511 Y121.662 Z13.467 E674.49708
G1 X119.886 Y122.196 Z13.47 E674.5586
G1 X119.223 Y122.705 Z13.473 E674.62115
G1 X118.557 Y123.163 Z13.475 E674.68164
G1 X117.849 Y123.597 Z13.478 E674.74378
G1 X117.126 Y123.989 Z13.48 E674.80533
G1 X116.382 Y124.344 Z13.483 E674.86702
G1 X115.634 Y124.654 Z13.485 E674.92761
G1 X114.854 Y124.931 Z13.487 E674.98956
G1 X114.063 Y125.165 Z13.49 E675.05129
G1 X113.261 Y125.357 Z13.493 E675.113
G1 X112.448 Y125.508 Z13.495 E675.17488
G1 X111.649 Y125.613 Z13.497 E675.23519
G1 X110.824 Y125.678 Z13.5 E675.29712
;TIME_ELAPSED:379.576552
;LAYER:44
;TYPE:WALL-OUTER
;MESH:flow_cal_cylinder_32x30.stl
G1 X110 Y125.7 Z13.503 E675.35881
G1 X109.176 Y125.678 Z13.505 E675.4205
G1 X108.351 Y125.613 Z13.508 E675.48243
G1 X107.552 Y125.508 Z13.51 E675.54273
G1 X106.739 Y125.357 Z13.512 E675.60462
G1 X105.937 Y125.165 Z13.515 E675.66633
G1 X105.146 Y124.931 Z13.518 E675.72806
G1 X104.366 Y124.654 Z13.52 E675.79
G1 X103.618 Y124.344 Z13.522 E675.8506
G1 X102.874 Y123.989 Z13.525 E675.91229
G1 X102.151 Y123.597 Z13.528 E675.97384
G1 X101.443 Y123.163 Z13.53 E676.03598
G1 X100.777 Y122.705 Z13.532 E676.09647
G1 X100.114 Y122.196 Z13.535 E676.15902
G1 X99.489 Y121.662 Z13.538 E676.22054
G1 X98.898 Y121.102 Z13.54 E676.28147
G1 X98.334 Y120.506 Z13.543 E676.34288
G1 X97.802 Y119.883 Z13.545 E676.40419
G1 X97.294 Y119.222 Z13.548 E676.46657
G1 X96.837 Y118.557 Z13.55 E676.52696
G1 X96.4 Y117.843 Z13.553 E676.5896
G1 X96.008 Y117.121 Z13.555 E676.65109
G1 X95.654 Y116.379 Z13.558 E676.71261
G1 X95.345 Y115.631 Z13.56 E676.77317
G1 X95.069 Y114.854 Z13.562 E676.83488
G1 X94.833 Y114.056 Z13.565 E676.89716
G1 X94.642 Y113.257 Z13.568 E676.95864
G1 X94.492 Y112.448 Z13.57 E677.02021
G1 X94.387 Y111.649 Z13.572 E677.08052
G1 X94.322 Y110.824 Z13.575 E677.14245
G1 X94.3 Y110.008 Z13.577 E677.20354
G1 X94.322 Y109.171 Z13.58 E677.2662
G1 X94.387 Y108.351 Z13.583 E677.32775
G1 X94.492 Y107.552 Z13.585 E677.38806
G1 X94.642 Y106.743 Z13.587 E677.44963
G1 X94.833 Y105.944 Z13.59 E677.51111
G1 X95.071 Y105.141 Z13.593 E677.57379
G1 X95.346 Y104.366 Z13.595 E677.63533
G1 X95.654 Y103.621 Z13.597 E677.69566
G1 X96.008 Y102.879 Z13.6 E677.75718
G1 X96.4 Y102.157 Z13.602 E677.81867
G1 X96.837 Y101.443 Z13.605 E677.88131
G1 X97.294 Y100.778 Z13.607 E677.9417
G1 X97.804 Y100.114 Z13.61 E678.00435
G1 X98.338 Y99.489 Z13.613 E678.06587
G1 X98.898 Y98.898 Z13.615 E678.1268
G1 X99.489 Y98.338 Z13.617 E678.18773
G1 X100.114 Y97.804 Z13.62 E678.24925
G1 X100.778 Y97.294 Z13.623 E678.31191
G1 X101.443 Y96.837 Z13.625 E678.37229
G1 X102.151 Y96.403 Z13.628 E678.43444
G1 X102.874 Y96.011 Z13.63 E678.49598
G1 X103.618 Y95.656 Z13.633 E678.55767
G1 X104.366 Y95.346 Z13.635 E678.61827
G1 X105.146 Y95.069 Z13.637 E678.68021
G1 X105.937 Y94.835 Z13.64 E678.74194
G1 X106.739 Y94.643 Z13.643 E678.80366
G1 X107.552 Y94.492 Z13.645 E678.86554
G1 X108.351 Y94.387 Z13.647 E678.92585
G1 X109.176 Y94.322 Z13.65 E678.98778
G1 X110 Y94.3 Z13.653 E679.04946
G1 X110.824 Y94.322 Z13.655 E679.11115
G1 X111.649 Y94.387 Z13.658 E679.17308
G1 X112.448 Y94.492 Z13.66 E679.23339
G1 X113.261 Y94.643 Z13.662 E679.29527
G1 X114.063 Y94.835 Z13.665 E679.35699
G1 X114.854 Y95.069 Z13.668 E679.41872
G1 X115.634 Y95.346 Z13.67 E679.48066
G1 X116.382 Y95.656 Z13.672 E679.54125
G1 X117.126 Y96.011 Z13.675 E679.60294
G1 X117.849 Y96.403 Z13.678 E679.66449
G1 X118.557 Y96.837 Z13.68 E679.72664
G1 X119.222 Y97.294 Z13.682 E679.78702
G1 X119.886 Y97.804 Z13.685 E679.84968
G1 X120.511 Y98.338 Z13.688 E679.9112
G1 X121.102 Y98.898 Z13.69 E679.97213
G1 X121.662 Y99.489 Z13.692 E680.03306
G1 X122.196 Y100.114 Z13.695 E680.09458
G1 X122.706 Y100.778 Z13.698 E680.15723
G1 X123.163 Y101.443 Z13.7 E680.21762
G1 X123.6 Y102.157 Z13.703 E680.28026
G1 X123.992 Y102.879 Z13.705 E680.34174
G1 X124.346 Y103.621 Z13.708 E680.40327
G1 X124.654 Y104.366 Z13.71 E680.4636
G1 X124.929 Y105.141 Z13.712 E680.52514
G1 X125.163 Y105.929 Z13.715 E680.58665
G1 X125.358 Y106.743 Z13.718 E680.64929
G1 X125.508 Y107.552 Z13.72 E680.71087
G1 X125.613 Y108.351 Z13.722 E680.77118
G1 X125.678 Y109.171 Z13.725 E680.83273
G1 X125.7 Y109.992 Z13.727 E680.8942
G1 X125.678 Y110.824 Z13.73 E680.95648
G1 X125.613 Y111.649 Z13.733 E681.01841
G1 X125.508 Y112.448 Z13.735 E681.07872
G1 X125.358 Y113.257 Z13.737 E681.14029
G1 X125.167 Y114.056 Z13.74 E681.20177
G1 X124.931 Y114.854 Z13.743 E681.26405
G1 X124.655 Y115.631 Z13.745 E681.32575
G1 X124.346 Y116.379 Z13.747 E681.38632
G1 X123.992 Y117.121 Z13.75 E681.44784
G1 X123.6 Y117.843 Z13.752 E681.50932
G1 X123.163 Y118.557 Z13.755 E681.57197
G1 X122.706 Y119.222 Z13.757 E681.63235
G1 X122.198 Y119.883 Z13.76 E681.69474
G1 X121.666 Y120.506 Z13.763 E681.75605
G1 X121.102 Y121.102 Z13.765 E681.81746
G1 X120.511 Y121.662 Z13.767 E681.87839
G1 X119.886 Y122.196 Z13.77 E681.93991
G1 X119.223 Y122.705 Z13.773 E682.00246
G1 X118.557 Y123.163 Z13.775 E682.06295
G1 X117.849 Y123.597 Z13.778 E682.12509
G1 X117.126 Y123.989 Z13.78 E682.18664
G1 X116.382 Y124.344 Z13.783 E682.24833
G1 X115.634 Y124.654 Z13.785 E682.30892
G1 X114.854 Y124.931 Z13.787 E682.37087
G1 X114.063 Y125.165 Z13.79 E682.4326
G1 X113.261 Y125.357 Z13.793 E682.49431
G1 X112.448 Y125.508 Z13.795 E682.55619
G1 X111.649 Y125.613 Z13.797 E682.6165
G1 X110.824 Y125.678 Z13.8 E682.67843
;TIME_ELAPSED:382.915087
;LAYER:45
;TYPE:WALL-OUTER
;MESH:flow_cal_cylinder_32x30.stl
G1 X110 Y125.7 Z13.803 E682.74012
G1 X109.176 Y125.678 Z13.805 E682.80181
G1 X108.351 Y125.613 Z13.808 E682.86374
G1 X107.552 Y125.508 Z13.81 E682.92404
G1 X106.739 Y125.357 Z13.812 E682.98593
G1 X105.937 Y125.165 Z13.815 E683.04764
G1 X105.146 Y124.931 Z13.818 E683.10937
G1 X104.366 Y124.654 Z13.82 E683.17131
G1 X103.618 Y124.344 Z13.822 E683.23191
G1 X102.874 Y123.989 Z13.825 E683.2936
G1 X102.151 Y123.597 Z13.828 E683.35515
G1 X101.443 Y123.163 Z13.83 E683.41729
G1 X100.777 Y122.705 Z13.832 E683.47778
G1 X100.114 Y122.196 Z13.835 E683.54033
G1 X99.489 Y121.662 Z13.838 E683.60185
G1 X98.898 Y121.102 Z13.84 E683.66278
G1 X98.334 Y120.506 Z13.843 E683.72419
G1 X97.802 Y119.883 Z13.845 E683.7855
G1 X97.294 Y119.222 Z13.848 E683.84788
G1 X96.837 Y118.557 Z13.85 E683.90827
G1 X96.4 Y117.843 Z13.853 E683.97091
G1 X96.008 Y117.121 Z13.855 E684.0324
G1 X95.654 Y116.379 Z13.858 E684.09392
G1 X95.345 Y115.631 Z13.86 E684.15449
G1 X95.069 Y114.854 Z13.862 E684.21619
G1 X94.833 Y114.056 Z13.865 E684.27847
G1 X94.642 Y113.257 Z13.868 E684.33995
G1 X94.492 Y112.448 Z13.87 E684.40152
G1 X94.387 Y111.649 Z13.872 E684.46183
G1 X94.322 Y110.824 Z13.875 E684.52376
G1 X94.3 Y110.008 Z13.877 E684.58485
G1 X94.322 Y109.171 Z13.88 E684.64751
G1 X94.387 Y108.351 Z13.883 E684.70906
G1 X94.492 Y107.552 Z13.885 E684.76937
G1 X94.642 Y106.743 Z13.887 E684.83095
G1 X94.833 Y105.944 Z13.89 E684.89242
G1 X95.071 Y105.141 Z13.893 E684.9551
G1 X95.346 Y104.366 Z13.895 E685.01664
G1 X95.654 Y103.621 Z13.897 E685.07697
G1 X96.008 Y102.879 Z13.9 E685.13849
G1 X96.4 Y102.157 Z13.902 E685.19998
G1 X96.837 Y101.443 Z13.905 E685.26262
G1 X97.294 Y100.778 Z13.907 E685.32301
G1 X97.804 Y100.114 Z13.91 E685.38566
G1 X98.338 Y99.489 Z13.913 E685.44718
G1 X98.898 Y98.898 Z13.915 E685.50811
G1 X99.489 Y98.338 Z13.917 E685.56904
G1 X100.114 Y97.804 Z13.92 E685.63056
G1 X100.778 Y97.294 Z13.923 E685.69322
G1 X101.443 Y96.837 Z13.925 E685.7536
G1 X102.151 Y96.403 Z13.928 E685.81575
G1 X102.874 Y96.011 Z13.93 E685.87729
G1 X103.618 Y95.656 Z13.933 E685.93899
G1 X104.366 Y95.346 Z13.935 E685.99958
G1 X105.146 Y95.069 Z13.937 E686.06152
G1 X105.937 Y94.835 Z13.94 E686.12325
G1 X106.739 Y94.643 Z13.943 E686.18497
G1 X107.552 Y94.492 Z13.945 E686.24685
G1 X108.351 Y94.387 Z13.947 E686.30716
G1 X109.176 Y94.322 Z13.95 E686.36909
G1 X110 Y94.3 Z13.953 E686.43077
G1 X110.824 Y94.322 Z13.955 E686.49246
G1 X111.649 Y94.387 Z13.958 E686.55439
G1 X112.448 Y94.492 Z13.96 E686.6147
G1 X113.261 Y94.643 Z13.962 E686.67658
G1 X114.063 Y94.835 Z13.965 E686.7383
G1 X114.854 Y95.069 Z13.968 E686.80003
G1 X115.634 Y95.346 Z13.97 E686.86197
G1 X116.382 Y95.656 Z13.972 E686.92256
G1 X117.126 Y96.011 Z13.975 E686.98426
G1 X117.849 Y96.403 Z13.978 E687.0458
G1 X118.557 Y96.837 Z13.98 E687.10795
G1 X119.222 Y97.294 Z13.982 E687.16833
G1 X119.886 Y97.804 Z13.985 E687.23099
G1 X120.511 Y98.338 Z13.988 E687.29251
G1 X121.102 Y98.898 Z13.99 E687.35344
G1 X121.662 Y99.489 Z13.992 E687.41437
G1 X122.196 Y100.114 Z13.995 E687.47589
G1 X122.706 Y100.778 Z13.998 E687.53854
G1 X123.163 Y101.443 Z14 E687.59893
G1 X123.6 Y102.157 Z14.003 E687.66157
G1 X123.992 Y102.879 Z14.005 E687.72306
G1 X124.346 Y103.621 Z14.008 E687.78458
G1 X124.654 Y104.366 Z14.01 E687.84491
G1 X124.929 Y105.141 Z14.012 E687.90645
G1 X125.163 Y105.929 Z14.015 E687.96796
G1 X125.358 Y106.743 Z14.018 E688.0306
G1 X125.508 Y107.552 Z14.02 E688.09218
G1 X125.613 Y108.351 Z14.022 E688.15249
G1 X125.678 Y109.171 Z14.025 E688.21404
G1 X125.7 Y109.992 Z14.027 E688.27551
G1 X125.678 Y110.824 Z14.03 E688.33779
G1 X125.613 Y111.649 Z14.033 E688.39972
G1 X125.508 Y112.448 Z14.035 E688.46003
G1 X125.358 Y113.257 Z14.037 E688.5216
G1 X125.167 Y114.056 Z14.04 E688.58308
G1 X124.931 Y114.854 Z14.043 E688.64536
G1 X124.655 Y115.631 Z14.045 E688.70706
G1 X124.346 Y116.379 Z14.047 E688.76763
G1 X123.992 Y117.121 Z14.05 E688.82915
G1 X123.6 Y117.843 Z14.052 E688.89063
G1 X123.163 Y118.557 Z14.055 E688.95328
G1 X122.706 Y119.222 Z14.057 E689.01367
G1 X122.198 Y119.883 Z14.06 E689.07605
G1 X121.666 Y120.506 Z14.063 E689.13736
G1 X121.102 Y121.102 Z14.065 E689.19877
G1 X120.511 Y121.662 Z14.067 E689.2597
G1 X119.886 Y122.196 Z14.07 E689.32122
G1 X119.223 Y122.705 Z14.073 E689.38377
G1 X118.557 Y123.163 Z14.075 E689.44426
G1 X117.849 Y123.597 Z14.078 E689.5064
G1 X117.126 Y123.989 Z14.08 E689.56795
G1 X116.382 Y124.344 Z14.083 E689.62964
G1 X115.634 Y124.654 Z14.085 E689.69023
G1 X114.854 Y124.931 Z14.087 E689.75218
G1 X114.063 Y125.165 Z14.09 E689.81391
G1 X113.261 Y125.357 Z14.093 E689.87562
G1 X112.448 Y125.508 Z14.095 E689.9375
G1 X111.649 Y125.613 Z14.097 E689.99781
G1 X110.824 Y125.678 Z14.1 E690.05974
;TIME_ELAPSED:386.253623
;LAYER:46
;TYPE:WALL-OUTER
;MESH:flow_cal_cylinder_32x30.stl
G1 X110 Y125.7 Z14.103 E690.12143
G1 X109.176 Y125.678 Z14.105 E690.18312
G1 X108.351 Y125.613 Z14.108 E690.24505
G1 X107.552 Y125.508 Z14.11 E690.30536
G1 X106.739 Y125.357 Z14.112 E690.36724
G1 X105.937 Y125.165 Z14.115 E690.42895
G1 X105.146 Y124.931 Z14.118 E690.49068
G1 X104.366 Y124.654 Z14.12 E690.55263
G1 X103.618 Y124.344 Z14.122 E690.61322
G1 X102.874 Y123.989 Z14.125 E690.67491
G1 X102.151 Y123.597 Z14.128 E690.73646
G1 X101.443 Y123.163 Z14.13 E690.7986
G1 X100.777 Y122.705 Z14.132 E690.85909
G1 X100.114 Y122.196 Z14.135 E690.92164
G1 X99.489 Y121.662 Z14.138 E690.98316
G1 X98.898 Y121.102 Z14.14 E691.04409
G1 X98.334 Y120.506 Z14.143 E691.1055
G1 X97.802 Y119.883 Z14.145 E691.16681
G1 X97.294 Y119.222 Z14.148 E691.2292
G1 X96.837 Y118.557 Z14.15 E691.28958
G1 X96.4 Y117.843 Z14.153 E691.35223
G1 X96.008 Y117.121 Z14.155 E691.41371
G1 X95.654 Y116.379 Z14.158 E691.47523
G1 X95.345 Y115.631 Z14.16 E691.5358
G1 X95.069 Y114.854 Z14.162 E691.5975
G1 X94.833 Y114.056 Z14.165 E691.65978
G1 X94.642 Y113.257 Z14.168 E691.72126
G1 X94.492 Y112.448 Z14.17 E691.78283
G1 X94.387 Y111.649 Z14.172 E691.84314
G1 X94.322 Y110.824 Z14.175 E691.90507
G1 X94.3 Y110.008 Z14.177 E691.96616
G1 X94.322 Y109.171 Z14.18 E692.02882
G1 X94.387 Y108.351 Z14.183 E692.09037
G1 X94.492 Y107.552 Z14.185 E692.15068
G1 X94.642 Y106.743 Z14.187 E692.21226
G1 X94.833 Y105.944 Z14.19 E692.27373
G1 X95.071 Y105.141 Z14.193 E692.33641
G1 X95.346 Y104.366 Z14.195 E692.39795
G1 X95.654 Y103.621 Z14.197 E692.45828
G1 X96.008 Y102.879 Z14.2 E692.51981
G1 X96.4 Y102.157 Z14.202 E692.58129
G1 X96.837 Y101.443 Z14.205 E692.64393
G1 X97.294 Y100.778 Z14.207 E692.70432
G1 X97.804 Y100.114 Z14.21 E692.76697
G1 X98.338 Y99.489 Z14.213 E692.82849
G1 X98.898 Y98.898 Z14.215 E692.88942
G1 X99.489 Y98.338 Z14.217 E692.95035
G1 X100.114 Y97.804 Z14.22 E693.01187
G1 X100.778 Y97.294 Z14.223 E693.07453
G1 X101.443 Y96.837 Z14.225 E693.13491
G1 X102.151 Y96.403 Z14.228 E693.19706
G1 X102.874 Y96.011 Z14.23 E693.2586
G1 X103.618 Y95.656 Z14.233 E693.3203
G1 X104.366 Y95.346 Z14.235 E693.38089
G1 X105.146 Y95.069 Z14.237 E693.44283
G1 X105.937 Y94.835 Z14.24 E693.50456
G1 X106.739 Y94.643 Z14.243 E693.56628
G1 X107.552 Y94.492 Z14.245 E693.62816
G1 X108.351 Y94.387 Z14.247 E693.68847
G1 X109.176 Y94.322 Z14.25 E693.7504
G1 X110 Y94.3 Z14.253 E693.81209
G1 X110.824 Y94.322 Z14.255 E693.87377
G1 X111.649 Y94.387 Z14.258 E693.9357
G1 X112.448 Y94.492 Z14.26 E693.99601
G1 X113.261 Y94.643 Z14.262 E694.05789
G1 X114.063 Y94.835 Z14.265 E694.11961
G1 X114.854 Y95.069 Z14.268 E694.18134
G1 X115.634 Y95.346 Z14.27 E694.24328
G1 X116.382 Y95.656 Z14.272 E694.30387
G1 X117.126 Y96.011 Z14.275 E694.36557
G1 X117.849 Y96.403 Z14.278 E694.42711
G1 X118.557 Y96.837 Z14.28 E694.48926
G1 X119.222 Y97.294 Z14.282 E694.54964
G1 X119.886 Y97.804 Z14.285 E694.6123
G1 X120.511 Y98.338 Z14.288 E694.67382
G1 X121.102 Y98.898 Z14.29 E694.73475
G1 X121.662 Y99.489 Z14.292 E694.79568
G1 X122.196 Y100.114 Z14.295 E694.8572
G1 X122.706 Y100.778 Z14.298 E694.91985
G1 X123.163 Y101.443 Z14.3 E694.98024
G1 X123.6 Y102.157 Z14.303 E695.04288
G1 X123.992 Y102.879 Z14.305 E695.10437
G1 X124.346 Y103.621 Z14.308 E695.16589
G1 X124.654 Y104.366 Z14.31 E695.22622
G1 X124.929 Y105.141 Z14.312 E695.28776
G1 X125.163 Y105.929 Z14.315 E695.34928
G1 X125.358 Y106.743 Z14.318 E695.41191
G1 X125.508 Y107.552 Z14.32 E695.47349
G1 X125.613 Y108.351 Z14.322 E695.5338
G1 X125.678 Y109.171 Z14.325 E695.59535
G1 X125.7 Y109.992 Z14.327 E695.65682
G1 X125.678 Y110.824 Z14.33 E695.7191
G1 X125.613 Y111.649 Z14.333 E695.78103
G1 X125.508 Y112.448 Z14.335 E695.84134
G1 X125.358 Y113.257 Z14.337 E695.90291
G1 X125.167 Y114.056 Z14.34 E695.96439
G1 X124.931 Y114.854 Z14.343 E696.02667
G1 X124.655 Y115.631 Z14.345 E696.08837
G1 X124.346 Y116.379 Z14.347 E696.14894
G1 X123.992 Y117.121 Z14.35 E696.21046
G1 X123.6 Y117.843 Z14.352 E696.27195
G1 X123.163 Y118.557 Z14.355 E696.33459
G1 X122.706 Y119.222 Z14.357 E696.39498
G1 X122.198 Y119.883 Z14.36 E696.45736
G1 X121.666 Y120.506 Z14.363 E696.51867
G1 X121.102 Y121.102 Z14.365 E696.58008
G1 X120.511 Y121.662 Z14.367 E696.64101
G1 X119.886 Y122.196 Z14.37 E696.70253
G1 X119.223 Y122.705 Z14.373 E696.76508
G1 X118.557 Y123.163 Z14.375 E696.82557
G1 X117.849 Y123.597 Z14.378 E696.88771
G1 X117.126 Y123.989 Z14.38 E696.94926
G1 X116.382 Y124.344 Z14.383 E697.01095
G1 X115.634 Y124.654 Z14.385 E697.07155
G1 X114.854 Y124.931 Z14.387 E697.13349
G1 X114.063 Y125.165 Z14.39 E697.19522
G1 X113.261 Y125.357 Z14.393 E697.25693
G1 X112.448 Y125.508 Z14.395 E697.31882
G1 X111.649 Y125.613 Z14.397 E697.37912
G1 X110.824 Y125.678 Z14.4 E697.44105
;TIME_ELAPSED:389.592159
;LAYER:47
;TYPE:WALL-OUTER
;MESH:flow_cal_cylinder_32x30.stl
G1 X110 Y125.7 Z14.403 E697.50274
G1 X109.176 Y125.678 Z14.405 E697.56443
G1 X108.351 Y125.613 Z14.408 E697.62636
G1 X107.552 Y125.508 Z14.41 E697.68667
G1 X106.739 Y125.357 Z14.412 E697.74855
G1 X105.937 Y125.165 Z14.415 E697.81026
G1 X105.146 Y124.931 Z14.418 E697.87199
G1 X104.366 Y124.654 Z14.42 E697.93394
G1 X103.618 Y124.344 Z14.422 E697.99453
G1 X102.874 Y123.989 Z14.425 E698.05622
G1 X102.151 Y123.597 Z14.428 E698.11777
G1 X101.443 Y123.163 Z14.43 E698.17991
G1 X100.777 Y122.705 Z14.432 E698.2404
G1 X100.114 Y122.196 Z14.435 E698.30295
G1 X99.489 Y121.662 Z14.438 E698.36447
G1 X98.898 Y121.102 Z14.44 E698.4254
G1 X98.334 Y120.506 Z14.443 E698.48681
G1 X97.802 Y119.883 Z14.445 E698.54812
G1 X97.294 Y119.222 Z14.448 E698.61051
G1 X96.837 Y118.557 Z14.45 E698.67089
G1 X96.4 Y117.843 Z14.453 E698.73354
G1 X96.008 Y117.121 Z14.455 E698.79502
G1 X95.654 Y116.379 Z14.458 E698.85654
G1 X95.345 Y115.631 Z14.46 E698.91711
G1 X95.069 Y114.854 Z14.462 E698.97881
G1 X94.833 Y114.056 Z14.465 E699.04109
G1 X94.642 Y113.257 Z14.468 E699.10257
G1 X94.492 Y112.448 Z14.47 E699.16414
G1 X94.387 Y111.649 Z14.472 E699.22445
G1 X94.322 Y110.824 Z14.475 E699.28638
G1 X94.3 Y110.008 Z14.477 E699.34747
G1 X94.322 Y109.171 Z14.48 E699.41013
G1 X94.387 Y108.351 Z14.483 E699.47168
G1 X94.492 Y107.552 Z14.485 E699.53199
G1 X94.642 Y106.743 Z14.487 E699.59357
G1 X94.833 Y105.944 Z14.49 E699.65504
G1 X95.071 Y105.141 Z14.493 E699.71772
G1 X95.346 Y104.366 Z14.495 E699.77926
G1 X95.654 Y103.621 Z14.497 E699.83959
G1 X96.008 Y102.879 Z14.5 E699.90112
G1 X96.4 Y102.157 Z14.502 E699.9626
G1 X96.837 Y101.443 Z14.505 E700.02524
G1 X97.294 Y100.778 Z14.507 E700.08563
G1 X97.804 Y100.114 Z14.51 E700.14828
G1 X98.338 Y99.489 Z14.513 E700.2098
G1 X98.898 Y98.898 Z14.515 E700.27073
G1 X99.489 Y98.338 Z14.517 E700.33166
G1 X100.114 Y97.804 Z14.52 E700.39318
G1 X100.778 Y97.294 Z14.523 E700.45584
G1 X101.443 Y96.837 Z14.525 E700.51622
G1 X102.151 Y96.403 Z14.528 E700.57837
G1 X102.874 Y96.011 Z14.53 E700.63992
G1 X103.618 Y95.656 Z14.533 E700.70161
G1 X104.366 Y95.346 Z14.535 E700.7622
G1 X105.146 Y95.069 Z14.537 E700.82414
G1 X105.937 Y94.835 Z14.54 E700.88587
G1 X106.739 Y94.643 Z14.543 E700.94759
G1 X107.552 Y94.492 Z14.545 E701.00947
G1 X108.351 Y94.387 Z14.547 E701.06978
G1 X109.176 Y94.322 Z14.55 E701.13171
G1 X110 Y94.3 Z14.553 E701.1934
G1 X110.824 Y94.322 Z14.555 E701.25508
G1 X111.649 Y94.387 Z14.558 E701.31701
G1 X112.448 Y94.492 Z14.56 E701.37732
G1 X113.261 Y94.643 Z14.562 E701.4392
G1 X114.063 Y94.835 Z14.565 E701.50092
G1 X114.854 Y95.069 Z14.568 E701.56265
G1 X115.634 Y95.346 Z14.57 E701.62459
G1 X116.382 Y95.656 Z14.572 E701.68519
G1 X117.126 Y96.011 Z14.575 E701.74688
G1 X117.849 Y96.403 Z14.578 E701.80842
G1 X118.557 Y96.837 Z14.58 E701.87057
G1 X119.222 Y97.294 Z14.582 E701.93095
G1 X119.886 Y97.804 Z14.585 E701.99361
G1 X120.511 Y98.338 Z14.588 E702.05513
G1 X121.102 Y98.898 Z14.59 E702.11606
G1 X121.662 Y99.489 Z14.592 E702.17699
G1 X122.196 Y100.114 Z14.595 E702.23851
G1 X122.706 Y100.778 Z14.598 E702.30116
G1 X123.163 Y101.443 Z14.6 E702.36155
G1 X123.6 Y102.157 Z14.603 E702.4242
G1 X123.992 Y102.879 Z14.605 E702.48568
G1 X124.346 Y103.621 Z14.608 E702.5472
G1 X124.654 Y104.366 Z14.61 E702.60753
G1 X124.929 Y105.141 Z14.612 E702.66907
G1 X125.163 Y105.929 Z14.615 E702.73059
G1 X125.358 Y106.743 Z14.618 E702.79323
G1 X125.508 Y107.552 Z14.62 E702.8548
G1 X125.613 Y108.351 Z14.622 E702.91511
G1 X125.678 Y109.171 Z14.625 E702.97667
G1 X125.7 Y109.992 Z14.627 E703.03813
G1 X125.678 Y110.824 Z14.63 E703.10041
G1 X125.613 Y111.649 Z14.633 E703.16234
G1 X125.508 Y112.448 Z14.635 E703.22265
G1 X125.358 Y113.257 Z14.637 E703.28422
G1 X125.167 Y114.056 Z14.64 E703.3457
G1 X124.931 Y114.854 Z14.643 E703.40798
G1 X124.655 Y115.631 Z14.645 E703.46969
G1 X124.346 Y116.379 Z14.647 E703.53025
G1 X123.992 Y117.121 Z14.65 E703.59177
G1 X123.6 Y117.843 Z14.652 E703.65326
G1 X123.163 Y118.557 Z14.655 E703.7159
G1 X122.706 Y119.222 Z14.657 E703.77629
G1 X122.198 Y119.883 Z14.66 E703.83867
G1 X121.666 Y120.506 Z14.663 E703.89998
G1 X121.102 Y121.102 Z14.665 E703.96139
G1 X120.511 Y121.662 Z14.667 E704.02232
G1 X119.886 Y122.196 Z14.67 E704.08384
G1 X119.223 Y122.705 Z14.673 E704.14639
G1 X118.557 Y123.163 Z14.675 E704.20688
G1 X117.849 Y123.597 Z14.678 E704.26902
G1 X117.126 Y123.989 Z14.68 E704.33057
G1 X116.382 Y124.344 Z14.683 E704.39226
G1 X115.634 Y124.654 Z14.685 E704.45286
G1 X114.854 Y124.931 Z14.687 E704.5148
G1 X114.063 Y125.165 Z14.69 E704.57653
G1 X113.261 Y125.357 Z14.693 E704.63824
G1 X112.448 Y125.508 Z14.695 E704.70013
G1 X111.649 Y125.613 Z14.697 E704.76043
G1 X110.824 Y125.678 Z14.7 E704.82236
;TIME_ELAPSED:392.930695
;LAYER:48
;TYPE:WALL-OUTER
;MESH:flow_cal_cylinder_32x30.stl
G1 X110 Y125.7 Z14.703 E704.88405
G1 X109.176 Y125.678 Z14.705 E704.94574
G1 X108.351 Y125.613 Z14.708 E705.00767
G1 X107.552 Y125.508 Z14.71 E705.06798
G1 X106.739 Y125.357 Z14.712 E705.12986
G1 X105.937 Y125.165 Z14.715 E705.19157
G1 X105.146 Y124.931 Z14.718 E705.2533
G1 X104.366 Y124.654 Z14.72 E705.31525
G1 X103.618 Y124.344 Z14.722 E705.37584
G1 X102.874 Y123.989 Z14.725 E705.43753
G1 X102.151 Y123.597 Z14.728 E705.49908
G1 X101.443 Y123.163 Z14.73 E705.56123
G1 X100.777 Y122.705 Z14.732 E705.62171
G1 X100.114 Y122.196 Z14.735 E705.68427
G1 X99.489 Y121.662 Z14.738 E705.74578
G1 X98.898 Y121.102 Z14.74 E705.80671
G1 X98.334 Y120.506 Z14.743 E705.86812
G1 X97.802 Y119.883 Z14.745 E705.92943
G1 X97.294 Y119.222 Z14.748 E705.99182
G1 X96.837 Y118.557 Z14.75 E706.0522
G1 X96.4 Y117.843 Z14.753 E706.11485
G1 X96.008 Y117.121 Z14.755 E706.17633
G1 X95.654 Y116.379 Z14.758 E706.23785
G1 X95.345 Y115.631 Z14.76 E706.29842
G1 X95.069 Y114.854 Z14.762 E706.36012
G1 X94.833 Y114.056 Z14.765 E706.4224
G1 X94.642 Y113.257 Z14.768 E706.48388
G1 X94.492 Y112.448 Z14.77 E706.54545
G1 X94.387 Y111.649 Z14.772 E706.60576
G1 X94.322 Y110.824 Z14.775 E706.66769
G1 X94.3 Y110.008 Z14.777 E706.72878
G1 X94.322 Y109.171 Z14.78 E706.79144
G1 X94.387 Y108.351 Z14.783 E706.853
G1 X94.492 Y107.552 Z14.785 E706.9133
G1 X94.642 Y106.743 Z14.787 E706.97488
G1 X94.833 Y105.944 Z14.79 E707.03636
G1 X95.071 Y105.141 Z14.793 E707.09903
G1 X95.346 Y104.366 Z14.795 E707.16057
G1 X95.654 Y103.621 Z14.797 E707.2209
G1 X96.008 Y102.879 Z14.8 E707.28243
G1 X96.4 Y102.157 Z14.802 E707.34391
G1 X96.837 Y101.443 Z14.805 E707.40655
G1 X97.294 Y100.778 Z14.807 E707.46694
G1 X97.804 Y100.114 Z14.81 E707.52959
G1 X98.338 Y99.489 Z14.813 E707.59111
G1 X98.898 Y98.898 Z14.815 E707.65204
G1 X99.489 Y98.338 Z14.817 E707.71297
G1 X100.114 Y97.804 Z14.82 E707.77449
G1 X100.778 Y97.294 Z14.823 E707.83715
G1 X101.443 Y96.837 Z14.825 E707.89753
G1 X102.151 Y96.403 Z14.828 E707.95968
G1 X102.874 Y96.011 Z14.83 E708.02123
G1 X103.618 Y95.656 Z14.833 E708.08292
G1 X104.366 Y95.346 Z14.835 E708.14351
G1 X105.146 Y95.069 Z14.837 E708.20545
G1 X105.937 Y94.835 Z14.84 E708.26719
G1 X106.739 Y94.643 Z14.843 E708.3289
G1 X107.552 Y94.492 Z14.845 E708.39078
G1 X108.351 Y94.387 Z14.847 E708.45109
G1 X109.176 Y94.322 Z14.85 E708.51302
G1 X110 Y94.3 Z14.853 E708.57471
G1 X110.824 Y94.322 Z14.855 E708.63639
G1 X111.649 Y94.387 Z14.858 E708.69832
G1 X112.448 Y94.492 Z14.86 E708.75863
G1 X113.261 Y94.643 Z14.862 E708.82051
G1 X114.063 Y94.835 Z14.865 E708.88223
G1 X114.854 Y95.069 Z14.868 E708.94396
G1 X115.634 Y95.346 Z14.87 E709.0059
G1 X116.382 Y95.656 Z14.872 E709.0665
G1 X117.126 Y96.011 Z14.875 E709.12819
G1 X117.849 Y96.403 Z14.878 E709.18973
G1 X118.557 Y96.837 Z14.88 E709.25188
G1 X119.222 Y97.294 Z14.882 E709.31226
G1 X119.886 Y97.804 Z14.885 E709.37492
G1 X120.511 Y98.338 Z14.888 E709.43644
G1 X121.102 Y98.898 Z14.89 E709.49737
G1 X121.662 Y99.489 Z14.892 E709.5583
G1 X122.196 Y100.114 Z14.895 E709.61982
G1 X122.706 Y100.778 Z14.898 E709.68248
G1 X123.163 Y101.443 Z14.9 E709.74286
G1 X123.6 Y102.157 Z14.903 E709.80551
G1 X123.992 Y102.879 Z14.905 E709.86699
G1 X124.346 Y103.621 Z14.908 E709.92851
G1 X124.654 Y104.366 Z14.91 E709.98884
G1 X124.929 Y105.141 Z14.912 E710.05038
G1 X125.163 Y105.929 Z14.915 E710.1119
G1 X125.358 Y106.743 Z14.918 E710.17454
G1 X125.508 Y107.552 Z14.92 E710.23611
G1 X125.613 Y108.351 Z14.922 E710.29642
G1 X125.678 Y109.171 Z14.925 E710.35798
G1 X125.7 Y109.992 Z14.927 E710.41944
G1 X125.678 Y110.824 Z14.93 E710.48172
G1 X125.613 Y111.649 Z14.933 E710.54365
G1 X125.508 Y112.448 Z14.935 E710.60396
G1 X125.358 Y113.257 Z14.937 E710.66554
G1 X125.167 Y114.056 Z14.94 E710.72701
G1 X124.931 Y114.854 Z14.943 E710.78929
G1 X124.655 Y115.631 Z14.945 E710.851
G1 X124.346 Y116.379 Z14.947 E710.91156
G1 X123.992 Y117.121 Z14.95 E710.97309
G1 X123.6 Y117.843 Z14.952 E711.03457
G1 X123.163 Y118.557 Z14.955 E711.09721
G1 X122.706 Y119.222 Z14.957 E711.1576
G1 X122.198 Y119.883 Z14.96 E711.21998
G1 X121.666 Y120.506 Z14.963 E711.28129
G1 X121.102 Y121.102 Z14.965 E711.3427
G1 X120.511 Y121.662 Z14.967 E711.40363
G1 X119.886 Y122.196 Z14.97 E711.46515
G1 X119.223 Y122.705 Z14.973 E711.5277
G1 X118.557 Y123.163 Z14.975 E711.58819
G1 X117.849 Y123.597 Z14.978 E711.65033
G1 X117.126 Y123.989 Z14.98 E711.71188
G1 X116.382 Y124.344 Z14.983 E711.77357
G1 X115.634 Y124.654 Z14.985 E711.83417
G1 X114.854 Y124.931 Z14.987 E711.89611
G1 X114.063 Y125.165 Z14.99 E711.95784
G1 X113.261 Y125.357 Z14.993 E712.01956
G1 X112.448 Y125.508 Z14.995 E712.08144
G1 X111.649 Y125.613 Z14.997 E712.14174
G1 X110.824 Y125.678 Z15 E712.20368
;TIME_ELAPSED:396.269231
;LAYER:49
;TYPE:WALL-OUTER
;MESH:flow_cal_cylinder_32x30.stl
G1 X110 Y125.7 Z15.003 E712.26536
G1 X109.176 Y125.678 Z15.005 E712.32705
G1 X108.351 Y125.613 Z15.008 E712.38898
G1 X107.552 Y125.508 Z15.01 E712.44929
G1 X106.739 Y125.357 Z15.012 E712.51117
G1 X105.937 Y125.165 Z15.015 E712.57288
G1 X105.146 Y124.931 Z15.018 E712.63461
G1 X104.366 Y124.654 Z15.02 E712.69656
G1 X103.618 Y124.344 Z15.022 E712.75715
G1 X102.874 Y123.989 Z15.025 E712.81884
G1 X102.151 Y123.597 Z15.028 E712.88039
G1 X101.443 Y123.163 Z15.03 E712.94254
G1 X100.777 Y122.705 Z15.032 E713.00302
G1 X100.114 Y122.196 Z15.035 E713.06558
G1 X99.489 Y121.662 Z15.038 E713.1271
G1 X98.898 Y121.102 Z15.04 E713.18802
G1 X98.334 Y120.506 Z15.043 E713.24943
G1 X97.802 Y119.883 Z15.045 E713.31074
G1 X97.294 Y119.222 Z15.048 E713.37313
G1 X96.837 Y118.557 Z15.05 E713.43351
G1 X96.4 Y117.843 Z15.053 E713.49616
G1 X96.008 Y117.121 Z15.055 E713.55764
G1 X95.654 Y116.379 Z15.058 E713.61916
G1 X95.345 Y115.631 Z15.06 E713.67973
G1 X95.069 Y114.854 Z15.062 E713.74143
G1 X94.833 Y114.056 Z15.065 E713.80371
G1 X94.642 Y113.257 Z15.068 E713.86519
G1 X94.492 Y112.448 Z15.07 E713.92676
G1 X94.387 Y111.649 Z15.072 E713.98707
G1 X94.322 Y110.824 Z15.075 E714.049
G1 X94.3 Y110.008 Z15.077 E714.11009
G1 X94.322 Y109.171 Z15.08 E714.17275
G1 X94.387 Y108.351 Z15.083 E714.23431
G1 X94.492 Y107.552 Z15.085 E714.29461
G1 X94.642 Y106.743 Z15.087 E714.35619
G1 X94.833 Y105.944 Z15.09 E714.41767
G1 X95.071 Y105.141 Z15.093 E714.48034
G1 X95.346 Y104.366 Z15.095 E714.54188
G1 X95.654 Y103.621 Z15.097 E714.60221
G1 X96.008 Y102.879 Z15.1 E714.66374
G1 X96.4 Y102.157 Z15.102 E714.72522
G1 X96.837 Y101.443 Z15.105 E714.78786
G1 X97.294 Y100.778 Z15.107 E714.84825
G1 X97.804 Y100.114 Z15.11 E714.91091
G1 X98.338 Y99.489 Z15.113 E714.97242
G1 X98.898 Y98.898 Z15.115 E715.03335
G1 X99.489 Y98.338 Z15.117 E715.09428
G1 X100.114 Y97.804 Z15.12 E715.1558
G1 X100.778 Y97.294 Z15.123 E715.21846
G1 X101.443 Y96.837 Z15.125 E715.27884
G1 X102.151 Y96.403 Z15.128 E715.34099
G1 X102.874 Y96.011 Z15.13 E715.40254
G1 X103.618 Y95.656 Z15.133 E715.46423
G1 X104.366 Y95.346 Z15.135 E715.52482
G1 X105.146 Y95.069 Z15.137 E715.58677
G1 X105.937 Y94.835 Z15.14 E715.6485
G1 X106.739 Y94.643 Z15.143 E715.71021
G1 X107.552 Y94.492 Z15.145 E715.77209
G1 X108.351 Y94.387 Z15.147 E715.8324
G1 X109.176 Y94.322 Z15.15 E715.89433
G1 X110 Y94.3 Z15.153 E715.95602
G1 X110.824 Y94.322 Z15.155 E716.0177
G1 X111.649 Y94.387 Z15.158 E716.07963
G1 X112.448 Y94.492 Z15.16 E716.13994
G1 X113.261 Y94.643 Z15.162 E716.20182
G1 X114.063 Y94.835 Z15.165 E716.26354
G1 X114.854 Y95.069 Z15.168 E716.32527
G1 X115.634 Y95.346 Z15.17 E716.38721
G1 X116.382 Y95.656 Z15.172 E716.44781
G1 X117.126 Y96.011 Z15.175 E716.5095
G1 X117.849 Y96.403 Z15.178 E716.57105
G1 X118.557 Y96.837 Z15.18 E716.63319
G1 X119.222 Y97.294 Z15.182 E716.69358
G1 X119.886 Y97.804 Z15.185 E716.75623
G1 X120.511 Y98.338 Z15.188 E716.81775
G1 X121.102 Y98.898 Z15.19 E716.87868
G1 X121.662 Y99.489 Z15.192 E716.93961
G1 X122.196 Y100.114 Z15.195 E717.00113
G1 X122.706 Y100.778 Z15.198 E717.06379
G1 X123.163 Y101.443 Z15.2 E717.12417
G1 X123.6 Y102.157 Z15.203 E717.18682
G1 X123.992 Y102.879 Z15.205 E717.2483
G1 X124.346 Y103.621 Z15.208 E717.30982
G1 X124.654 Y104.366 Z15.21 E717.37015
G1 X124.929 Y105.141 Z15.212 E717.43169
G1 X125.163 Y105.929 Z15.215 E717.49321
G1 X125.358 Y106.743 Z15.218 E717.55585
G1 X125.508 Y107.552 Z15.22 E717.61742
G1 X125.613 Y108.351 Z15.222 E717.67773
G1 X125.678 Y109.171 Z15.225 E717.73929
G1 X125.7 Y109.992 Z15.227 E717.80075
G1 X125.678 Y110.824 Z15.23 E717.86303
G1 X125.613 Y111.649 Z15.233 E717.92496
G1 X125.508 Y112.448 Z15.235 E717.98527
G1 X125.358 Y113.257 Z15.237 E718.04685
G1 X125.167 Y114.056 Z15.24 E718.10832
G1 X124.931 Y114.854 Z15.243 E718.1706
G1 X124.655 Y115.631 Z15.245 E718.23231
G1 X124.346 Y116.379 Z15.247 E718.29287
G1 X123.992 Y117.121 Z15.25 E718.3544
G1 X123.6 Y117.843 Z15.252 E718.41588
G1 X123.163 Y118.557 Z15.255 E718.47852
G1 X122.706 Y119.222 Z15.257 E718.53891
G1 X122.198 Y119.883 Z15.26 E718.6013
G1 X121.666 Y120.506 Z15.263 E718.6626
G1 X121.102 Y121.102 Z15.265 E718.72401
G1 X120.511 Y121.662 Z15.267 E718.78494
G1 X119.886 Y122.196 Z15.27 E718.84646
G1 X119.223 Y122.705 Z15.273 E718.90901
G1 X118.557 Y123.163 Z15.275 E718.9695
G1 X117.849 Y123.597 Z15.278 E719.03165
G1 X117.126 Y123.989 Z15.28 E719.09319
G1 X116.382 Y124.344 Z15.283 E719.15488
G1 X115.634 Y124.654 Z15.285 E719.21548
G1 X114.854 Y124.931 Z15.287 E719.27742
G1 X114.063 Y125.165 Z15.29 E719.33915
G1 X113.261 Y125.357 Z15.293 E719.40087
G1 X112.448 Y125.508 Z15.295 E719.46275
G1 X111.649 Y125.613 Z15.297 E719.52306
G1 X110.824 Y125.678 Z15.3 E719.58499
;TIME_ELAPSED:399.607766
;LAYER:50
;TYPE:WALL-OUTER
;MESH:flow_cal_cylinder_32x30.stl
G1 X110 Y125.7 Z15.303 E719.64667
G1 X109.176 Y125.678 Z15.305 E719.70836
G1 X108.351 Y125.613 Z15.308 E719.77029
G1 X107.552 Y125.508 Z15.31 E719.8306
G1 X106.739 Y125.357 Z15.312 E719.89248
G1 X105.937 Y125.165 Z15.315 E719.95419
G1 X105.146 Y124.931 Z15.318 E720.01592
G1 X104.366 Y124.654 Z15.32 E720.07787
G1 X103.618 Y124.344 Z15.322 E720.13846
G1 X102.874 Y123.989 Z15.325 E720.20015
G1 X102.151 Y123.597 Z15.328 E720.2617
G1 X101.443 Y123.163 Z15.33 E720.32385
G1 X100.777 Y122.705 Z15.332 E720.38433
G1 X100.114 Y122.196 Z15.335 E720.44689
G1 X99.489 Y121.662 Z15.338 E720.50841
G1 X98.898 Y121.102 Z15.34 E720.56934
G1 X98.334 Y120.506 Z15.343 E720.63074
G1 X97.802 Y119.883 Z15.345 E720.69205
G1 X97.294 Y119.222 Z15.348 E720.75444
G1 X96.837 Y118.557 Z15.35 E720.81482
G1 X96.4 Y117.843 Z15.353 E720.87747
G1 X96.008 Y117.121 Z15.355 E720.93895
G1 X95.654 Y116.379 Z15.358 E721.00047
G1 X95.345 Y115.631 Z15.36 E721.06104
G1 X95.069 Y114.854 Z15.362 E721.12275
G1 X94.833 Y114.056 Z15.365 E721.18502
G1 X94.642 Y113.257 Z15.368 E721.2465
G1 X94.492 Y112.448 Z15.37 E721.30807
G1 X94.387 Y111.649 Z15.372 E721.36838
G1 X94.322 Y110.824 Z15.375 E721.43031
G1 X94.3 Y110.008 Z15.377 E721.4914
G1 X94.322 Y109.171 Z15.38 E721.55406
G1 X94.387 Y108.351 Z15.383 E721.61562
G1 X94.492 Y107.552 Z15.385 E721.67592
G1 X94.642 Y106.743 Z15.387 E721.7375
G1 X94.833 Y105.944 Z15.39 E721.79898
G1 X95.071 Y105.141 Z15.393 E721.86165
G1 X95.346 Y104.366 Z15.395 E721.92319
G1 X95.654 Y103.621 Z15.397 E721.98352
G1 X96.008 Y102.879 Z15.4 E722.04505
G1 X96.4 Y102.157 Z15.402 E722.10653
G1 X96.837 Y101.443 Z15.405 E722.16918
G1 X97.294 Y100.778 Z15.407 E722.22956
G1 X97.804 Y100.114 Z15.41 E722.29222
G1 X98.338 Y99.489 Z15.413 E722.35374
G1 X98.898 Y98.898 Z15.415 E722.41466
G1 X99.489 Y98.338 Z15.417 E722.47559
G1 X100.114 Y97.804 Z15.42 E722.53711
G1 X100.778 Y97.294 Z15.423 E722.59977
G1 X101.443 Y96.837 Z15.425 E722.66015
G1 X102.151 Y96.403 Z15.428 E722.7223
G1 X102.874 Y96.011 Z15.43 E722.78385
G1 X103.618 Y95.656 Z15.433 E722.84554
G1 X104.366 Y95.346 Z15.435 E722.90613
G1 X105.146 Y95.069 Z15.437 E722.96808
G1 X105.937 Y94.835 Z15.44 E723.02981
G1 X106.739 Y94.643 Z15.443 E723.09152
G1 X107.552 Y94.492 Z15.445 E723.1534
G1 X108.351 Y94.387 Z15.447 E723.21371
G1 X109.176 Y94.322 Z15.45 E723.27564
G1 X110 Y94.3 Z15.453 E723.33733
G1 X110.824 Y94.322 Z15.455 E723.39901
G1 X111.649 Y94.387 Z15.458 E723.46095
G1 X112.448 Y94.492 Z15.46 E723.52125
G1 X113.261 Y94.643 Z15.462 E723.58313
G1 X114.063 Y94.835 Z15.465 E723.64485
G1 X114.854 Y95.069 Z15.468 E723.70658
G1 X115.634 Y95.346 Z15.47 E723.76852
G1 X116.382 Y95.656 Z15.472 E723.82912
G1 X117.126 Y96.011 Z15.475 E723.89081
G1 X117.849 Y96.403 Z15.478 E723.95236
G1 X118.557 Y96.837 Z15.48 E724.0145
G1 X119.222 Y97.294 Z15.482 E724.07489
G1 X119.886 Y97.804 Z15.485 E724.13754
G1 X120.511 Y98.338 Z15.488 E724.19906
G1 X121.102 Y98.898 Z15.49 E724.25999
G1 X121.662 Y99.489 Z15.492 E724.32092
G1 X122.196 Y100.114 Z15.495 E724.38244
G1 X122.706 Y100.778 Z15.498 E724.4451
G1 X123.163 Y101.443 Z15.5 E724.50548
G1 X123.6 Y102.157 Z15.503 E724.56813
G1 X123.992 Y102.879 Z15.505 E724.62961
G1 X124.346 Y103.621 Z15.508 E724.69113
G1 X124.654 Y104.366 Z15.51 E724.75146
G1 X124.929 Y105.141 Z15.512 E724.813
G1 X125.163 Y105.929 Z15.515 E724.87452
G1 X125.358 Y106.743 Z15.518 E724.93716
G1 X125.508 Y107.552 Z15.52 E724.99873
G1 X125.613 Y108.351 Z15.522 E725.05904
G1 X125.678 Y109.171 Z15.525 E725.1206
G1 X125.7 Y109.992 Z15.527 E725.18206
G1 X125.678 Y110.824 Z15.53 E725.24434
G1 X125.613 Y111.649 Z15.533 E725.30627
G1 X125.508 Y112.448 Z15.535 E725.36658
G1 X125.358 Y113.257 Z15.537 E725.42816
G1 X125.167 Y114.056 Z15.54 E725.48963
G1 X124.931 Y114.854 Z15.543 E725.55191
G1 X124.655 Y115.631 Z15.545 E725.61362
G1 X124.346 Y116.379 Z15.547 E725.67418
G1 X123.992 Y117.121 Z15.55 E725.73571
G1 X123.6 Y117.843 Z15.552 E725.79719
G1 X123.163 Y118.557 Z15.555 E725.85983
G1 X122.706 Y119.222 Z15.557 E725.92022
G1 X122.198 Y119.883 Z15.56 E725.98261
G1 X121.666 Y120.506 Z15.563 E726.04391
G1 X121.102 Y121.102 Z15.565 E726.10532
G1 X120.511 Y121.662 Z15.567 E726.16625
G1 X119.886 Y122.196 Z15.57 E726.22777
G1 X119.223 Y122.705 Z15.573 E726.29032
G1 X118.557 Y123.163 Z15.575 E726.35081
G1 X117.849 Y123.597 Z15.578 E726.41296
G1 X117.126 Y123.989 Z15.58 E726.4745
G1 X116.382 Y124.344 Z15.583 E726.53619
G1 X115.634 Y124.654 Z15.585 E726.59679
G1 X114.854 Y124.931 Z15.587 E726.65873
G1 X114.063 Y125.165 Z15.59 E726.72046
G1 X113.261 Y125.357 Z15.593 E726.78218
G1 X112.448 Y125.508 Z15.595 E726.84406
G1 X111.649 Y125.613 Z15.597 E726.90437
G1 X110.824 Y125.678 Z15.6 E726.9663
;TIME_ELAPSED:402.946302
;LAYER:51
;TYPE:WALL-OUTER
;MESH:flow_cal_cylinder_32x30.stl
G1 X110 Y125.7 Z15.603 E727.02798
G1 X109.176 Y125.678 Z15.605 E727.08967
G1 X108.351 Y125.613 Z15.608 E727.1516
G1 X107.552 Y125.508 Z15.61 E727.21191
G1 X106.739 Y125.357 Z15.612 E727.27379
G1 X105.937 Y125.165 Z15.615 E727.3355
G1 X105.146 Y124.931 Z15.618 E727.39724
G1 X104.366 Y124.654 Z15.62 E727.45918
G1 X103.618 Y124.344 Z15.622 E727.51977
G1 X102.874 Y123.989 Z15.625 E727.58146
G1 X102.151 Y123.597 Z15.628 E727.64301
G1 X101.443 Y123.163 Z15.63 E727.70516
G1 X100.777 Y122.705 Z15.632 E727.76565
G1 X100.114 Y122.196 Z15.635 E727.8282
G1 X99.489 Y121.662 Z15.638 E727.88972
G1 X98.898 Y121.102 Z15.64 E727.95065
G1 X98.334 Y120.506 Z15.643 E728.01205
G1 X97.802 Y119.883 Z15.645 E728.07336
G1 X97.294 Y119.222 Z15.648 E728.13575
G1 X96.837 Y118.557 Z15.65 E728.19613
G1 X96.4 Y117.843 Z15.653 E728.25878
G1 X96.008 Y117.121 Z15.655 E728.32026
G1 X95.654 Y116.379 Z15.658 E728.38178
G1 X95.345 Y115.631 Z15.66 E728.44235
G1 X95.069 Y114.854 Z15.662 E728.50406
G1 X94.833 Y114.056 Z15.665 E728.56633
G1 X94.642 Y113.257 Z15.668 E728.62781
G1 X94.492 Y112.448 Z15.67 E728.68938
G1 X94.387 Y111.649 Z15.672 E728.74969
G1 X94.322 Y110.824 Z15.675 E728.81162
G1 X94.3 Y110.008 Z15.677 E728.87271
G1 X94.322 Y109.171 Z15.68 E728.93537
G1 X94.387 Y108.351 Z15.683 E728.99693
G1 X94.492 Y107.552 Z15.685 E729.05724
G1 X94.642 Y106.743 Z15.687 E729.11881
G1 X94.833 Y105.944 Z15.69 E729.18029
G1 X95.071 Y105.141 Z15.693 E729.24296
G1 X95.346 Y104.366 Z15.695 E729.30451
G1 X95.654 Y103.621 Z15.697 E729.36483
G1 X96.008 Y102.879 Z15.7 E729.42636
G1 X96.4 Y102.157 Z15.702 E729.48784
G1 X96.837 Y101.443 Z15.705 E729.55049
G1 X97.294 Y100.778 Z15.707 E729.61087
G1 X97.804 Y100.114 Z15.71 E729.67353
G1 X98.338 Y99.489 Z15.713 E729.73505
G1 X98.898 Y98.898 Z15.715 E729.79598
G1 X99.489 Y98.338 Z15.717 E729.8569
G1 X100.114 Y97.804 Z15.72 E729.91842
G1 X100.778 Y97.294 Z15.723 E729.98108
G1 X101.443 Y96.837 Z15.725 E730.04146
G1 X102.151 Y96.403 Z15.728 E730.10361
G1 X102.874 Y96.011 Z15.73 E730.16516
G1 X103.618 Y95.656 Z15.733 E730.22685
G1 X104.366 Y95.346 Z15.735 E730.28744
G1 X105.146 Y95.069 Z15.737 E730.34939
G1 X105.937 Y94.835 Z15.74 E730.41112
G1 X106.739 Y94.643 Z15.743 E730.47283
G1 X107.552 Y94.492 Z15.745 E730.53471
G1 X108.351 Y94.387 Z15.747 E730.59502
G1 X109.176 Y94.322 Z15.75 E730.65695
G1 X110 Y94.3 Z15.753 E730.71864
G1 X110.824 Y94.322 Z15.755 E730.78033
G1 X111.649 Y94.387 Z15.758 E730.84226
G1 X112.448 Y94.492 Z15.76 E730.90256
G1 X113.261 Y94.643 Z15.762 E730.96445
G1 X114.063 Y94.835 Z15.765 E731.02616
G1 X114.854 Y95.069 Z15.768 E731.08789
G1 X115.634 Y95.346 Z15.77 E731.14983
G1 X116.382 Y95.656 Z15.772 E731.21043
G1 X117.126 Y96.011 Z15.775 E731.27212
G1 X117.849 Y96.403 Z15.778 E731.33367
G1 X118.557 Y96.837 Z15.78 E731.39581
G1 X119.222 Y97.294 Z15.782 E731.4562
G1 X119.886 Y97.804 Z15.785 E731.51885
G1 X120.511 Y98.338 Z15.788 E731.58037
G1 X121.102 Y98.898 Z15.79 E731.6413
G1 X121.662 Y99.489 Z15.792 E731.70223
G1 X122.196 Y100.114 Z15.795 E731.76375
G1 X122.706 Y100.778 Z15.798 E731.82641
G1 X123.163 Y101.443 Z15.8 E731.88679
G1 X123.6 Y102.157 Z15.803 E731.94944
G1 X123.992 Y102.879 Z15.805 E732.01092
G1 X124.346 Y103.621 Z15.808 E732.07244
G1 X124.654 Y104.366 Z15.81 E732.13277
G1 X124.929 Y105.141 Z15.812 E732.19431
G1 X125.163 Y105.929 Z15.815 E732.25583
G1 X125.358 Y106.743 Z15.818 E732.31847
G1 X125.508 Y107.552 Z15.82 E732.38004
G1 X125.613 Y108.351 Z15.822 E732.44035
G1 X125.678 Y109.171 Z15.825 E732.50191
G1 X125.7 Y109.992 Z15.827 E732.56337
G1 X125.678 Y110.824 Z15.83 E732.62565
G1 X125.613 Y111.649 Z15.833 E732.68759
G1 X125.508 Y112.448 Z15.835 E732.74789
G1 X125.358 Y113.257 Z15.837 E732.80947
G1 X125.167 Y114.056 Z15.84 E732.87095
G1 X124.931 Y114.854 Z15.843 E732.93322
G1 X124.655 Y115.631 Z15.845 E732.99493
G1 X124.346 Y116.379 Z15.847 E733.05549
G1 X123.992 Y117.121 Z15.85 E733.11702
G1 X123.6 Y117.843 Z15.852 E733.1785
G1 X123.163 Y118.557 Z15.855 E733.24114
G1 X122.706 Y119.222 Z15.857 E733.30153
G1 X122.198 Y119.883 Z15.86 E733.36392
G1 X121.666 Y120.506 Z15.863 E733.42522
G1 X121.102 Y121.102 Z15.865 E733.48663
G1 X120.511 Y121.662 Z15.867 E733.54756
G1 X119.886 Y122.196 Z15.87 E733.60908
G1 X119.223 Y122.705 Z15.873 E733.67163
G1 X118.557 Y123.163 Z15.875 E733.73212
G1 X117.849 Y123.597 Z15.878 E733.79427
G1 X117.126 Y123.989 Z15.88 E733.85581
G1 X116.382 Y124.344 Z15.883 E733.9175
G1 X115.634 Y124.654 Z15.885 E733.9781
G1 X114.854 Y124.931 Z15.887 E734.04004
G1 X114.063 Y125.165 Z15.89 E734.10177
G1 X113.261 Y125.357 Z15.893 E734.16349
G1 X112.448 Y125.508 Z15.895 E734.22537
G1 X111.649 Y125.613 Z15.897 E734.28568
G1 X110.824 Y125.678 Z15.9 E734.34761
;TIME_ELAPSED:406.284838
;LAYER:52
;TYPE:WALL-OUTER
;MESH:flow_cal_cylinder_32x30.stl
G1 X110 Y125.7 Z15.903 E734.40929
G1 X109.176 Y125.678 Z15.905 E734.47098
G1 X108.351 Y125.613 Z15.908 E734.53291
G1 X107.552 Y125.508 Z15.91 E734.59322
G1 X106.739 Y125.357 Z15.912 E734.6551
G1 X105.937 Y125.165 Z15.915 E734.71682
G1 X105.146 Y124.931 Z15.918 E734.77855
G1 X104.366 Y124.654 Z15.92 E734.84049
G1 X103.618 Y124.344 Z15.922 E734.90108
G1 X102.874 Y123.989 Z15.925 E734.96277
G1 X102.151 Y123.597 Z15.928 E735.02432
G1 X101.443 Y123.163 Z15.93 E735.08647
G1 X100.777 Y122.705 Z15.932 E735.14696
G1 X100.114 Y122.196 Z15.935 E735.20951
G1 X99.489 Y121.662 Z15.938 E735.27103
G1 X98.898 Y121.102 Z15.94 E735.33196
G1 X98.334 Y120.506 Z15.943 E735.39336
G1 X97.802 Y119.883 Z15.945 E735.45467
G1 X97.294 Y119.222 Z15.948 E735.51706
G1 X96.837 Y118.557 Z15.95 E735.57744
G1 X96.4 Y117.843 Z15.953 E735.64009
G1 X96.008 Y117.121 Z15.955 E735.70157
G1 X95.654 Y116.379 Z15.958 E735.76309
G1 X95.345 Y115.631 Z15.96 E735.82366
G1 X95.069 Y114.854 Z15.962 E735.88537
G1 X94.833 Y114.056 Z15.965 E735.94764
G1 X94.642 Y113.257 Z15.968 E736.00912
G1 X94.492 Y112.448 Z15.97 E736.07069
G1 X94.387 Y111.649 Z15.972 E736.131
G1 X94.322 Y110.824 Z15.975 E736.19293
G1 X94.3 Y110.008 Z15.977 E736.25402
G1 X94.322 Y109.171 Z15.98 E736.31668
G1 X94.387 Y108.351 Z15.983 E736.37824
G1 X94.492 Y107.552 Z15.985 E736.43855
G1 X94.642 Y106.743 Z15.987 E736.50012
G1 X94.833 Y105.944 Z15.99 E736.5616
G1 X95.071 Y105.141 Z15.993 E736.62428
G1 X95.346 Y104.366 Z15.995 E736.68582
G1 X95.654 Y103.621 Z15.997 E736.74615
G1 X96.008 Y102.879 Z16 E736.80767
G1 X96.4 Y102.157 Z16.002 E736.86915
G1 X96.837 Y101.443 Z16.005 E736.9318
G1 X97.294 Y100.778 Z16.007 E736.99218
G1 X97.804 Y100.114 Z16.01 E737.05484
G1 X98.338 Y99.489 Z16.013 E737.11636
G1 X98.898 Y98.898 Z16.015 E737.17729
G1 X99.489 Y98.338 Z16.017 E737.23822
G1 X100.114 Y97.804 Z16.02 E737.29973
G1 X100.778 Y97.294 Z16.023 E737.36239
G1 X101.443 Y96.837 Z16.025 E737.42278
G1 X102.151 Y96.403 Z16.028 E737.48492
G1 X102.874 Y96.011 Z16.03 E737.54647
G1 X103.618 Y95.656 Z16.033 E737.60816
G1 X104.366 Y95.346 Z16.035 E737.66875
G1 X105.146 Y95.069 Z16.037 E737.7307
G1 X105.937 Y94.835 Z16.04 E737.79243
G1 X106.739 Y94.643 Z16.043 E737.85414
G1 X107.552 Y94.492 Z16.045 E737.91602
G1 X108.351 Y94.387 Z16.047 E737.97633
G1 X109.176 Y94.322 Z16.05 E738.03826
G1 X110 Y94.3 Z16.053 E738.09995
G1 X110.824 Y94.322 Z16.055 E738.16164
G1 X111.649 Y94.387 Z16.058 E738.22357
G1 X112.448 Y94.492 Z16.06 E738.28387
G1 X113.261 Y94.643 Z16.062 E738.34576
G1 X114.063 Y94.835 Z16.065 E738.40747
G1 X114.854 Y95.069 Z16.068 E738.4692
G1 X115.634 Y95.346 Z16.07 E738.53114
G1 X116.382 Y95.656 Z16.072 E738.59174
G1 X117.126 Y96.011 Z16.075 E738.65343
G1 X117.849 Y96.403 Z16.078 E738.71498
G1 X118.557 Y96.837 Z16.08 E738.77712
G1 X119.222 Y97.294 Z16.082 E738.83751
G1 X119.886 Y97.804 Z16.085 E738.90016
G1 X120.511 Y98.338 Z16.088 E738.96168
G1 X121.102 Y98.898 Z16.09 E739.02261
G1 X121.662 Y99.489 Z16.092 E739.08354
G1 X122.196 Y100.114 Z16.095 E739.14506
G1 X122.706 Y100.778 Z16.098 E739.20772
G1 X123.163 Y101.443 Z16.1 E739.2681
G1 X123.6 Y102.157 Z16.103 E739.33075
G1 X123.992 Y102.879 Z16.105 E739.39223
G1 X124.346 Y103.621 Z16.108 E739.45375
G1 X124.654 Y104.366 Z16.11 E739.51408
G1 X124.929 Y105.141 Z16.112 E739.57562
G1 X125.163 Y105.929 Z16.115 E739.63714
G1 X125.358 Y106.743 Z16.118 E739.69978
G1 X125.508 Y107.552 Z16.12 E739.76135
G1 X125.613 Y108.351 Z16.122 E739.82166
G1 X125.678 Y109.171 Z16.125 E739.88322
G1 X125.7 Y109.992 Z16.127 E739.94468
G1 X125.678 Y110.824 Z16.13 E740.00697
G1 X125.613 Y111.649 Z16.133 E740.0689
G1 X125.508 Y112.448 Z16.135 E740.1292
G1 X125.358 Y113.257 Z16.137 E740.19078
G1 X125.167 Y114.056 Z16.14 E740.25226
G1 X124.931 Y114.854 Z16.143 E740.31453
G1 X124.655 Y115.631 Z16.145 E740.37624
G1 X124.346 Y116.379 Z16.147 E740.4368
G1 X123.992 Y117.121 Z16.15 E740.49833
G1 X123.6 Y117.843 Z16.152 E740.55981
G1 X123.163 Y118.557 Z16.155 E740.62246
G1 X122.706 Y119.222 Z16.157 E740.68284
G1 X122.198 Y119.883 Z16.16 E740.74523
G1 X121.666 Y120.506 Z16.163 E740.80654
G1 X121.102 Y121.102 Z16.165 E740.86794
G1 X120.511 Y121.662 Z16.167 E740.92887
G1 X119.886 Y122.196 Z16.17 E740.99039
G1 X119.223 Y122.705 Z16.173 E741.05294
G1 X118.557 Y123.163 Z16.175 E741.11343
G1 X117.849 Y123.597 Z16.178 E741.17558
G1 X117.126 Y123.989 Z16.18 E741.23712
G1 X116.382 Y124.344 Z16.183 E741.29882
G1 X115.634 Y124.654 Z16.185 E741.35941
G1 X114.854 Y124.931 Z16.187 E741.42135
G1 X114.063 Y125.165 Z16.19 E741.48308
G1 X113.261 Y125.357 Z16.193 E741.5448
G1 X112.448 Y125.508 Z16.195 E741.60668
G1 X111.649 Y125.613 Z16.197 E741.66699
G1 X110.824 Y125.678 Z16.2 E741.72892
;TIME_ELAPSED:409.623374
;LAYER:53
;TYPE:WALL-OUTER
;MESH:flow_cal_cylinder_32x30.stl
G1 X110 Y125.7 Z16.203 E741.7906
G1 X109.176 Y125.678 Z16.205 E741.85229
G1 X108.351 Y125.613 Z16.208 E741.91422
G1 X107.552 Y125.508 Z16.21 E741.97453
G1 X106.739 Y125.357 Z16.212 E742.03641
G1 X105.937 Y125.165 Z16.215 E742.09813
G1 X105.146 Y124.931 Z16.218 E742.15986
G1 X104.366 Y124.654 Z16.22 E742.2218
G1 X103.618 Y124.344 Z16.222 E742.28239
G1 X102.874 Y123.989 Z16.225 E742.34409
G1 X102.151 Y123.597 Z16.228 E742.40563
G1 X101.443 Y123.163 Z16.23 E742.46778
G1 X100.777 Y122.705 Z16.232 E742.52827
G1 X100.114 Y122.196 Z16.235 E742.59082
G1 X99.489 Y121.662 Z16.238 E742.65234
G1 X98.898 Y121.102 Z16.24 E742.71327
G1 X98.334 Y120.506 Z16.243 E742.77467
G1 X97.802 Y119.883 Z16.245 E742.83598
G1 X97.294 Y119.222 Z16.248 E742.89837
G1 X96.837 Y118.557 Z16.25 E742.95875
G1 X96.4 Y117.843 Z16.253 E743.0214
G1 X96.008 Y117.121 Z16.255 E743.08288
G1 X95.654 Y116.379 Z16.258 E743.14441
G1 X95.345 Y115.631 Z16.26 E743.20497
G1 X95.069 Y114.854 Z16.262 E743.26668
G1 X94.833 Y114.056 Z16.265 E743.32895
G1 X94.642 Y113.257 Z16.268 E743.39043
G1 X94.492 Y112.448 Z16.27 E743.45201
G1 X94.387 Y111.649 Z16.272 E743.51231
G1 X94.322 Y110.824 Z16.275 E743.57424
G1 X94.3 Y110.008 Z16.277 E743.63533
G1 X94.322 Y109.171 Z16.28 E743.69799
G1 X94.387 Y108.351 Z16.283 E743.75955
G1 X94.492 Y107.552 Z16.285 E743.81986
G1 X94.642 Y106.743 Z16.287 E743.88143
G1 X94.833 Y105.944 Z16.29 E743.94291
G1 X95.071 Y105.141 Z16.293 E744.00559
G1 X95.346 Y104.366 Z16.295 E744.06713
G1 X95.654 Y103.621 Z16.297 E744.12746
G1 X96.008 Y102.879 Z16.3 E744.18898
G1 X96.4 Y102.157 Z16.302 E744.25046
G1 X96.837 Y101.443 Z16.305 E744.31311
G1 X97.294 Y100.778 Z16.307 E744.37349
G1 X97.804 Y100.114 Z16.31 E744.43615
G1 X98.338 Y99.489 Z16.313 E744.49767
G1 X98.898 Y98.898 Z16.315 E744.5586
G1 X99.489 Y98.338 Z16.317 E744.61953
G1 X100.114 Y97.804 Z16.32 E744.68105
G1 X100.778 Y97.294 Z16.323 E744.7437
G1 X101.443 Y96.837 Z16.325 E744.80409
G1 X102.151 Y96.403 Z16.328 E744.86623
G1 X102.874 Y96.011 Z16.33 E744.92778
G1 X103.618 Y95.656 Z16.333 E744.98947
G1 X104.366 Y95.346 Z16.335 E745.05006
G1 X105.146 Y95.069 Z16.337 E745.11201
G1 X105.937 Y94.835 Z16.34 E745.17374
G1 X106.739 Y94.643 Z16.343 E745.23545
G1 X107.552 Y94.492 Z16.345 E745.29733
G1 X108.351 Y94.387 Z16.347 E745.35764
G1 X109.176 Y94.322 Z16.35 E745.41957
G1 X110 Y94.3 Z16.353 E745.48126
G1 X110.824 Y94.322 Z16.355 E745.54295
G1 X111.649 Y94.387 Z16.358 E745.60488
G1 X112.448 Y94.492 Z16.36 E745.66519
G1 X113.261 Y94.643 Z16.362 E745.72707
G1 X114.063 Y94.835 Z16.365 E745.78878
G1 X114.854 Y95.069 Z16.368 E745.85051
G1 X115.634 Y95.346 Z16.37 E745.91246
G1 X116.382 Y95.656 Z16.372 E745.97305
G1 X117.126 Y96.011 Z16.375 E746.03474
G1 X117.849 Y96.403 Z16.378 E746.09629
G1 X118.557 Y96.837 Z16.38 E746.15843
G1 X119.222 Y97.294 Z16.382 E746.21882
G1 X119.886 Y97.804 Z16.385 E746.28147
G1 X120.511 Y98.338 Z16.388 E746.34299
G1 X121.102 Y98.898 Z16.39 E746.40392
G1 X121.662 Y99.489 Z16.392 E746.46485
G1 X122.196 Y100.114 Z16.395 E746.52637
G1 X122.706 Y100.778 Z16.398 E746.58903
G1 X123.163 Y101.443 Z16.4 E746.64941
G1 X123.6 Y102.157 Z16.403 E746.71206
G1 X123.992 Y102.879 Z16.405 E746.77354
G1 X124.346 Y103.621 Z16.408 E746.83506
G1 X124.654 Y104.366 Z16.41 E746.89539
G1 X124.929 Y105.141 Z16.412 E746.95693
G1 X125.163 Y105.929 Z16.415 E747.01845
G1 X125.358 Y106.743 Z16.418 E747.08109
G1 X125.508 Y107.552 Z16.42 E747.14266
G1 X125.613 Y108.351 Z16.422 E747.20297
G1 X125.678 Y109.171 Z16.425 E747.26453
G1 X125.7 Y109.992 Z16.427 E747.32599
G1 X125.678 Y110.824 Z16.43 E747.38828
G1 X125.613 Y111.649 Z16.433 E747.45021
G1 X125.508 Y112.448 Z16.435 E747.51051
G1 X125.358 Y113.257 Z16.437 E747.57209
G1 X125.167 Y114.056 Z16.44 E747.63357
G1 X124.931 Y114.854 Z16.443 E747.69584
G1 X124.655 Y115.631 Z16.445 E747.75755
G1 X124.346 Y116.379 Z16.447 E747.81811
G1 X123.992 Y117.121 Z16.45 E747.87964
G1 X123.6 Y117.843 Z16.452 E747.94112
G1 X123.163 Y118.557 Z16.455 E748.00377
G1 X122.706 Y119.222 Z16.457 E748.06415
G1 X122.198 Y119.883 Z16.46 E748.12654
G1 X121.666 Y120.506 Z16.463 E748.18785
G1 X121.102 Y121.102 Z16.465 E748.24925
G1 X120.511 Y121.662 Z16.467 E748.31018
G1 X119.886 Y122.196 Z16.47 E748.3717
G1 X119.223 Y122.705 Z16.473 E748.43425
G1 X118.557 Y123.163 Z16.475 E748.49474
G1 X117.849 Y123.597 Z16.478 E748.55689
G1 X117.126 Y123.989 Z16.48 E748.61843
G1 X116.382 Y124.344 Z16.483 E748.68013
G1 X115.634 Y124.654 Z16.485 E748.74072
G1 X114.854 Y124.931 Z16.487 E748.80266
G1 X114.063 Y125.165 Z16.49 E748.86439
G1 X113.261 Y125.357 Z16.493 E748.92611
G1 X112.448 Y125.508 Z16.495 E748.98799
G1 X111.649 Y125.613 Z16.497 E749.0483
G1 X110.824 Y125.678 Z16.5 E749.11023
;TIME_ELAPSED:412.961909
;LAYER:54
;TYPE:WALL-OUTER
;MESH:flow_cal_cylinder_32x30.stl
G1 X110 Y125.7 Z16.503 E749.17192
G1 X109.176 Y125.678 Z16.505 E749.2336
G1 X108.351 Y125.613 Z16.508 E749.29553
G1 X107.552 Y125.508 Z16.51 E749.35584
G1 X106.739 Y125.357 Z16.512 E749.41772
G1 X105.937 Y125.165 Z16.515 E749.47944
G1 X105.146 Y124.931 Z16.518 E749.54117
G1 X104.366 Y124.654 Z16.52 E749.60311
G1 X103.618 Y124.344 Z16.522 E749.6637
G1 X102.874 Y123.989 Z16.525 E749.7254
G1 X102.151 Y123.597 Z16.528 E749.78694
G1 X101.443 Y123.163 Z16.53 E749.84909
G1 X100.777 Y122.705 Z16.532 E749.90958
G1 X100.114 Y122.196 Z16.535 E749.97213
G1 X99.489 Y121.662 Z16.538 E750.03365
G1 X98.898 Y121.102 Z16.54 E750.09458
G1 X98.334 Y120.506 Z16.543 E750.15598
G1 X97.802 Y119.883 Z16.545 E750.21729
G1 X97.294 Y119.222 Z16.548 E750.27968
G1 X96.837 Y118.557 Z16.55 E750.34006
G1 X96.4 Y117.843 Z16.553 E750.40271
G1 X96.008 Y117.121 Z16.555 E750.46419
G1 X95.654 Y116.379 Z16.558 E750.52572
G1 X95.345 Y115.631 Z16.56 E750.58628
G1 X95.069 Y114.854 Z16.562 E750.64799
G1 X94.833 Y114.056 Z16.565 E750.71026
G1 X94.642 Y113.257 Z16.568 E750.77174
G1 X94.492 Y112.448 Z16.57 E750.83332
G1 X94.387 Y111.649 Z16.572 E750.89362
G1 X94.322 Y110.824 Z16.575 E750.95555
G1 X94.3 Y110.008 Z16.577 E751.01664
G1 X94.322 Y109.171 Z16.58 E751.0793
G1 X94.387 Y108.351 Z16.583 E751.14086
G1 X94.492 Y107.552 Z16.585 E751.20117
G1 X94.642 Y106.743 Z16.587 E751.26274
G1 X94.833 Y105.944 Z16.59 E751.32422
G1 X95.071 Y105.141 Z16.593 E751.3869
G1 X95.346 Y104.366 Z16.595 E751.44844
G1 X95.654 Y103.621 Z16.597 E751.50877
G1 X96.008 Y102.879 Z16.6 E751.57029
G1 X96.4 Y102.157 Z16.602 E751.63177
G1 X96.837 Y101.443 Z16.605 E751.69442
G1 X97.294 Y100.778 Z16.607 E751.7548
G1 X97.804 Y100.114 Z16.61 E751.81746
G1 X98.338 Y99.489 Z16.613 E751.87898
G1 X98.898 Y98.898 Z16.615 E751.93991
G1 X99.489 Y98.338 Z16.617 E752.00084
G1 X100.114 Y97.804 Z16.62 E752.06236
G1 X100.778 Y97.294 Z16.623 E752.12501
G1 X101.443 Y96.837 Z16.625 E752.1854
G1 X102.151 Y96.403 Z16.628 E752.24754
G1 X102.874 Y96.011 Z16.63 E752.30909
G1 X103.618 Y95.656 Z16.633 E752.37078
G1 X104.366 Y95.346 Z16.635 E752.43138
G1 X105.146 Y95.069 Z16.637 E752.49332
G1 X105.937 Y94.835 Z16.64 E752.55505
G1 X106.739 Y94.643 Z16.643 E752.61676
G1 X107.552 Y94.492 Z16.645 E752.67865
G1 X108.351 Y94.387 Z16.647 E752.73895
G1 X109.176 Y94.322 Z16.65 E752.80088
G1 X110 Y94.3 Z16.653 E752.86257
G1 X110.824 Y94.322 Z16.655 E752.92426
G1 X111.649 Y94.387 Z16.658 E752.98619
G1 X112.448 Y94.492 Z16.66 E753.0465
G1 X113.261 Y94.643 Z16.662 E753.10838
G1 X114.063 Y94.835 Z16.665 E753.17009
G1 X114.854 Y95.069 Z16.668 E753.23182
G1 X115.634 Y95.346 Z16.67 E753.29377
G1 X116.382 Y95.656 Z16.672 E753.35436
G1 X117.126 Y96.011 Z16.675 E753.41605
G1 X117.849 Y96.403 Z16.678 E753.4776
G1 X118.557 Y96.837 Z16.68 E753.53974
G1 X119.222 Y97.294 Z16.682 E753.60013
G1 X119.886 Y97.804 Z16.685 E753.66279
G1 X120.511 Y98.338 Z16.688 E753.7243
G1 X121.102 Y98.898 Z16.69 E753.78523
G1 X121.662 Y99.489 Z16.692 E753.84616
G1 X122.196 Y100.114 Z16.695 E753.90768
G1 X122.706 Y100.778 Z16.698 E753.97034
G1 X123.163 Y101.443 Z16.7 E754.03072
G1 X123.6 Y102.157 Z16.703 E754.09337
G1 X123.992 Y102.879 Z16.705 E754.15485
G1 X124.346 Y103.621 Z16.708 E754.21637
G1 X124.654 Y104.366 Z16.71 E754.2767
G1 X124.929 Y105.141 Z16.712 E754.33824
G1 X125.163 Y105.929 Z16.715 E754.39976
G1 X125.358 Y106.743 Z16.718 E754.4624
G1 X125.508 Y107.552 Z16.72 E754.52397
G1 X125.613 Y108.351 Z16.722 E754.58428
G1 X125.678 Y109.171 Z16.725 E754.64584
G1 X125.7 Y109.992 Z16.727 E754.7073
G1 X125.678 Y110.824 Z16.73 E754.76959
G1 X125.613 Y111.649 Z16.733 E754.83152
G1 X125.508 Y112.448 Z16.735 E754.89183
G1 X125.358 Y113.257 Z16.737 E754.9534
G1 X125.167 Y114.056 Z16.74 E755.01488
G1 X124.931 Y114.854 Z16.743 E755.07715
G1 X124.655 Y115.631 Z16.745 E755.13886
G1 X124.346 Y116.379 Z16.747 E755.19943
G1 X123.992 Y117.121 Z16.75 E755.26095
G1 X123.6 Y117.843 Z16.752 E755.32243
G1 X123.163 Y118.557 Z16.755 E755.38508
G1 X122.706 Y119.222 Z16.757 E755.44546
G1 X122.198 Y119.883 Z16.76 E755.50785
G1 X121.666 Y120.506 Z16.763 E755.56916
G1 X121.102 Y121.102 Z16.765 E755.63056
G1 X120.511 Y121.662 Z16.767 E755.69149
G1 X119.886 Y122.196 Z16.77 E755.75301
G1 X119.223 Y122.705 Z16.773 E755.81556
G1 X118.557 Y123.163 Z16.775 E755.87605
G1 X117.849 Y123.597 Z16.778 E755.9382
G1 X117.126 Y123.989 Z16.78 E755.99975
G1 X116.382 Y124.344 Z16.783 E756.06144
G1 X115.634 Y124.654 Z16.785 E756.12203
G1 X114.854 Y124.931 Z16.787 E756.18397
G1 X114.063 Y125.165 Z16.79 E756.2457
G1 X113.261 Y125.357 Z16.793 E756.30742
G1 X112.448 Y125.508 Z16.795 E756.3693
G1 X111.649 Y125.613 Z16.797 E756.42961
G1 X110.824 Y125.678 Z16.8 E756.49154
;TIME_ELAPSED:416.300445
;LAYER:55
;TYPE:WALL-OUTER
;MESH:flow_cal_cylinder_32x30.stl
G1 X110 Y125.7 Z16.803 E756.55323
G1 X109.176 Y125.678 Z16.805 E756.61491
G1 X108.351 Y125.613 Z16.808 E756.67684
G1 X107.552 Y125.508 Z16.81 E756.73715
G1 X106.739 Y125.357 Z16.812 E756.79903
G1 X105.937 Y125.165 Z16.815 E756.86075
G1 X105.146 Y124.931 Z16.818 E756.92248
G1 X104.366 Y124.654 Z16.82 E756.98442
G1 X103.618 Y124.344 Z16.822 E757.04502
G1 X102.874 Y123.989 Z16.825 E757.10671
G1 X102.151 Y123.597 Z16.828 E757.16825
G1 X101.443 Y123.163 Z16.83 E757.2304
G1 X100.777 Y122.705 Z16.832 E757.29089
G1 X100.114 Y122.196 Z16.835 E757.35344
G1 X99.489 Y121.662 Z16.838 E757.41496
G1 X98.898 Y121.102 Z16.84 E757.47589
G1 X98.334 Y120.506 Z16.843 E757.5373
G1 X97.802 Y119.883 Z16.845 E757.5986
G1 X97.294 Y119.222 Z16.848 E757.66099
G1 X96.837 Y118.557 Z16.85 E757.72138
G1 X96.4 Y117.843 Z16.853 E757.78402
G1 X96.008 Y117.121 Z16.855 E757.8455
G1 X95.654 Y116.379 Z16.858 E757.90703
G1 X95.345 Y115.631 Z16.86 E757.96759
G1 X95.069 Y114.854 Z16.862 E758.0293
G1 X94.833 Y114.056 Z16.865 E758.09157
G1 X94.642 Y113.257 Z16.868 E758.15305
G1 X94.492 Y112.448 Z16.87 E758.21463
G1 X94.387 Y111.649 Z16.872 E758.27493
G1 X94.322 Y110.824 Z16.875 E758.33687
G1 X94.3 Y110.008 Z16.877 E758.39795
G1 X94.322 Y109.171 Z16.88 E758.46061
G1 X94.387 Y108.351 Z16.883 E758.52217
G1 X94.492 Y107.552 Z16.885 E758.58248
G1 X94.642 Y106.743 Z16.887 E758.64405
G1 X94.833 Y105.944 Z16.89 E758.70553
G1 X95.071 Y105.141 Z16.893 E758.76821
G1 X95.346 Y104.366 Z16.895 E758.82975
G1 X95.654 Y103.621 Z16.897 E758.89008
G1 X96.008 Y102.879 Z16.9 E758.9516
G1 X96.4 Y102.157 Z16.902 E759.01308
G1 X96.837 Y101.443 Z16.905 E759.07573
G1 X97.294 Y100.778 Z16.907 E759.13611
G1 X97.804 Y100.114 Z16.91 E759.19877
G1 X98.338 Y99.489 Z16.913 E759.26029
G1 X98.898 Y98.898 Z16.915 E759.32122
G1 X99.489 Y98.338 Z16.917 E759.38215
G1 X100.114 Y97.804 Z16.92 E759.44367
G1 X100.778 Y97.294 Z16.923 E759.50632
G1 X101.443 Y96.837 Z16.925 E759.56671
G1 X102.151 Y96.403 Z16.928 E759.62885
G1 X102.874 Y96.011 Z16.93 E759.6904
G1 X103.618 Y95.656 Z16.933 E759.75209
G1 X104.366 Y95.346 Z16.935 E759.81269
G1 X105.146 Y95.069 Z16.937 E759.87463
G1 X105.937 Y94.835 Z16.94 E759.93636
G1 X106.739 Y94.643 Z16.943 E759.99807
G1 X107.552 Y94.492 Z16.945 E760.05996
G1 X108.351 Y94.387 Z16.947 E760.12026
G1 X109.176 Y94.322 Z16.95 E760.18219
G1 X110 Y94.3 Z16.953 E760.24388
G1 X110.824 Y94.322 Z16.955 E760.30557
G1 X111.649 Y94.387 Z16.958 E760.3675
G1 X112.448 Y94.492 Z16.96 E760.42781
G1 X113.261 Y94.643 Z16.962 E760.48969
G1 X114.063 Y94.835 Z16.965 E760.5514
G1 X114.854 Y95.069 Z16.968 E760.61313
G1 X115.634 Y95.346 Z16.97 E760.67508
G1 X116.382 Y95.656 Z16.972 E760.73567
G1 X117.126 Y96.011 Z16.975 E760.79736
G1 X117.849 Y96.403 Z16.978 E760.85891
G1 X118.557 Y96.837 Z16.98 E760.92106
G1 X119.222 Y97.294 Z16.982 E760.98144
G1 X119.886 Y97.804 Z16.985 E761.0441
G1 X120.511 Y98.338 Z16.988 E761.10562
G1 X121.102 Y98.898 Z16.99 E761.16654
G1 X121.662 Y99.489 Z16.992 E761.22747
G1 X122.196 Y100.114 Z16.995 E761.28899
G1 X122.706 Y100.778 Z16.998 E761.35165
G1 X123.163 Y101.443 Z17 E761.41203
G1 X123.6 Y102.157 Z17.003 E761.47468
G1 X123.992 Y102.879 Z17.005 E761.53616
G1 X124.346 Y103.621 Z17.008 E761.59769
G1 X124.654 Y104.366 Z17.01 E761.65801
G1 X124.929 Y105.141 Z17.012 E761.71956
G1 X125.163 Y105.929 Z17.015 E761.78107
G1 X125.358 Y106.743 Z17.018 E761.84371
G1 X125.508 Y107.552 Z17.02 E761.90528
G1 X125.613 Y108.351 Z17.022 E761.96559
G1 X125.678 Y109.171 Z17.025 E762.02715
G1 X125.7 Y109.992 Z17.027 E762.08861
G1 X125.678 Y110.824 Z17.03 E762.1509
G1 X125.613 Y111.649 Z17.033 E762.21283
G1 X125.508 Y112.448 Z17.035 E762.27314
G1 X125.358 Y113.257 Z17.037 E762.33471
G1 X125.167 Y114.056 Z17.04 E762.39619
G1 X124.931 Y114.854 Z17.043 E762.45846
G1 X124.655 Y115.631 Z17.045 E762.52017
G1 X124.346 Y116.379 Z17.047 E762.58074
G1 X123.992 Y117.121 Z17.05 E762.64226
G1 X123.6 Y117.843 Z17.052 E762.70374
G1 X123.163 Y118.557 Z17.055 E762.76639
G1 X122.706 Y119.222 Z17.057 E762.82677
G1 X122.198 Y119.883 Z17.06 E762.88916
G1 X121.666 Y120.506 Z17.063 E762.95047
G1 X121.102 Y121.102 Z17.065 E763.01187
G1 X120.511 Y121.662 Z17.067 E763.0728
G1 X119.886 Y122.196 Z17.07 E763.13432
G1 X119.223 Y122.705 Z17.073 E763.19687
G1 X118.557 Y123.163 Z17.075 E763.25736
G1 X117.849 Y123.597 Z17.078 E763.31951
G1 X117.126 Y123.989 Z17.08 E763.38106
G1 X116.382 Y124.344 Z17.083 E763.44275
G1 X115.634 Y124.654 Z17.085 E763.50334
G1 X114.854 Y124.931 Z17.087 E763.56528
G1 X114.063 Y125.165 Z17.09 E763.62702
G1 X113.261 Y125.357 Z17.093 E763.68873
G1 X112.448 Y125.508 Z17.095 E763.75061
G1 X111.649 Y125.613 Z17.097 E763.81092
G1 X110.824 Y125.678 Z17.1 E763.87285
;TIME_ELAPSED:419.638981
;LAYER:56
;TYPE:WALL-OUTER
;MESH:flow_cal_cylinder_32x30.stl
G1 X110 Y125.7 Z17.103 E763.93454
G1 X109.176 Y125.678 Z17.105 E763.99622
G1 X108.351 Y125.613 Z17.108 E764.05815
G1 X107.552 Y125.508 Z17.11 E764.11846
G1 X106.739 Y125.357 Z17.112 E764.18034
G1 X105.937 Y125.165 Z17.115 E764.24206
G1 X105.146 Y124.931 Z17.118 E764.30379
G1 X104.366 Y124.654 Z17.12 E764.36573
G1 X103.618 Y124.344 Z17.122 E764.42633
G1 X102.874 Y123.989 Z17.125 E764.48802
G1 X102.151 Y123.597 Z17.128 E764.54956
G1 X101.443 Y123.163 Z17.13 E764.61171
G1 X100.777 Y122.705 Z17.132 E764.6722
G1 X100.114 Y122.196 Z17.135 E764.73475
G1 X99.489 Y121.662 Z17.138 E764.79627
G1 X98.898 Y121.102 Z17.14 E764.8572
G1 X98.334 Y120.506 Z17.143 E764.91861
G1 X97.802 Y119.883 Z17.145 E764.97991
G1 X97.294 Y119.222 Z17.148 E765.0423
G1 X96.837 Y118.557 Z17.15 E765.10269
G1 X96.4 Y117.843 Z17.153 E765.16533
G1 X96.008 Y117.121 Z17.155 E765.22681
G1 X95.654 Y116.379 Z17.158 E765.28834
G1 X95.345 Y115.631 Z17.16 E765.3489
G1 X95.069 Y114.854 Z17.162 E765.41061
G1 X94.833 Y114.056 Z17.165 E765.47288
G1 X94.642 Y113.257 Z17.168 E765.53436
G1 X94.492 Y112.448 Z17.17 E765.59594
G1 X94.387 Y111.649 Z17.172 E765.65624
G1 X94.322 Y110.824 Z17.175 E765.71818
G1 X94.3 Y110.008 Z17.177 E765.77926
G1 X94.322 Y109.171 Z17.18 E765.84192
G1 X94.387 Y108.351 Z17.183 E765.90348
G1 X94.492 Y107.552 Z17.185 E765.96379
G1 X94.642 Y106.743 Z17.187 E766.02536
G1 X94.833 Y105.944 Z17.19 E766.08684
G1 X95.071 Y105.141 Z17.193 E766.14952
G1 X95.346 Y104.366 Z17.195 E766.21106
G1 X95.654 Y103.621 Z17.197 E766.27139
G1 X96.008 Y102.879 Z17.2 E766.33291
G1 X96.4 Y102.157 Z17.202 E766.39439
G1 X96.837 Y101.443 Z17.205 E766.45704
G1 X97.294 Y100.778 Z17.207 E766.51742
G1 X97.804 Y100.114 Z17.21 E766.58008
G1 X98.338 Y99.489 Z17.213 E766.6416
G1 X98.898 Y98.898 Z17.215 E766.70253
G1 X99.489 Y98.338 Z17.217 E766.76346
G1 X100.114 Y97.804 Z17.22 E766.82498
G1 X100.778 Y97.294 Z17.223 E766.88763
G1 X101.443 Y96.837 Z17.225 E766.94802
G1 X102.151 Y96.403 Z17.228 E767.01016
G1 X102.874 Y96.011 Z17.23 E767.07171
G1 X103.618 Y95.656 Z17.233 E767.1334
G1 X104.366 Y95.346 Z17.235 E767.194
G1 X105.146 Y95.069 Z17.237 E767.25594
G1 X105.937 Y94.835 Z17.24 E767.31767
G1 X106.739 Y94.643 Z17.243 E767.37939
G1 X107.552 Y94.492 Z17.245 E767.44127
G1 X108.351 Y94.387 Z17.247 E767.50157
G1 X109.176 Y94.322 Z17.25 E767.56351
G1 X110 Y94.3 Z17.253 E767.62519
G1 X110.824 Y94.322 Z17.255 E767.68688
G1 X111.649 Y94.387 Z17.258 E767.74881
G1 X112.448 Y94.492 Z17.26 E767.80912
G1 X113.261 Y94.643 Z17.262 E767.871
G1 X114.063 Y94.835 Z17.265 E767.93271
G1 X114.854 Y95.069 Z17.268 E767.99444
G1 X115.634 Y95.346 Z17.27 E768.05639
G1 X116.382 Y95.656 Z17.272 E768.11698
G1 X117.126 Y96.011 Z17.275 E768.17867
G1 X117.849 Y96.403 Z17.278 E768.24022
G1 X118.557 Y96.837 Z17.28 E768.30237
G1 X119.222 Y97.294 Z17.282 E768.36275
G1 X119.886 Y97.804 Z17.285 E768.42541
G1 X120.511 Y98.338 Z17.288 E768.48693
G1 X121.102 Y98.898 Z17.29 E768.54786
G1 X121.662 Y99.489 Z17.292 E768.60878
G1 X122.196 Y100.114 Z17.295 E768.6703
G1 X122.706 Y100.778 Z17.298 E768.73296
G1 X123.163 Y101.443 Z17.3 E768.79334
G1 X123.6 Y102.157 Z17.303 E768.85599
G1 X123.992 Y102.879 Z17.305 E768.91747
G1 X124.346 Y103.621 Z17.308 E768.979
G1 X124.654 Y104.366 Z17.31 E769.03933
G1 X124.929 Y105.141 Z17.312 E769.10087
G1 X125.163 Y105.929 Z17.315 E769.16238
G1 X125.358 Y106.743 Z17.318 E769.22502
G1 X125.508 Y107.552 Z17.32 E769.2866
G1 X125.613 Y108.351 Z17.322 E769.3469
G1 X125.678 Y109.171 Z17.325 E769.40846
G1 X125.7 Y109.992 Z17.327 E769.46992
G1 X125.678 Y110.824 Z17.33 E769.53221
G1 X125.613 Y111.649 Z17.333 E769.59414
G1 X125.508 Y112.448 Z17.335 E769.65445
G1 X125.358 Y113.257 Z17.337 E769.71602
G1 X125.167 Y114.056 Z17.34 E769.7775
G1 X124.931 Y114.854 Z17.343 E769.83977
G1 X124.655 Y115.631 Z17.345 E769.90148
G1 X124.346 Y116.379 Z17.347 E769.96205
G1 X123.992 Y117.121 Z17.35 E770.02357
G1 X123.6 Y117.843 Z17.352 E770.08505
G1 X123.163 Y118.557 Z17.355 E770.1477
G1 X122.706 Y119.222 Z17.357 E770.20808
G1 X122.198 Y119.883 Z17.36 E770.27047
G1 X121.666 Y120.506 Z17.363 E770.33178
G1 X121.102 Y121.102 Z17.365 E770.39318
G1 X120.511 Y121.662 Z17.367 E770.45411
G1 X119.886 Y122.196 Z17.37 E770.51563
G1 X119.223 Y122.705 Z17.373 E770.57819
G1 X118.557 Y123.163 Z17.375 E770.63867
G1 X117.849 Y123.597 Z17.378 E770.70082
G1 X117.126 Y123.989 Z17.38 E770.76237
G1 X116.382 Y124.344 Z17.383 E770.82406
G1 X115.634 Y124.654 Z17.385 E770.88465
G1 X114.854 Y124.931 Z17.387 E770.9466
G1 X114.063 Y125.165 Z17.39 E771.00833
G1 X113.261 Y125.357 Z17.393 E771.07004
G1 X112.448 Y125.508 Z17.395 E771.13192
G1 X111.649 Y125.613 Z17.397 E771.19223
G1 X110.824 Y125.678 Z17.4 E771.25416
;TIME_ELAPSED:422.977517
;LAYER:57
;TYPE:WALL-OUTER
;MESH:flow_cal_cylinder_32x30.stl
G1 X110 Y125.7 Z17.403 E771.31585
G1 X109.176 Y125.678 Z17.405 E771.37753
G1 X108.351 Y125.613 Z17.408 E771.43946
G1 X107.552 Y125.508 Z17.41 E771.49977
G1 X106.739 Y125.357 Z17.412 E771.56165
G1 X105.937 Y125.165 Z17.415 E771.62337
G1 X105.146 Y124.931 Z17.418 E771.6851
G1 X104.366 Y124.654 Z17.42 E771.74704
G1 X103.618 Y124.344 Z17.422 E771.80764
G1 X102.874 Y123.989 Z17.425 E771.86933
G1 X102.151 Y123.597 Z17.428 E771.93088
G1 X101.443 Y123.163 Z17.43 E771.99302
G1 X100.777 Y122.705 Z17.432 E772.05351
G1 X100.114 Y122.196 Z17.435 E772.11606
G1 X99.489 Y121.662 Z17.438 E772.17758
G1 X98.898 Y121.102 Z17.44 E772.23851
G1 X98.334 Y120.506 Z17.443 E772.29992
G1 X97.802 Y119.883 Z17.445 E772.36122
G1 X97.294 Y119.222 Z17.448 E772.42361
G1 X96.837 Y118.557 Z17.45 E772.484
G1 X96.4 Y117.843 Z17.453 E772.54664
G1 X96.008 Y117.121 Z17.455 E772.60812
G1 X95.654 Y116.379 Z17.458 E772.66965
G1 X95.345 Y115.631 Z17.46 E772.73021
G1 X95.069 Y114.854 Z17.462 E772.79192
G1 X94.833 Y114.056 Z17.465 E772.8542
G1 X94.642 Y113.257 Z17.468 E772.91567
G1 X94.492 Y112.448 Z17.47 E772.97725
G1 X94.387 Y111.649 Z17.472 E773.03756
G1 X94.322 Y110.824 Z17.475 E773.09949
G1 X94.3 Y110.008 Z17.477 E773.16057
G1 X94.322 Y109.171 Z17.48 E773.22323
G1 X94.387 Y108.351 Z17.483 E773.28479
G1 X94.492 Y107.552 Z17.485 E773.3451
G1 X94.642 Y106.743 Z17.487 E773.40667
G1 X94.833 Y105.944 Z17.49 E773.46815
G1 X95.071 Y105.141 Z17.493 E773.53083
G1 X95.346 Y104.366 Z17.495 E773.59237
G1 X95.654 Y103.621 Z17.497 E773.6527
G1 X96.008 Y102.879 Z17.5 E773.71422
G1 X96.4 Y102.157 Z17.502 E773.7757
G1 X96.837 Y101.443 Z17.505 E773.83835
G1 X97.294 Y100.778 Z17.507 E773.89873
G1 X97.804 Y100.114 Z17.51 E773.96139
G1 X98.338 Y99.489 Z17.513 E774.02291
G1 X98.898 Y98.898 Z17.515 E774.08384
G1 X99.489 Y98.338 Z17.517 E774.14477
G1 X100.114 Y97.804 Z17.52 E774.20629
G1 X100.778 Y97.294 Z17.523 E774.26894
G1 X101.443 Y96.837 Z17.525 E774.32933
G1 X102.151 Y96.403 Z17.528 E774.39147
G1 X102.874 Y96.011 Z17.53 E774.45302
G1 X103.618 Y95.656 Z17.533 E774.51471
G1 X104.366 Y95.346 Z17.535 E774.57531
G1 X105.146 Y95.069 Z17.537 E774.63725
G1 X105.937 Y94.835 Z17.54 E774.69898
G1 X106.739 Y94.643 Z17.543 E774.7607
G1 X107.552 Y94.492 Z17.545 E774.82258
G1 X108.351 Y94.387 Z17.547 E774.88289
G1 X109.176 Y94.322 Z17.55 E774.94482
G1 X110 Y94.3 Z17.553 E775.0065
G1 X110.824 Y94.322 Z17.555 E775.06819
G1 X111.649 Y94.387 Z17.558 E775.13012
G1 X112.448 Y94.492 Z17.56 E775.19043
G1 X113.261 Y94.643 Z17.562 E775.25231
G1 X114.063 Y94.835 Z17.565 E775.31402
G1 X114.854 Y95.069 Z17.568 E775.37575
G1 X115.634 Y95.346 Z17.57 E775.4377
G1 X116.382 Y95.656 Z17.572 E775.49829
G1 X117.126 Y96.011 Z17.575 E775.55998
G1 X117.849 Y96.403 Z17.578 E775.62153
G1 X118.557 Y96.837 Z17.58 E775.68368
G1 X119.222 Y97.294 Z17.582 E775.74406
G1 X119.886 Y97.804 Z17.585 E775.80672
G1 X120.511 Y98.338 Z17.588 E775.86824
G1 X121.102 Y98.898 Z17.59 E775.92917
G1 X121.662 Y99.489 Z17.592 E775.9901
G1 X122.196 Y100.114 Z17.595 E776.05161
G1 X122.706 Y100.778 Z17.598 E776.11427
G1 X123.163 Y101.443 Z17.6 E776.17466
G1 X123.6 Y102.157 Z17.603 E776.2373
G1 X123.992 Y102.879 Z17.605 E776.29878
G1 X124.346 Y103.621 Z17.608 E776.36031
G1 X124.654 Y104.366 Z17.61 E776.42064
G1 X124.929 Y105.141 Z17.612 E776.48218
G1 X125.163 Y105.929 Z17.615 E776.54369
G1 X125.358 Y106.743 Z17.618 E776.60633
G1 X125.508 Y107.552 Z17.62 E776.66791
G1 X125.613 Y108.351 Z17.622 E776.72821
G1 X125.678 Y109.171 Z17.625 E776.78977
G1 X125.7 Y109.992 Z17.627 E776.85123
G1 X125.678 Y110.824 Z17.63 E776.91352
G1 X125.613 Y111.649 Z17.633 E776.97545
G1 X125.508 Y112.448 Z17.635 E777.03576
G1 X125.358 Y113.257 Z17.637 E777.09733
G1 X125.167 Y114.056 Z17.64 E777.15881
G1 X124.931 Y114.854 Z17.643 E777.22109
G1 X124.655 Y115.631 Z17.645 E777.28279
G1 X124.346 Y116.379 Z17.647 E777.34336
G1 X123.992 Y117.121 Z17.65 E777.40488
G1 X123.6 Y117.843 Z17.652 E777.46636
G1 X123.163 Y118.557 Z17.655 E777.52901
G1 X122.706 Y119.222 Z17.657 E777.58939
G1 X122.198 Y119.883 Z17.66 E777.65178
G1 X121.666 Y120.506 Z17.663 E777.71309
G1 X121.102 Y121.102 Z17.665 E777.7745
G1 X120.511 Y121.662 Z17.667 E777.83542
G1 X119.886 Y122.196 Z17.67 E777.89694
G1 X119.223 Y122.705 Z17.673 E777.9595
G1 X118.557 Y123.163 Z17.675 E778.01998
G1 X117.849 Y123.597 Z17.678 E778.08213
G1 X117.126 Y123.989 Z17.68 E778.14368
G1 X116.382 Y124.344 Z17.683 E778.20537
G1 X115.634 Y124.654 Z17.685 E778.26596
G1 X114.854 Y124.931 Z17.687 E778.32791
G1 X114.063 Y125.165 Z17.69 E778.38964
G1 X113.261 Y125.357 Z17.693 E778.45135
G1 X112.448 Y125.508 Z17.695 E778.51323
G1 X111.649 Y125.613 Z17.697 E778.57354
G1 X110.824 Y125.678 Z17.7 E778.63547
;TIME_ELAPSED:426.316053
;LAYER:58
;TYPE:WALL-OUTER
;MESH:flow_cal_cylinder_32x30.stl
G1 X110 Y125.7 Z17.703 E778.69716
G1 X109.176 Y125.678 Z17.705 E778.75884
G1 X108.351 Y125.613 Z17.708 E778.82078
G1 X107.552 Y125.508 Z17.71 E778.88108
G1 X106.739 Y125.357 Z17.712 E778.94296
G1 X105.937 Y125.165 Z17.715 E779.00468
G1 X105.146 Y124.931 Z17.718 E779.06641
G1 X104.366 Y124.654 Z17.72 E779.12835
G1 X103.618 Y124.344 Z17.722 E779.18895
G1 X102.874 Y123.989 Z17.725 E779.25064
G1 X102.151 Y123.597 Z17.728 E779.31219
G1 X101.443 Y123.163 Z17.73 E779.37433
G1 X100.777 Y122.705 Z17.732 E779.43482
G1 X100.114 Y122.196 Z17.735 E779.49737
G1 X99.489 Y121.662 Z17.738 E779.55889
G1 X98.898 Y121.102 Z17.74 E779.61982
G1 X98.334 Y120.506 Z17.743 E779.68123
G1 X97.802 Y119.883 Z17.745 E779.74254
G1 X97.294 Y119.222 Z17.748 E779.80492
G1 X96.837 Y118.557 Z17.75 E779.86531
G1 X96.4 Y117.843 Z17.753 E779.92795
G1 X96.008 Y117.121 Z17.755 E779.98943
G1 X95.654 Y116.379 Z17.758 E780.05096
G1 X95.345 Y115.631 Z17.76 E780.11152
G1 X95.069 Y114.854 Z17.762 E780.17323
G1 X94.833 Y114.056 Z17.765 E780.23551
G1 X94.642 Y113.257 Z17.768 E780.29698
G1 X94.492 Y112.448 Z17.77 E780.35856
G1 X94.387 Y111.649 Z17.772 E780.41887
G1 X94.322 Y110.824 Z17.775 E780.4808
G1 X94.3 Y110.008 Z17.777 E780.54189
G1 X94.322 Y109.171 Z17.78 E780.60454
G1 X94.387 Y108.351 Z17.783 E780.6661
G1 X94.492 Y107.552 Z17.785 E780.72641
G1 X94.642 Y106.743 Z17.787 E780.78798
G1 X94.833 Y105.944 Z17.79 E780.84946
G1 X95.071 Y105.141 Z17.793 E780.91214
G1 X95.346 Y104.366 Z17.795 E780.97368
G1 X95.654 Y103.621 Z17.797 E781.03401
G1 X96.008 Y102.879 Z17.8 E781.09553
G1 X96.4 Y102.157 Z17.802 E781.15701
G1 X96.837 Y101.443 Z17.805 E781.21966
G1 X97.294 Y100.778 Z17.807 E781.28004
G1 X97.804 Y100.114 Z17.81 E781.3427
G1 X98.338 Y99.489 Z17.813 E781.40422
G1 X98.898 Y98.898 Z17.815 E781.46515
G1 X99.489 Y98.338 Z17.817 E781.52608
G1 X100.114 Y97.804 Z17.82 E781.5876
G1 X100.778 Y97.294 Z17.823 E781.65026
G1 X101.443 Y96.837 Z17.825 E781.71064
G1 X102.151 Y96.403 Z17.828 E781.77279
G1 X102.874 Y96.011 Z17.83 E781.83433
G1 X103.618 Y95.656 Z17.833 E781.89602
G1 X104.366 Y95.346 Z17.835 E781.95662
G1 X105.146 Y95.069 Z17.837 E782.01856
G1 X105.937 Y94.835 Z17.84 E782.08029
G1 X106.739 Y94.643 Z17.843 E782.14201
G1 X107.552 Y94.492 Z17.845 E782.20389
G1 X108.351 Y94.387 Z17.847 E782.2642
G1 X109.176 Y94.322 Z17.85 E782.32613
G1 X110 Y94.3 Z17.853 E782.38781
G1 X110.824 Y94.322 Z17.855 E782.4495
G1 X111.649 Y94.387 Z17.858 E782.51143
G1 X112.448 Y94.492 Z17.86 E782.57174
G1 X113.261 Y94.643 Z17.862 E782.63362
G1 X114.063 Y94.835 Z17.865 E782.69533
G1 X114.854 Y95.069 Z17.868 E782.75707
G1 X115.634 Y95.346 Z17.87 E782.81901
G1 X116.382 Y95.656 Z17.872 E782.8796
G1 X117.126 Y96.011 Z17.875 E782.94129
G1 X117.849 Y96.403 Z17.878 E783.00284
G1 X118.557 Y96.837 Z17.88 E783.06499
G1 X119.222 Y97.294 Z17.882 E783.12537
G1 X119.886 Y97.804 Z17.885 E783.18803
G1 X120.511 Y98.338 Z17.888 E783.24955
G1 X121.102 Y98.898 Z17.89 E783.31048
G1 X121.662 Y99.489 Z17.892 E783.37141
G1 X122.196 Y100.114 Z17.895 E783.43293
G1 X122.706 Y100.778 Z17.898 E783.49558
G1 X123.163 Y101.443 Z17.9 E783.55597
G1 X123.6 Y102.157 Z17.903 E783.61861
G1 X123.992 Y102.879 Z17.905 E783.68009
G1 X124.346 Y103.621 Z17.908 E783.74162
G1 X124.654 Y104.366 Z17.91 E783.80195
G1 X124.929 Y105.141 Z17.912 E783.86349
G1 X125.163 Y105.929 Z17.915 E783.925
G1 X125.358 Y106.743 Z17.918 E783.98764
G1 X125.508 Y107.552 Z17.92 E784.04922
G1 X125.613 Y108.351 Z17.922 E784.10952
G1 X125.678 Y109.171 Z17.925 E784.17108
G1 X125.7 Y109.992 Z17.927 E784.23254
G1 X125.678 Y110.824 Z17.93 E784.29483
G1 X125.613 Y111.649 Z17.933 E784.35676
G1 X125.508 Y112.448 Z17.935 E784.41707
G1 X125.358 Y113.257 Z17.937 E784.47864
G1 X125.167 Y114.056 Z17.94 E784.54012
G1 X124.931 Y114.854 Z17.943 E784.6024
G1 X124.655 Y115.631 Z17.945 E784.6641
G1 X124.346 Y116.379 Z17.947 E784.72467
G1 X123.992 Y117.121 Z17.95 E784.78619
G1 X123.6 Y117.843 Z17.952 E784.84767
G1 X123.163 Y118.557 Z17.955 E784.91032
G1 X122.706 Y119.222 Z17.957 E784.9707
G1 X122.198 Y119.883 Z17.96 E785.03309
G1 X121.666 Y120.506 Z17.963 E785.0944
G1 X121.102 Y121.102 Z17.965 E785.15581
G1 X120.511 Y121.662 Z17.967 E785.21674
G1 X119.886 Y122.196 Z17.97 E785.27825
G1 X119.223 Y122.705 Z17.973 E785.34081
G1 X118.557 Y123.163 Z17.975 E785.40129
G1 X117.849 Y123.597 Z17.978 E785.46344
G1 X117.126 Y123.989 Z17.98 E785.52499
G1 X116.382 Y124.344 Z17.983 E785.58668
G1 X115.634 Y124.654 Z17.985 E785.64727
G1 X114.854 Y124.931 Z17.987 E785.70922
G1 X114.063 Y125.165 Z17.99 E785.77095
G1 X113.261 Y125.357 Z17.993 E785.83266
G1 X112.448 Y125.508 Z17.995 E785.89454
G1 X111.649 Y125.613 Z17.997 E785.95485
G1 X110.824 Y125.678 Z18 E786.01678
;TIME_ELAPSED:429.654588
;LAYER:59
;TYPE:WALL-OUTER
;MESH:flow_cal_cylinder_32x30.stl
G1 X110 Y125.7 Z18.003 E786.07847
G1 X109.176 Y125.678 Z18.005 E786.14016
G1 X108.351 Y125.613 Z18.008 E786.20209
G1 X107.552 Y125.508 Z18.01 E786.26239
G1 X106.739 Y125.357 Z18.012 E786.32428
G1 X105.937 Y125.165 Z18.015 E786.38599
G1 X105.146 Y124.931 Z18.018 E786.44772
G1 X104.366 Y124.654 Z18.02 E786.50966
G1 X103.618 Y124.344 Z18.022 E786.57026
G1 X102.874 Y123.989 Z18.025 E786.63195
G1 X102.151 Y123.597 Z18.028 E786.6935
G1 X101.443 Y123.163 Z18.03 E786.75564
G1 X100.777 Y122.705 Z18.032 E786.81613
G1 X100.114 Y122.196 Z18.035 E786.87868
G1 X99.489 Y121.662 Z18.038 E786.9402
G1 X98.898 Y121.102 Z18.04 E787.00113
G1 X98.334 Y120.506 Z18.043 E787.06254
G1 X97.802 Y119.883 Z18.045 E787.12385
G1 X97.294 Y119.222 Z18.048 E787.18623
G1 X96.837 Y118.557 Z18.05 E787.24662
G1 X96.4 Y117.843 Z18.053 E787.30926
G1 X96.008 Y117.121 Z18.055 E787.37075
G1 X95.654 Y116.379 Z18.058 E787.43227
G1 X95.345 Y115.631 Z18.06 E787.49283
G1 X95.069 Y114.854 Z18.062 E787.55454
G1 X94.833 Y114.056 Z18.065 E787.61682
G1 X94.642 Y113.257 Z18.068 E787.6783
G1 X94.492 Y112.448 Z18.07 E787.73987
G1 X94.387 Y111.649 Z18.072 E787.80018
G1 X94.322 Y110.824 Z18.075 E787.86211
G1 X94.3 Y110.008 Z18.077 E787.9232
G1 X94.322 Y109.171 Z18.08 E787.98585
G1 X94.387 Y108.351 Z18.083 E788.04741
G1 X94.492 Y107.552 Z18.085 E788.10772
G1 X94.642 Y106.743 Z18.087 E788.16929
G1 X94.833 Y105.944 Z18.09 E788.23077
G1 X95.071 Y105.141 Z18.093 E788.29345
G1 X95.346 Y104.366 Z18.095 E788.35499
G1 X95.654 Y103.621 Z18.097 E788.41532
G1 X96.008 Y102.879 Z18.1 E788.47684
G1 X96.4 Y102.157 Z18.102 E788.53832
G1 X96.837 Y101.443 Z18.105 E788.60097
G1 X97.294 Y100.778 Z18.107 E788.66136
G1 X97.804 Y100.114 Z18.11 E788.72401
G1 X98.338 Y99.489 Z18.113 E788.78553
G1 X98.898 Y98.898 Z18.115 E788.84646
G1 X99.489 Y98.338 Z18.117 E788.90739
G1 X100.114 Y97.804 Z18.12 E788.96891
G1 X100.778 Y97.294 Z18.123 E789.03157
G1 X101.443 Y96.837 Z18.125 E789.09195
G1 X102.151 Y96.403 Z18.128 E789.1541
G1 X102.874 Y96.011 Z18.13 E789.21564
G1 X103.618 Y95.656 Z18.133 E789.27733
G1 X104.366 Y95.346 Z18.135 E789.33793
G1 X105.146 Y95.069 Z18.137 E789.39987
G1 X105.937 Y94.835 Z18.14 E789.4616
G1 X106.739 Y94.643 Z18.143 E789.52332
G1 X107.552 Y94.492 Z18.145 E789.5852
G1 X108.351 Y94.387 Z18.147 E789.64551
G1 X109.176 Y94.322 Z18.15 E789.70744
G1 X110 Y94.3 Z18.153 E789.76912
G1 X110.824 Y94.322 Z18.155 E789.83081
G1 X111.649 Y94.387 Z18.158 E789.89274
G1 X112.448 Y94.492 Z18.16 E789.95305
G1 X113.261 Y94.643 Z18.162 E790.01493
G1 X114.063 Y94.835 Z18.165 E790.07665
G1 X114.854 Y95.069 Z18.168 E790.13838
G1 X115.634 Y95.346 Z18.17 E790.20032
G1 X116.382 Y95.656 Z18.172 E790.26091
G1 X117.126 Y96.011 Z18.175 E790.3226
G1 X117.849 Y96.403 Z18.178 E790.38415
G1 X118.557 Y96.837 Z18.18 E790.4463
G1 X119.222 Y97.294 Z18.182 E790.50668
G1 X119.886 Y97.804 Z18.185 E790.56934
G1 X120.511 Y98.338 Z18.188 E790.63086
G1 X121.102 Y98.898 Z18.19 E790.69179
G1 X121.662 Y99.489 Z18.192 E790.75272
G1 X122.196 Y100.114 Z18.195 E790.81424
G1 X122.706 Y100.778 Z18.198 E790.87689
G1 X123.163 Y101.443 Z18.2 E790.93728
G1 X123.6 Y102.157 Z18.203 E790.99992
G1 X123.992 Y102.879 Z18.205 E791.0614
G1 X124.346 Y103.621 Z18.208 E791.12293
G1 X124.654 Y104.366 Z18.21 E791.18326
G1 X124.929 Y105.141 Z18.212 E791.2448
G1 X125.163 Y105.929 Z18.215 E791.30631
G1 X125.358 Y106.743 Z18.218 E791.36895
G1 X125.508 Y107.552 Z18.22 E791.43053
G1 X125.613 Y108.351 Z18.222 E791.49083
G1 X125.678 Y109.171 Z18.225 E791.55239
G1 X125.7 Y109.992 Z18.227 E791.61385
G1 X125.678 Y110.824 Z18.23 E791.67614
G1 X125.613 Y111.649 Z18.233 E791.73807
G1 X125.508 Y112.448 Z18.235 E791.79838
G1 X125.358 Y113.257 Z18.237 E791.85995
G1 X125.167 Y114.056 Z18.24 E791.92143
G1 X124.931 Y114.854 Z18.243 E791.98371
G1 X124.655 Y115.631 Z18.245 E792.04541
G1 X124.346 Y116.379 Z18.247 E792.10598
G1 X123.992 Y117.121 Z18.25 E792.1675
G1 X123.6 Y117.843 Z18.252 E792.22898
G1 X123.163 Y118.557 Z18.255 E792.29163
G1 X122.706 Y119.222 Z18.257 E792.35201
G1 X122.198 Y119.883 Z18.26 E792.4144
G1 X121.666 Y120.506 Z18.263 E792.47571
G1 X121.102 Y121.102 Z18.265 E792.53712
G1 X120.511 Y121.662 Z18.267 E792.59805
G1 X119.886 Y122.196 Z18.27 E792.65957
G1 X119.223 Y122.705 Z18.273 E792.72212
G1 X118.557 Y123.163 Z18.275 E792.78261
G1 X117.849 Y123.597 Z18.278 E792.84475
G1 X117.126 Y123.989 Z18.28 E792.9063
G1 X116.382 Y124.344 Z18.283 E792.96799
G1 X115.634 Y124.654 Z18.285 E793.02858
G1 X114.854 Y124.931 Z18.287 E793.09053
G1 X114.063 Y125.165 Z18.29 E793.15226
G1 X113.261 Y125.357 Z18.293 E793.21397
G1 X112.448 Y125.508 Z18.295 E793.27585
G1 X111.649 Y125.613 Z18.297 E793.33616
G1 X110.824 Y125.678 Z18.3 E793.39809
;TIME_ELAPSED:432.993124
;LAYER:60
;TYPE:WALL-OUTER
;MESH:flow_cal_cylinder_32x30.stl
G1 X110 Y125.7 Z18.303 E793.45978
G1 X109.176 Y125.678 Z18.305 E793.52147
G1 X108.351 Y125.613 Z18.308 E793.5834
G1 X107.552 Y125.508 Z18.31 E793.6437
G1 X106.739 Y125.357 Z18.312 E793.70559
G1 X105.937 Y125.165 Z18.315 E793.7673
G1 X105.146 Y124.931 Z18.318 E793.82903
G1 X104.366 Y124.654 Z18.32 E793.89097
G1 X103.618 Y124.344 Z18.322 E793.95157
G1 X102.874 Y123.989 Z18.325 E794.01326
G1 X102.151 Y123.597 Z18.328 E794.07481
G1 X101.443 Y123.163 Z18.33 E794.13695
G1 X100.777 Y122.705 Z18.332 E794.19744
G1 X100.114 Y122.196 Z18.335 E794.25999
G1 X99.489 Y121.662 Z18.338 E794.32151
G1 X98.898 Y121.102 Z18.34 E794.38244
G1 X98.334 Y120.506 Z18.343 E794.44385
G1 X97.802 Y119.883 Z18.345 E794.50516
G1 X97.294 Y119.222 Z18.348 E794.56754
G1 X96.837 Y118.557 Z18.35 E794.62793
G1 X96.4 Y117.843 Z18.353 E794.69057
G1 X96.008 Y117.121 Z18.355 E794.75206
G1 X95.654 Y116.379 Z18.358 E794.81358
G1 X95.345 Y115.631 Z18.36 E794.87415
G1 X95.069 Y114.854 Z18.362 E794.93585
G1 X94.833 Y114.056 Z18.365 E794.99813
G1 X94.642 Y113.257 Z18.368 E795.05961
G1 X94.492 Y112.448 Z18.37 E795.12118
G1 X94.387 Y111.649 Z18.372 E795.18149
G1 X94.322 Y110.824 Z18.375 E795.24342
G1 X94.3 Y110.008 Z18.377 E795.30451
G1 X94.322 Y109.171 Z18.38 E795.36717
G1 X94.387 Y108.351 Z18.383 E795.42872
G1 X94.492 Y107.552 Z18.385 E795.48903
G1 X94.642 Y106.743 Z18.387 E795.5506
G1 X94.833 Y105.944 Z18.39 E795.61208
G1 X95.071 Y105.141 Z18.393 E795.67476
G1 X95.346 Y104.366 Z18.395 E795.7363
G1 X95.654 Y103.621 Z18.397 E795.79663
G1 X96.008 Y102.879 Z18.4 E795.85815
G1 X96.4 Y102.157 Z18.402 E795.91964
G1 X96.837 Y101.443 Z18.405 E795.98228
G1 X97.294 Y100.778 Z18.407 E796.04267
G1 X97.804 Y100.114 Z18.41 E796.10532
G1 X98.338 Y99.489 Z18.413 E796.16684
G1 X98.898 Y98.898 Z18.415 E796.22777
G1 X99.489 Y98.338 Z18.417 E796.2887
G1 X100.114 Y97.804 Z18.42 E796.35022
G1 X100.778 Y97.294 Z18.423 E796.41288
G1 X101.443 Y96.837 Z18.425 E796.47326
G1 X102.151 Y96.403 Z18.428 E796.53541
G1 X102.874 Y96.011 Z18.43 E796.59695
G1 X103.618 Y95.656 Z18.433 E796.65865
G1 X104.366 Y95.346 Z18.435 E796.71924
G1 X105.146 Y95.069 Z18.437 E796.78118
G1 X105.937 Y94.835 Z18.44 E796.84291
G1 X106.739 Y94.643 Z18.443 E796.90463
G1 X107.552 Y94.492 Z18.445 E796.96651
G1 X108.351 Y94.387 Z18.447 E797.02682
G1 X109.176 Y94.322 Z18.45 E797.08875
G1 X110 Y94.3 Z18.453 E797.15043
G1 X110.824 Y94.322 Z18.455 E797.21212
G1 X111.649 Y94.387 Z18.458 E797.27405
G1 X112.448 Y94.492 Z18.46 E797.33436
G1 X113.261 Y94.643 Z18.462 E797.39624
G1 X114.063 Y94.835 Z18.465 E797.45796
G1 X114.854 Y95.069 Z18.468 E797.51969
G1 X115.634 Y95.346 Z18.47 E797.58163
G1 X116.382 Y95.656 Z18.472 E797.64222
G1 X117.126 Y96.011 Z18.475 E797.70392
G1 X117.849 Y96.403 Z18.478 E797.76546
G1 X118.557 Y96.837 Z18.48 E797.82761
G1 X119.222 Y97.294 Z18.482 E797.88799
G1 X119.886 Y97.804 Z18.485 E797.95065
G1 X120.511 Y98.338 Z18.488 E798.01217
G1 X121.102 Y98.898 Z18.49 E798.0731
G1 X121.662 Y99.489 Z18.492 E798.13403
G1 X122.196 Y100.114 Z18.495 E798.19555
G1 X122.706 Y100.778 Z18.498 E798.2582
G1 X123.163 Y101.443 Z18.5 E798.31859
G1 X123.6 Y102.157 Z18.503 E798.38123
G1 X123.992 Y102.879 Z18.505 E798.44271
G1 X124.346 Y103.621 Z18.508 E798.50424
G1 X124.654 Y104.366 Z18.51 E798.56457
G1 X124.929 Y105.141 Z18.512 E798.62611
G1 X125.163 Y105.929 Z18.515 E798.68762
G1 X125.358 Y106.743 Z18.518 E798.75026
G1 X125.508 Y107.552 Z18.52 E798.81184
G1 X125.613 Y108.351 Z18.522 E798.87215
G1 X125.678 Y109.171 Z18.525 E798.9337
G1 X125.7 Y109.992 Z18.527 E798.99517
G1 X125.678 Y110.824 Z18.53 E799.05745
G1 X125.613 Y111.649 Z18.533 E799.11938
G1 X125.508 Y112.448 Z18.535 E799.17969
G1 X125.358 Y113.257 Z18.537 E799.24126
G1 X125.167 Y114.056 Z18.54 E799.30274
G1 X124.931 Y114.854 Z18.543 E799.36502
G1 X124.655 Y115.631 Z18.545 E799.42672
G1 X124.346 Y116.379 Z18.547 E799.48729
G1 X123.992 Y117.121 Z18.55 E799.54881
G1 X123.6 Y117.843 Z18.552 E799.61029
G1 X123.163 Y118.557 Z18.555 E799.67294
G1 X122.706 Y119.222 Z18.557 E799.73332
G1 X122.198 Y119.883 Z18.56 E799.79571
G1 X121.666 Y120.506 Z18.563 E799.85702
G1 X121.102 Y121.102 Z18.565 E799.91843
G1 X120.511 Y121.662 Z18.567 E799.97936
G1 X119.886 Y122.196 Z18.57 E800.04088
G1 X119.223 Y122.705 Z18.573 E800.10343
G1 X118.557 Y123.163 Z18.575 E800.16392
G1 X117.849 Y123.597 Z18.578 E800.22606
G1 X117.126 Y123.989 Z18.58 E800.28761
G1 X116.382 Y124.344 Z18.583 E800.3493
G1 X115.634 Y124.654 Z18.585 E800.40989
G1 X114.854 Y124.931 Z18.587 E800.47184
G1 X114.063 Y125.165 Z18.59 E800.53357
G1 X113.261 Y125.357 Z18.593 E800.59528
G1 X112.448 Y125.508 Z18.595 E800.65716
G1 X111.649 Y125.613 Z18.597 E800.71747
G1 X110.824 Y125.678 Z18.6 E800.7794
;TIME_ELAPSED:436.331660
;LAYER:61
;TYPE:WALL-OUTER
;MESH:flow_cal_cylinder_32x30.stl
G1 X110 Y125.7 Z18.603 E800.84109
G1 X109.176 Y125.678 Z18.605 E800.90278
G1 X108.351 Y125.613 Z18.608 E800.96471
G1 X107.552 Y125.508 Z18.61 E801.02501
G1 X106.739 Y125.357 Z18.612 E801.0869
G1 X105.937 Y125.165 Z18.615 E801.14861
G1 X105.146 Y124.931 Z18.618 E801.21034
G1 X104.366 Y124.654 Z18.62 E801.27229
G1 X103.618 Y124.344 Z18.622 E801.33288
G1 X102.874 Y123.989 Z18.625 E801.39457
G1 X102.151 Y123.597 Z18.628 E801.45612
G1 X101.443 Y123.163 Z18.63 E801.51826
G1 X100.777 Y122.705 Z18.632 E801.57875
G1 X100.114 Y122.196 Z18.635 E801.6413
G1 X99.489 Y121.662 Z18.638 E801.70282
G1 X98.898 Y121.102 Z18.64 E801.76375
G1 X98.334 Y120.506 Z18.643 E801.82516
G1 X97.802 Y119.883 Z18.645 E801.88647
G1 X97.294 Y119.222 Z18.648 E801.94885
G1 X96.837 Y118.557 Z18.65 E802.00924
G1 X96.4 Y117.843 Z18.653 E802.07189
G1 X96.008 Y117.121 Z18.655 E802.13337
G1 X95.654 Y116.379 Z18.658 E802.19489
G1 X95.345 Y115.631 Z18.66 E802.25546
G1 X95.069 Y114.854 Z18.662 E802.31716
G1 X94.833 Y114.056 Z18.665 E802.37944
G1 X94.642 Y113.257 Z18.668 E802.44092
G1 X94.492 Y112.448 Z18.67 E802.50249
G1 X94.387 Y111.649 Z18.672 E802.5628
G1 X94.322 Y110.824 Z18.675 E802.62473
G1 X94.3 Y110.008 Z18.677 E802.68582
G1 X94.322 Y109.171 Z18.68 E802.74848
G1 X94.387 Y108.351 Z18.683 E802.81003
G1 X94.492 Y107.552 Z18.685 E802.87034
G1 X94.642 Y106.743 Z18.687 E802.93192
G1 X94.833 Y105.944 Z18.69 E802.99339
G1 X95.071 Y105.141 Z18.693 E803.05607
G1 X95.346 Y104.366 Z18.695 E803.11761
G1 X95.654 Y103.621 Z18.697 E803.17794
G1 X96.008 Y102.879 Z18.7 E803.23946
G1 X96.4 Y102.157 Z18.702 E803.30095
G1 X96.837 Y101.443 Z18.705 E803.36359
G1 X97.294 Y100.778 Z18.707 E803.42398
G1 X97.804 Y100.114 Z18.71 E803.48663
G1 X98.338 Y99.489 Z18.713 E803.54815
G1 X98.898 Y98.898 Z18.715 E803.60908
G1 X99.489 Y98.338 Z18.717 E803.67001
G1 X100.114 Y97.804 Z18.72 E803.73153
G1 X100.778 Y97.294 Z18.723 E803.79419
G1 X101.443 Y96.837 Z18.725 E803.85457
G1 X102.151 Y96.403 Z18.728 E803.91672
G1 X102.874 Y96.011 Z18.73 E803.97826
G1 X103.618 Y95.656 Z18.733 E804.03996
G1 X104.366 Y95.346 Z18.735 E804.10055
G1 X105.146 Y95.069 Z18.737 E804.16249
G1 X105.937 Y94.835 Z18.74 E804.22422
G1 X106.739 Y94.643 Z18.743 E804.28594
G1 X107.552 Y94.492 Z18.745 E804.34782
G1 X108.351 Y94.387 Z18.747 E804.40813
G1 X109.176 Y94.322 Z18.75 E804.47006
G1 X110 Y94.3 Z18.753 E804.53175
G1 X110.824 Y94.322 Z18.755 E804.59343
G1 X111.649 Y94.387 Z18.758 E804.65536
G1 X112.448 Y94.492 Z18.76 E804.71567
G1 X113.261 Y94.643 Z18.762 E804.77755
G1 X114.063 Y94.835 Z18.765 E804.83927
G1 X114.854 Y95.069 Z18.768 E804.901
G1 X115.634 Y95.346 Z18.77 E804.96294
G1 X116.382 Y95.656 Z18.772 E805.02353
G1 X117.126 Y96.011 Z18.775 E805.08523
G1 X117.849 Y96.403 Z18.778 E805.14677
G1 X118.557 Y96.837 Z18.78 E805.20892
G1 X119.222 Y97.294 Z18.782 E805.2693
G1 X119.886 Y97.804 Z18.785 E805.33196
G1 X120.511 Y98.338 Z18.788 E805.39348
G1 X121.102 Y98.898 Z18.79 E805.45441
G1 X121.662 Y99.489 Z18.792 E805.51534
G1 X122.196 Y100.114 Z18.795 E805.57686
G1 X122.706 Y100.778 Z18.798 E805.63951
G1 X123.163 Y101.443 Z18.8 E805.6999
G1 X123.6 Y102.157 Z18.803 E805.76254
G1 X123.992 Y102.879 Z18.805 E805.82403
G1 X124.346 Y103.621 Z18.808 E805.88555
G1 X124.654 Y104.366 Z18.81 E805.94588
G1 X124.929 Y105.141 Z18.812 E806.00742
G1 X125.163 Y105.929 Z18.815 E806.06893
G1 X125.358 Y106.743 Z18.818 E806.13157
G1 X125.508 Y107.552 Z18.82 E806.19315
G1 X125.613 Y108.351 Z18.822 E806.25346
G1 X125.678 Y109.171 Z18.825 E806.31501
G1 X125.7 Y109.992 Z18.827 E806.37648
G1 X125.678 Y110.824 Z18.83 E806.43876
G1 X125.613 Y111.649 Z18.833 E806.50069
G1 X125.508 Y112.448 Z18.835 E806.561
G1 X125.358 Y113.257 Z18.837 E806.62257
G1 X125.167 Y114.056 Z18.84 E806.68405
G1 X124.931 Y114.854 Z18.843 E806.74633
G1 X124.655 Y115.631 Z18.845 E806.80803
G1 X124.346 Y116.379 Z18.847 E806.8686
G1 X123.992 Y117.121 Z18.85 E806.93012
G1 X123.6 Y117.843 Z18.852 E806.99161
G1 X123.163 Y118.557 Z18.855 E807.05425
G1 X122.706 Y119.222 Z18.857 E807.11464
G1 X122.198 Y119.883 Z18.86 E807.17702
G1 X121.666 Y120.506 Z18.863 E807.23833
G1 X121.102 Y121.102 Z18.865 E807.29974
G1 X120.511 Y121.662 Z18.867 E807.36067
G1 X119.886 Y122.196 Z18.87 E807.42219
G1 X119.223 Y122.705 Z18.873 E807.48474
G1 X118.557 Y123.163 Z18.875 E807.54523
G1 X117.849 Y123.597 Z18.878 E807.60737
G1 X117.126 Y123.989 Z18.88 E807.66892
G1 X116.382 Y124.344 Z18.883 E807.73061
G1 X115.634 Y124.654 Z18.885 E807.79121
G1 X114.854 Y124.931 Z18.887 E807.85315
G1 X114.063 Y125.165 Z18.89 E807.91488
G1 X113.261 Y125.357 Z18.893 E807.97659
G1 X112.448 Y125.508 Z18.895 E808.03848
G1 X111.649 Y125.613 Z18.897 E808.09878
G1 X110.824 Y125.678 Z18.9 E808.16071
;TIME_ELAPSED:439.670196
;LAYER:62
;TYPE:WALL-OUTER
;MESH:flow_cal_cylinder_32x30.stl
G1 X110 Y125.7 Z18.903 E808.2224
G1 X109.176 Y125.678 Z18.905 E808.28409
G1 X108.351 Y125.613 Z18.908 E808.34602
G1 X107.552 Y125.508 Z18.91 E808.40633
G1 X106.739 Y125.357 Z18.912 E808.46821
G1 X105.937 Y125.165 Z18.915 E808.52992
G1 X105.146 Y124.931 Z18.918 E808.59165
G1 X104.366 Y124.654 Z18.92 E808.6536
G1 X103.618 Y124.344 Z18.922 E808.71419
G1 X102.874 Y123.989 Z18.925 E808.77588
G1 X102.151 Y123.597 Z18.928 E808.83743
G1 X101.443 Y123.163 Z18.93 E808.89957
G1 X100.777 Y122.705 Z18.932 E808.96006
G1 X100.114 Y122.196 Z18.935 E809.02261
G1 X99.489 Y121.662 Z18.938 E809.08413
G1 X98.898 Y121.102 Z18.94 E809.14506
G1 X98.334 Y120.506 Z18.943 E809.20647
G1 X97.802 Y119.883 Z18.945 E809.26778
G1 X97.294 Y119.222 Z18.948 E809.33017
G1 X96.837 Y118.557 Z18.95 E809.39055
G1 X96.4 Y117.843 Z18.953 E809.4532
G1 X96.008 Y117.121 Z18.955 E809.51468
G1 X95.654 Y116.379 Z18.958 E809.5762
G1 X95.345 Y115.631 Z18.96 E809.63677
G1 X95.069 Y114.854 Z18.962 E809.69847
G1 X94.833 Y114.056 Z18.965 E809.76075
G1 X94.642 Y113.257 Z18.968 E809.82223
G1 X94.492 Y112.448 Z18.97 E809.8838
G1 X94.387 Y111.649 Z18.972 E809.94411
G1 X94.322 Y110.824 Z18.975 E810.00604
G1 X94.3 Y110.008 Z18.977 E810.06713
G1 X94.322 Y109.171 Z18.98 E810.12979
G1 X94.387 Y108.351 Z18.983 E810.19134
G1 X94.492 Y107.552 Z18.985 E810.25165
G1 X94.642 Y106.743 Z18.987 E810.31323
G1 X94.833 Y105.944 Z18.99 E810.3747
G1 X95.071 Y105.141 Z18.993 E810.43738
G1 X95.346 Y104.366 Z18.995 E810.49892
G1 X95.654 Y103.621 Z18.997 E810.55925
G1 X96.008 Y102.879 Z19 E810.62078
G1 X96.4 Y102.157 Z19.002 E810.68226
G1 X96.837 Y101.443 Z19.005 E810.7449
G1 X97.294 Y100.778 Z19.007 E810.80529
G1 X97.804 Y100.114 Z19.01 E810.86794
G1 X98.338 Y99.489 Z19.013 E810.92946
G1 X98.898 Y98.898 Z19.015 E810.99039
G1 X99.489 Y98.338 Z19.017 E811.05132
G1 X100.114 Y97.804 Z19.02 E811.11284
G1 X100.778 Y97.294 Z19.023 E811.1755
G1 X101.443 Y96.837 Z19.025 E811.23588
G1 X102.151 Y96.403 Z19.028 E811.29803
G1 X102.874 Y96.011 Z19.03 E811.35958
G1 X103.618 Y95.656 Z19.033 E811.42127
G1 X104.366 Y95.346 Z19.035 E811.48186
G1 X105.146 Y95.069 Z19.037 E811.5438
G1 X105.937 Y94.835 Z19.04 E811.60553
G1 X106.739 Y94.643 Z19.043 E811.66725
G1 X107.552 Y94.492 Z19.045 E811.72913
G1 X108.351 Y94.387 Z19.047 E811.78944
G1 X109.176 Y94.322 Z19.05 E811.85137
G1 X110 Y94.3 Z19.053 E811.91306
G1 X110.824 Y94.322 Z19.055 E811.97474
G1 X111.649 Y94.387 Z19.058 E812.03667
G1 X112.448 Y94.492 Z19.06 E812.09698
G1 X113.261 Y94.643 Z19.062 E812.15886
G1 X114.063 Y94.835 Z19.065 E812.22058
G1 X114.854 Y95.069 Z19.068 E812.28231
G1 X115.634 Y95.346 Z19.07 E812.34425
G1 X116.382 Y95.656 Z19.072 E812.40485
G1 X117.126 Y96.011 Z19.075 E812.46654
G1 X117.849 Y96.403 Z19.078 E812.52808
G1 X118.557 Y96.837 Z19.08 E812.59023
G1 X119.222 Y97.294 Z19.082 E812.65061
G1 X119.886 Y97.804 Z19.085 E812.71327
G1 X120.511 Y98.338 Z19.088 E812.77479
G1 X121.102 Y98.898 Z19.09 E812.83572
G1 X121.662 Y99.489 Z19.092 E812.89665
G1 X122.196 Y100.114 Z19.095 E812.95817
G1 X122.706 Y100.778 Z19.098 E813.02082
G1 X123.163 Y101.443 Z19.1 E813.08121
G1 X123.6 Y102.157 Z19.103 E813.14385
G1 X123.992 Y102.879 Z19.105 E813.20534
G1 X124.346 Y103.621 Z19.108 E813.26686
G1 X124.654 Y104.366 Z19.11 E813.32719
G1 X124.929 Y105.141 Z19.112 E813.38873
G1 X125.163 Y105.929 Z19.115 E813.45025
G1 X125.358 Y106.743 Z19.118 E813.51289
G1 X125.508 Y107.552 Z19.12 E813.57446
G1 X125.613 Y108.351 Z19.122 E813.63477
G1 X125.678 Y109.171 Z19.125 E813.69632
G1 X125.7 Y109.992 Z19.127 E813.75779
G1 X125.678 Y110.824 Z19.13 E813.82007
G1 X125.613 Y111.649 Z19.133 E813.882
G1 X125.508 Y112.448 Z19.135 E813.94231
G1 X125.358 Y113.257 Z19.137 E814.00388
G1 X125.167 Y114.056 Z19.14 E814.06536
G1 X124.931 Y114.854 Z19.143 E814.12764
G1 X124.655 Y115.631 Z19.145 E814.18935
G1 X124.346 Y116.379 Z19.147 E814.24991
G1 X123.992 Y117.121 Z19.15 E814.31143
G1 X123.6 Y117.843 Z19.152 E814.37292
G1 X123.163 Y118.557 Z19.155 E814.43556
G1 X122.706 Y119.222 Z19.157 E814.49595
G1 X122.198 Y119.883 Z19.16 E814.55833
G1 X121.666 Y120.506 Z19.163 E814.61964
G1 X121.102 Y121.102 Z19.165 E814.68105
G1 X120.511 Y121.662 Z19.167 E814.74198
G1 X119.886 Y122.196 Z19.17 E814.8035
G1 X119.223 Y122.705 Z19.173 E814.86605
G1 X118.557 Y123.163 Z19.175 E814.92654
G1 X117.849 Y123.597 Z19.178 E814.98868
G1 X117.126 Y123.989 Z19.18 E815.05023
G1 X116.382 Y124.344 Z19.183 E815.11192
G1 X115.634 Y124.654 Z19.185 E815.17252
G1 X114.854 Y124.931 Z19.187 E815.23446
G1 X114.063 Y125.165 Z19.19 E815.29619
G1 X113.261 Y125.357 Z19.193 E815.3579
G1 X112.448 Y125.508 Z19.195 E815.41979
G1 X111.649 Y125.613 Z19.197 E815.48009
G1 X110.824 Y125.678 Z19.2 E815.54202
;TIME_ELAPSED:443.008731
;LAYER:63
;TYPE:WALL-OUTER
;MESH:flow_cal_cylinder_32x30.stl
G1 X110 Y125.7 Z19.203 E815.60371
G1 X109.176 Y125.678 Z19.205 E815.6654
G1 X108.351 Y125.613 Z19.208 E815.72733
G1 X107.552 Y125.508 Z19.21 E815.78764
G1 X106.739 Y125.357 Z19.212 E815.84952
G1 X105.937 Y125.165 Z19.215 E815.91123
G1 X105.146 Y124.931 Z19.218 E815.97296
G1 X104.366 Y124.654 Z19.22 E816.03491
G1 X103.618 Y124.344 Z19.222 E816.0955
G1 X102.874 Y123.989 Z19.225 E816.15719
G1 X102.151 Y123.597 Z19.228 E816.21874
G1 X101.443 Y123.163 Z19.23 E816.28088
G1 X100.777 Y122.705 Z19.232 E816.34137
G1 X100.114 Y122.196 Z19.235 E816.40392
G1 X99.489 Y121.662 Z19.238 E816.46544
G1 X98.898 Y121.102 Z19.24 E816.52637
G1 X98.334 Y120.506 Z19.243 E816.58778
G1 X97.802 Y119.883 Z19.245 E816.64909
G1 X97.294 Y119.222 Z19.248 E816.71148
G1 X96.837 Y118.557 Z19.25 E816.77186
G1 X96.4 Y117.843 Z19.253 E816.83451
G1 X96.008 Y117.121 Z19.255 E816.89599
G1 X95.654 Y116.379 Z19.258 E816.95751
G1 X95.345 Y115.631 Z19.26 E817.01808
G1 X95.069 Y114.854 Z19.262 E817.07978
G1 X94.833 Y114.056 Z19.265 E817.14206
G1 X94.642 Y113.257 Z19.268 E817.20354
G1 X94.492 Y112.448 Z19.27 E817.26511
G1 X94.387 Y111.649 Z19.272 E817.32542
G1 X94.322 Y110.824 Z19.275 E817.38735
G1 X94.3 Y110.008 Z19.277 E817.44844
G1 X94.322 Y109.171 Z19.28 E817.5111
G1 X94.387 Y108.351 Z19.283 E817.57266
G1 X94.492 Y107.552 Z19.285 E817.63296
G1 X94.642 Y106.743 Z19.287 E817.69454
G1 X94.833 Y105.944 Z19.29 E817.75602
G1 X95.071 Y105.141 Z19.293 E817.81869
G1 X95.346 Y104.366 Z19.295 E817.88023
G1 X95.654 Y103.621 Z19.297 E817.94056
G1 X96.008 Y102.879 Z19.3 E818.00209
G1 X96.4 Y102.157 Z19.302 E818.06357
G1 X96.837 Y101.443 Z19.305 E818.12621
G1 X97.294 Y100.778 Z19.307 E818.1866
G1 X97.804 Y100.114 Z19.31 E818.24925
G1 X98.338 Y99.489 Z19.313 E818.31077
G1 X98.898 Y98.898 Z19.315 E818.3717
G1 X99.489 Y98.338 Z19.317 E818.43263
G1 X100.114 Y97.804 Z19.32 E818.49415
G1 X100.778 Y97.294 Z19.323 E818.55681
G1 X101.443 Y96.837 Z19.325 E818.61719
G1 X102.151 Y96.403 Z19.328 E818.67934
G1 X102.874 Y96.011 Z19.33 E818.74089
G1 X103.618 Y95.656 Z19.333 E818.80258
G1 X104.366 Y95.346 Z19.335 E818.86317
G1 X105.146 Y95.069 Z19.337 E818.92511
G1 X105.937 Y94.835 Z19.34 E818.98685
G1 X106.739 Y94.643 Z19.343 E819.04856
G1 X107.552 Y94.492 Z19.345 E819.11044
G1 X108.351 Y94.387 Z19.347 E819.17075
G1 X109.176 Y94.322 Z19.35 E819.23268
G1 X110 Y94.3 Z19.353 E819.29437
G1 X110.824 Y94.322 Z19.355 E819.35605
G1 X111.649 Y94.387 Z19.358 E819.41798
G1 X112.448 Y94.492 Z19.36 E819.47829
G1 X113.261 Y94.643 Z19.362 E819.54017
G1 X114.063 Y94.835 Z19.365 E819.60189
G1 X114.854 Y95.069 Z19.368 E819.66362
G1 X115.634 Y95.346 Z19.37 E819.72556
G1 X116.382 Y95.656 Z19.372 E819.78616
G1 X117.126 Y96.011 Z19.375 E819.84785
G1 X117.849 Y96.403 Z19.378 E819.90939
G1 X118.557 Y96.837 Z19.38 E819.97154
G1 X119.222 Y97.294 Z19.382 E820.03192
G1 X119.886 Y97.804 Z19.385 E820.09458
G1 X120.511 Y98.338 Z19.388 E820.1561
G1 X121.102 Y98.898 Z19.39 E820.21703
G1 X121.662 Y99.489 Z19.392 E820.27796
G1 X122.196 Y100.114 Z19.395 E820.33948
G1 X122.706 Y100.778 Z19.398 E820.40214
G1 X123.163 Y101.443 Z19.4 E820.46252
G1 X123.6 Y102.157 Z19.403 E820.52517
G1 X123.992 Y102.879 Z19.405 E820.58665
G1 X124.346 Y103.621 Z19.408 E820.64817
G1 X124.654 Y104.366 Z19.41 E820.7085
G1 X124.929 Y105.141 Z19.412 E820.77004
G1 X125.163 Y105.929 Z19.415 E820.83156
G1 X125.358 Y106.743 Z19.418 E820.8942
G1 X125.508 Y107.552 Z19.42 E820.95577
G1 X125.613 Y108.351 Z19.422 E821.01608
G1 X125.678 Y109.171 Z19.425 E821.07764
G1 X125.7 Y109.992 Z19.427 E821.1391
G1 X125.678 Y110.824 Z19.43 E821.20138
G1 X125.613 Y111.649 Z19.433 E821.26331
G1 X125.508 Y112.448 Z19.435 E821.32362
G1 X125.358 Y113.257 Z19.437 E821.38519
G1 X125.167 Y114.056 Z19.44 E821.44667
G1 X124.931 Y114.854 Z19.443 E821.50895
G1 X124.655 Y115.631 Z19.445 E821.57066
G1 X124.346 Y116.379 Z19.447 E821.63122
G1 X123.992 Y117.121 Z19.45 E821.69275
G1 X123.6 Y117.843 Z19.452 E821.75423
G1 X123.163 Y118.557 Z19.455 E821.81687
G1 X122.706 Y119.222 Z19.457 E821.87726
G1 X122.198 Y119.883 Z19.46 E821.93964
G1 X121.666 Y120.506 Z19.463 E822.00095
G1 X121.102 Y121.102 Z19.465 E822.06236
G1 X120.511 Y121.662 Z19.467 E822.12329
G1 X119.886 Y122.196 Z19.47 E822.18481
G1 X119.223 Y122.705 Z19.473 E822.24736
G1 X118.557 Y123.163 Z19.475 E822.30785
G1 X117.849 Y123.597 Z19.478 E822.36999
G1 X117.126 Y123.989 Z19.48 E822.43154
G1 X116.382 Y124.344 Z19.483 E822.49323
G1 X115.634 Y124.654 Z19.485 E822.55383
G1 X114.854 Y124.931 Z19.487 E822.61577
G1 X114.063 Y125.165 Z19.49 E822.6775
G1 X113.261 Y125.357 Z19.493 E822.73921
G1 X112.448 Y125.508 Z19.495 E822.8011
G1 X111.649 Y125.613 Z19.497 E822.8614
G1 X110.824 Y125.678 Z19.5 E822.92334
;TIME_ELAPSED:446.347267
;LAYER:64
;TYPE:WALL-OUTER
;MESH:flow_cal_cylinder_32x30.stl
G1 X110 Y125.7 Z19.503 E822.98502
G1 X109.176 Y125.678 Z19.505 E823.04671
G1 X108.351 Y125.613 Z19.508 E823.10864
G1 X107.552 Y125.508 Z19.51 E823.16895
G1 X106.739 Y125.357 Z19.512 E823.23083
G1 X105.937 Y125.165 Z19.515 E823.29254
G1 X105.146 Y124.931 Z19.518 E823.35427
G1 X104.366 Y124.654 Z19.52 E823.41622
G1 X103.618 Y124.344 Z19.522 E823.47681
G1 X102.874 Y123.989 Z19.525 E823.5385
G1 X102.151 Y123.597 Z19.528 E823.60005
G1 X101.443 Y123.163 Z19.53 E823.6622
G1 X100.777 Y122.705 Z19.532 E823.72268
G1 X100.114 Y122.196 Z19.535 E823.78524
G1 X99.489 Y121.662 Z19.538 E823.84675
G1 X98.898 Y121.102 Z19.54 E823.90768
G1 X98.334 Y120.506 Z19.543 E823.96909
G1 X97.802 Y119.883 Z19.545 E824.0304
G1 X97.294 Y119.222 Z19.548 E824.09279
G1 X96.837 Y118.557 Z19.55 E824.15317
G1 X96.4 Y117.843 Z19.553 E824.21582
G1 X96.008 Y117.121 Z19.555 E824.2773
G1 X95.654 Y116.379 Z19.558 E824.33882
G1 X95.345 Y115.631 Z19.56 E824.39939
G1 X95.069 Y114.854 Z19.562 E824.46109
G1 X94.833 Y114.056 Z19.565 E824.52337
G1 X94.642 Y113.257 Z19.568 E824.58485
G1 X94.492 Y112.448 Z19.57 E824.64642
G1 X94.387 Y111.649 Z19.572 E824.70673
G1 X94.322 Y110.824 Z19.575 E824.76866
G1 X94.3 Y110.008 Z19.577 E824.82975
G1 X94.322 Y109.171 Z19.58 E824.89241
G1 X94.387 Y108.351 Z19.583 E824.95397
G1 X94.492 Y107.552 Z19.585 E825.01427
G1 X94.642 Y106.743 Z19.587 E825.07585
G1 X94.833 Y105.944 Z19.59 E825.13733
G1 X95.071 Y105.141 Z19.593 E825.2
G1 X95.346 Y104.366 Z19.595 E825.26154
G1 X95.654 Y103.621 Z19.597 E825.32187
G1 X96.008 Y102.879 Z19.6 E825.3834
G1 X96.4 Y102.157 Z19.602 E825.44488
G1 X96.837 Y101.443 Z19.605 E825.50752
G1 X97.294 Y100.778 Z19.607 E825.56791
G1 X97.804 Y100.114 Z19.61 E825.63057
G1 X98.338 Y99.489 Z19.613 E825.69208
G1 X98.898 Y98.898 Z19.615 E825.75301
G1 X99.489 Y98.338 Z19.617 E825.81394
G1 X100.114 Y97.804 Z19.62 E825.87546
G1 X100.778 Y97.294 Z19.623 E825.93812
G1 X101.443 Y96.837 Z19.625 E825.9985
G1 X102.151 Y96.403 Z19.628 E826.06065
G1 X102.874 Y96.011 Z19.63 E826.1222
G1 X103.618 Y95.656 Z19.633 E826.18389
G1 X104.366 Y95.346 Z19.635 E826.24448
G1 X105.146 Y95.069 Z19.637 E826.30642
G1 X105.937 Y94.835 Z19.64 E826.36816
G1 X106.739 Y94.643 Z19.643 E826.42987
G1 X107.552 Y94.492 Z19.645 E826.49175
G1 X108.351 Y94.387 Z19.647 E826.55206
G1 X109.176 Y94.322 Z19.65 E826.61399
G1 X110 Y94.3 Z19.653 E826.67568
G1 X110.824 Y94.322 Z19.655 E826.73736
G1 X111.649 Y94.387 Z19.658 E826.79929
G1 X112.448 Y94.492 Z19.66 E826.8596
G1 X113.261 Y94.643 Z19.662 E826.92148
G1 X114.063 Y94.835 Z19.665 E826.9832
G1 X114.854 Y95.069 Z19.668 E827.04493
G1 X115.634 Y95.346 Z19.67 E827.10687
G1 X116.382 Y95.656 Z19.672 E827.16747
G1 X117.126 Y96.011 Z19.675 E827.22916
G1 X117.849 Y96.403 Z19.678 E827.2907
G1 X118.557 Y96.837 Z19.68 E827.35285
G1 X119.222 Y97.294 Z19.682 E827.41324
G1 X119.886 Y97.804 Z19.685 E827.47589
G1 X120.511 Y98.338 Z19.688 E827.53741
G1 X121.102 Y98.898 Z19.69 E827.59834
G1 X121.662 Y99.489 Z19.692 E827.65927
G1 X122.196 Y100.114 Z19.695 E827.72079
G1 X122.706 Y100.778 Z19.698 E827.78345
G1 X123.163 Y101.443 Z19.7 E827.84383
G1 X123.6 Y102.157 Z19.703 E827.90648
G1 X123.992 Y102.879 Z19.705 E827.96796
G1 X124.346 Y103.621 Z19.708 E828.02948
G1 X124.654 Y104.366 Z19.71 E828.08981
G1 X124.929 Y105.141 Z19.712 E828.15135
G1 X125.163 Y105.929 Z19.715 E828.21287
G1 X125.358 Y106.743 Z19.718 E828.27551
G1 X125.508 Y107.552 Z19.72 E828.33708
G1 X125.613 Y108.351 Z19.722 E828.39739
G1 X125.678 Y109.171 Z19.725 E828.45895
G1 X125.7 Y109.992 Z19.727 E828.52041
G1 X125.678 Y110.824 Z19.73 E828.58269
G1 X125.613 Y111.649 Z19.733 E828.64462
G1 X125.508 Y112.448 Z19.735 E828.70493
G1 X125.358 Y113.257 Z19.737 E828.76651
G1 X125.167 Y114.056 Z19.74 E828.82798
G1 X124.931 Y114.854 Z19.743 E828.89026
G1 X124.655 Y115.631 Z19.745 E828.95197
G1 X124.346 Y116.379 Z19.747 E829.01253
G1 X123.992 Y117.121 Z19.75 E829.07406
G1 X123.6 Y117.843 Z19.752 E829.13554
G1 X123.163 Y118.557 Z19.755 E829.19818
G1 X122.706 Y119.222 Z19.757 E829.25857
G1 X122.198 Y119.883 Z19.76 E829.32095
G1 X121.666 Y120.506 Z19.763 E829.38226
G1 X121.102 Y121.102 Z19.765 E829.44367
G1 X120.511 Y121.662 Z19.767 E829.5046
G1 X119.886 Y122.196 Z19.77 E829.56612
G1 X119.223 Y122.705 Z19.773 E829.62867
G1 X118.557 Y123.163 Z19.775 E829.68916
G1 X117.849 Y123.597 Z19.778 E829.7513
G1 X117.126 Y123.989 Z19.78 E829.81285
G1 X116.382 Y124.344 Z19.783 E829.87454
G1 X115.634 Y124.654 Z19.785 E829.93514
G1 X114.854 Y124.931 Z19.787 E829.99708
G1 X114.063 Y125.165 Z19.79 E830.05881
G1 X113.261 Y125.357 Z19.793 E830.12053
G1 X112.448 Y125.508 Z19.795 E830.18241
G1 X111.649 Y125.613 Z19.797 E830.24272
G1 X110.824 Y125.678 Z19.8 E830.30465
;TIME_ELAPSED:449.685803
;LAYER:65
;TYPE:WALL-OUTER
;MESH:flow_cal_cylinder_32x30.stl
G1 X110 Y125.7 Z19.803 E830.36633
G1 X109.176 Y125.678 Z19.805 E830.42802
G1 X108.351 Y125.613 Z19.808 E830.48995
G1 X107.552 Y125.508 Z19.81 E830.55026
G1 X106.739 Y125.357 Z19.812 E830.61214
G1 X105.937 Y125.165 Z19.815 E830.67385
G1 X105.146 Y124.931 Z19.818 E830.73558
G1 X104.366 Y124.654 Z19.82 E830.79753
G1 X103.618 Y124.344 Z19.822 E830.85812
G1 X102.874 Y123.989 Z19.825 E830.91981
G1 X102.151 Y123.597 Z19.828 E830.98136
G1 X101.443 Y123.163 Z19.83 E831.04351
G1 X100.777 Y122.705 Z19.832 E831.10399
G1 X100.114 Y122.196 Z19.835 E831.16655
G1 X99.489 Y121.662 Z19.838 E831.22807
G1 X98.898 Y121.102 Z19.84 E831.28899
G1 X98.334 Y120.506 Z19.843 E831.3504
G1 X97.802 Y119.883 Z19.845 E831.41171
G1 X97.294 Y119.222 Z19.848 E831.4741
G1 X96.837 Y118.557 Z19.85 E831.53448
G1 X96.4 Y117.843 Z19.853 E831.59713
G1 X96.008 Y117.121 Z19.855 E831.65861
G1 X95.654 Y116.379 Z19.858 E831.72013
G1 X95.345 Y115.631 Z19.86 E831.7807
G1 X95.069 Y114.854 Z19.862 E831.84241
G1 X94.833 Y114.056 Z19.865 E831.90468
G1 X94.642 Y113.257 Z19.868 E831.96616
G1 X94.492 Y112.448 Z19.87 E832.02773
G1 X94.387 Y111.649 Z19.872 E832.08804
G1 X94.322 Y110.824 Z19.875 E832.14997
G1 X94.3 Y110.008 Z19.877 E832.21106
G1 X94.322 Y109.171 Z19.88 E832.27372
G1 X94.387 Y108.351 Z19.883 E832.33528
G1 X94.492 Y107.552 Z19.885 E832.39558
G1 X94.642 Y106.743 Z19.887 E832.45716
G1 X94.833 Y105.944 Z19.89 E832.51864
G1 X95.071 Y105.141 Z19.893 E832.58131
G1 X95.346 Y104.366 Z19.895 E832.64285
G1 X95.654 Y103.621 Z19.897 E832.70318
G1 X96.008 Y102.879 Z19.9 E832.76471
G1 X96.4 Y102.157 Z19.902 E832.82619
G1 X96.837 Y101.443 Z19.905 E832.88884
G1 X97.294 Y100.778 Z19.907 E832.94922
G1 X97.804 Y100.114 Z19.91 E833.01188
G1 X98.338 Y99.489 Z19.913 E833.0734
G1 X98.898 Y98.898 Z19.915 E833.13432
G1 X99.489 Y98.338 Z19.917 E833.19525
G1 X100.114 Y97.804 Z19.92 E833.25677
G1 X100.778 Y97.294 Z19.923 E833.31943
G1 X101.443 Y96.837 Z19.925 E833.37981
G1 X102.151 Y96.403 Z19.928 E833.44196
G1 X102.874 Y96.011 Z19.93 E833.50351
G1 X103.618 Y95.656 Z19.933 E833.5652
G1 X104.366 Y95.346 Z19.935 E833.62579
G1 X105.146 Y95.069 Z19.937 E833.68774
G1 X105.937 Y94.835 Z19.94 E833.74947
G1 X106.739 Y94.643 Z19.943 E833.81118
G1 X107.552 Y94.492 Z19.945 E833.87306
G1 X108.351 Y94.387 Z19.947 E833.93337
G1 X109.176 Y94.322 Z19.95 E833.9953
G1 X110 Y94.3 Z19.953 E834.05699
G1 X110.824 Y94.322 Z19.955 E834.11867
G1 X111.649 Y94.387 Z19.958 E834.18061
G1 X112.448 Y94.492 Z19.96 E834.24091
G1 X113.261 Y94.643 Z19.962 E834.30279
G1 X114.063 Y94.835 Z19.965 E834.36451
G1 X114.854 Y95.069 Z19.968 E834.42624
G1 X115.634 Y95.346 Z19.97 E834.48818
G1 X116.382 Y95.656 Z19.972 E834.54878
G1 X117.126 Y96.011 Z19.975 E834.61047
G1 X117.849 Y96.403 Z19.978 E834.67202
G1 X118.557 Y96.837 Z19.98 E834.73416
G1 X119.222 Y97.294 Z19.982 E834.79455
G1 X119.886 Y97.804 Z19.985 E834.8572
G1 X120.511 Y98.338 Z19.988 E834.91872
G1 X121.102 Y98.898 Z19.99 E834.97965
G1 X121.662 Y99.489 Z19.992 E835.04058
G1 X122.196 Y100.114 Z19.995 E835.1021
G1 X122.706 Y100.778 Z19.998 E835.16476
G1 X123.163 Y101.443 Z20 E835.22514
G1 X123.6 Y102.157 Z20.003 E835.28779
G1 X123.992 Y102.879 Z20.005 E835.34927
G1 X124.346 Y103.621 Z20.008 E835.41079
G1 X124.654 Y104.366 Z20.01 E835.47112
G1 X124.929 Y105.141 Z20.012 E835.53266
G1 X125.163 Y105.929 Z20.015 E835.59418
G1 X125.358 Y106.743 Z20.018 E835.65682
G1 X125.508 Y107.552 Z20.02 E835.71839
G1 X125.613 Y108.351 Z20.022 E835.7787
G1 X125.678 Y109.171 Z20.025 E835.84026
G1 X125.7 Y109.992 Z20.027 E835.90172
G1 X125.678 Y110.824 Z20.03 E835.964
G1 X125.613 Y111.649 Z20.033 E836.02593
G1 X125.508 Y112.448 Z20.035 E836.08624
G1 X125.358 Y113.257 Z20.037 E836.14782
G1 X125.167 Y114.056 Z20.04 E836.20929
G1 X124.931 Y114.854 Z20.043 E836.27157
G1 X124.655 Y115.631 Z20.045 E836.33328
G1 X124.346 Y116.379 Z20.047 E836.39384
G1 X123.992 Y117.121 Z20.05 E836.45537
G1 X123.6 Y117.843 Z20.052 E836.51685
G1 X123.163 Y118.557 Z20.055 E836.57949
G1 X122.706 Y119.222 Z20.057 E836.63988
G1 X122.198 Y119.883 Z20.06 E836.70227
G1 X121.666 Y120.506 Z20.063 E836.76357
G1 X121.102 Y121.102 Z20.065 E836.82498
G1 X120.511 Y121.662 Z20.067 E836.88591
G1 X119.886 Y122.196 Z20.07 E836.94743
G1 X119.223 Y122.705 Z20.073 E837.00998
G1 X118.557 Y123.163 Z20.075 E837.07047
G1 X117.849 Y123.597 Z20.078 E837.13262
G1 X117.126 Y123.989 Z20.08 E837.19416
G1 X116.382 Y124.344 Z20.083 E837.25585
G1 X115.634 Y124.654 Z20.085 E837.31645
G1 X114.854 Y124.931 Z20.087 E837.37839
G1 X114.063 Y125.165 Z20.09 E837.44012
G1 X113.261 Y125.357 Z20.093 E837.50184
G1 X112.448 Y125.508 Z20.095 E837.56372
G1 X111.649 Y125.613 Z20.097 E837.62403
G1 X110.824 Y125.678 Z20.1 E837.68596
;TIME_ELAPSED:453.024339
;LAYER:66
;TYPE:WALL-OUTER
;MESH:flow_cal_cylinder_32x30.stl
G1 X110 Y125.7 Z20.103 E837.74764
G1 X109.176 Y125.678 Z20.105 E837.80933
G1 X108.351 Y125.613 Z20.108 E837.87126
G1 X107.552 Y125.508 Z20.11 E837.93157
G1 X106.739 Y125.357 Z20.112 E837.99345
G1 X105.937 Y125.165 Z20.115 E838.05516
G1 X105.146 Y124.931 Z20.118 E838.1169
G1 X104.366 Y124.654 Z20.12 E838.17884
G1 X103.618 Y124.344 Z20.122 E838.23943
G1 X102.874 Y123.989 Z20.125 E838.30112
G1 X102.151 Y123.597 Z20.128 E838.36267
G1 X101.443 Y123.163 Z20.13 E838.42482
G1 X100.777 Y122.705 Z20.132 E838.48531
G1 X100.114 Y122.196 Z20.135 E838.54786
G1 X99.489 Y121.662 Z20.138 E838.60938
G1 X98.898 Y121.102 Z20.14 E838.67031
G1 X98.334 Y120.506 Z20.143 E838.73171
G1 X97.802 Y119.883 Z20.145 E838.79302
G1 X97.294 Y119.222 Z20.148 E838.85541
G1 X96.837 Y118.557 Z20.15 E838.91579
G1 X96.4 Y117.843 Z20.153 E838.97844
G1 X96.008 Y117.121 Z20.155 E839.03992
G1 X95.654 Y116.379 Z20.158 E839.10144
G1 X95.345 Y115.631 Z20.16 E839.16201
G1 X95.069 Y114.854 Z20.162 E839.22372
G1 X94.833 Y114.056 Z20.165 E839.28599
G1 X94.642 Y113.257 Z20.168 E839.34747
G1 X94.492 Y112.448 Z20.17 E839.40904
G1 X94.387 Y111.649 Z20.172 E839.46935
G1 X94.322 Y110.824 Z20.175 E839.53128
G1 X94.3 Y110.008 Z20.177 E839.59237
G1 X94.322 Y109.171 Z20.18 E839.65503
G1 X94.387 Y108.351 Z20.183 E839.71659
G1 X94.492 Y107.552 Z20.185 E839.7769
G1 X94.642 Y106.743 Z20.187 E839.83847
G1 X94.833 Y105.944 Z20.19 E839.89995
G1 X95.071 Y105.141 Z20.193 E839.96262
G1 X95.346 Y104.366 Z20.195 E840.02417
G1 X95.654 Y103.621 Z20.197 E840.08449
G1 X96.008 Y102.879 Z20.2 E840.14602
G1 X96.4 Y102.157 Z20.202 E840.2075
G1 X96.837 Y101.443 Z20.205 E840.27015
G1 X97.294 Y100.778 Z20.207 E840.33053
G1 X97.804 Y100.114 Z20.21 E840.39319
G1 X98.338 Y99.489 Z20.213 E840.45471
G1 X98.898 Y98.898 Z20.215 E840.51564
G1 X99.489 Y98.338 Z20.217 E840.57656
G1 X100.114 Y97.804 Z20.22 E840.63808
G1 X100.778 Y97.294 Z20.223 E840.70074
G1 X101.443 Y96.837 Z20.225 E840.76112
G1 X102.151 Y96.403 Z20.228 E840.82327
G1 X102.874 Y96.011 Z20.23 E840.88482
G1 X103.618 Y95.656 Z20.233 E840.94651
G1 X104.366 Y95.346 Z20.235 E841.0071
G1 X105.146 Y95.069 Z20.237 E841.06905
G1 X105.937 Y94.835 Z20.24 E841.13078
G1 X106.739 Y94.643 Z20.243 E841.19249
G1 X107.552 Y94.492 Z20.245 E841.25437
G1 X108.351 Y94.387 Z20.247 E841.31468
G1 X109.176 Y94.322 Z20.25 E841.37661
G1 X110 Y94.3 Z20.253 E841.4383
G1 X110.824 Y94.322 Z20.255 E841.49998
G1 X111.649 Y94.387 Z20.258 E841.56192
G1 X112.448 Y94.492 Z20.26 E841.62222
G1 X113.261 Y94.643 Z20.262 E841.68411
G1 X114.063 Y94.835 Z20.265 E841.74582
G1 X114.854 Y95.069 Z20.268 E841.80755
G1 X115.634 Y95.346 Z20.27 E841.86949
G1 X116.382 Y95.656 Z20.272 E841.93009
G1 X117.126 Y96.011 Z20.275 E841.99178
G1 X117.849 Y96.403 Z20.278 E842.05333
G1 X118.557 Y96.837 Z20.28 E842.11547
G1 X119.222 Y97.294 Z20.282 E842.17586
G1 X119.886 Y97.804 Z20.285 E842.23851
G1 X120.511 Y98.338 Z20.288 E842.30003
G1 X121.102 Y98.898 Z20.29 E842.36096
G1 X121.662 Y99.489 Z20.292 E842.42189
G1 X122.196 Y100.114 Z20.295 E842.48341
G1 X122.706 Y100.778 Z20.298 E842.54607
G1 X123.163 Y101.443 Z20.3 E842.60645
G1 X123.6 Y102.157 Z20.303 E842.6691
G1 X123.992 Y102.879 Z20.305 E842.73058
G1 X124.346 Y103.621 Z20.308 E842.7921
G1 X124.654 Y104.366 Z20.31 E842.85243
G1 X124.929 Y105.141 Z20.312 E842.91397
G1 X125.163 Y105.929 Z20.315 E842.97549
G1 X125.358 Y106.743 Z20.318 E843.03813
G1 X125.508 Y107.552 Z20.32 E843.0997
G1 X125.613 Y108.351 Z20.322 E843.16001
G1 X125.678 Y109.171 Z20.325 E843.22157
G1 X125.7 Y109.992 Z20.327 E843.28303
G1 X125.678 Y110.824 Z20.33 E843.34531
G1 X125.613 Y111.649 Z20.333 E843.40725
G1 X125.508 Y112.448 Z20.335 E843.46755
G1 X125.358 Y113.257 Z20.337 E843.52913
G1 X125.167 Y114.056 Z20.34 E843.59061
G1 X124.931 Y114.854 Z20.343 E843.65288
G1 X124.655 Y115.631 Z20.345 E843.71459
G1 X124.346 Y116.379 Z20.347 E843.77515
G1 X123.992 Y117.121 Z20.35 E843.83668
G1 X123.6 Y117.843 Z20.352 E843.89816
G1 X123.163 Y118.557 Z20.355 E843.9608
G1 X122.706 Y119.222 Z20.357 E844.02119
G1 X122.198 Y119.883 Z20.36 E844.08358
G1 X121.666 Y120.506 Z20.363 E844.14488
G1 X121.102 Y121.102 Z20.365 E844.20629
G1 X120.511 Y121.662 Z20.367 E844.26722
G1 X119.886 Y122.196 Z20.37 E844.32874
G1 X119.223 Y122.705 Z20.373 E844.39129
G1 X118.557 Y123.163 Z20.375 E844.45178
G1 X117.849 Y123.597 Z20.378 E844.51393
G1 X117.126 Y123.989 Z20.38 E844.57547
G1 X116.382 Y124.344 Z20.383 E844.63716
G1 X115.634 Y124.654 Z20.385 E844.69776
G1 X114.854 Y124.931 Z20.387 E844.7597
G1 X114.063 Y125.165 Z20.39 E844.82143
G1 X113.261 Y125.357 Z20.393 E844.88315
G1 X112.448 Y125.508 Z20.395 E844.94503
G1 X111.649 Y125.613 Z20.397 E845.00534
G1 X110.824 Y125.678 Z20.4 E845.06727
;TIME_ELAPSED:456.362875
;LAYER:67
;TYPE:WALL-OUTER
;MESH:flow_cal_cylinder_32x30.stl
G1 X110 Y125.7 Z20.403 E845.12895
G1 X109.176 Y125.678 Z20.405 E845.19064
G1 X108.351 Y125.613 Z20.408 E845.25257
G1 X107.552 Y125.508 Z20.41 E845.31288
G1 X106.739 Y125.357 Z20.412 E845.37476
G1 X105.937 Y125.165 Z20.415 E845.43647
G1 X105.146 Y124.931 Z20.418 E845.49821
G1 X104.366 Y124.654 Z20.42 E845.56015
G1 X103.618 Y124.344 Z20.422 E845.62074
G1 X102.874 Y123.989 Z20.425 E845.68243
G1 X102.151 Y123.597 Z20.428 E845.74398
G1 X101.443 Y123.163 Z20.43 E845.80613
G1 X100.777 Y122.705 Z20.432 E845.86662
G1 X100.114 Y122.196 Z20.435 E845.92917
G1 X99.489 Y121.662 Z20.438 E845.99069
G1 X98.898 Y121.102 Z20.44 E846.05162
G1 X98.334 Y120.506 Z20.443 E846.11302
G1 X97.802 Y119.883 Z20.445 E846.17433
G1 X97.294 Y119.222 Z20.448 E846.23672
G1 X96.837 Y118.557 Z20.45 E846.2971
G1 X96.4 Y117.843 Z20.453 E846.35975
G1 X96.008 Y117.121 Z20.455 E846.42123
G1 X95.654 Y116.379 Z20.458 E846.48275
G1 X95.345 Y115.631 Z20.46 E846.54332
G1 X95.069 Y114.854 Z20.462 E846.60503
G1 X94.833 Y114.056 Z20.465 E846.6673
G1 X94.642 Y113.257 Z20.468 E846.72878
G1 X94.492 Y112.448 Z20.47 E846.79035
G1 X94.387 Y111.649 Z20.472 E846.85066
G1 X94.322 Y110.824 Z20.475 E846.91259
G1 X94.3 Y110.008 Z20.477 E846.97368
G1 X94.322 Y109.171 Z20.48 E847.03634
G1 X94.387 Y108.351 Z20.483 E847.0979
G1 X94.492 Y107.552 Z20.485 E847.15821
G1 X94.642 Y106.743 Z20.487 E847.21978
G1 X94.833 Y105.944 Z20.49 E847.28126
G1 X95.071 Y105.141 Z20.493 E847.34394
G1 X95.346 Y104.366 Z20.495 E847.40548
G1 X95.654 Y103.621 Z20.497 E847.4658
G1 X96.008 Y102.879 Z20.5 E847.52733
G1 X96.4 Y102.157 Z20.502 E847.58881
G1 X96.837 Y101.443 Z20.505 E847.65146
G1 X97.294 Y100.778 Z20.507 E847.71184
G1 X97.804 Y100.114 Z20.51 E847.7745
G1 X98.338 Y99.489 Z20.513 E847.83602
G1 X98.898 Y98.898 Z20.515 E847.89695
G1 X99.489 Y98.338 Z20.517 E847.95788
G1 X100.114 Y97.804 Z20.52 E848.01939
G1 X100.778 Y97.294 Z20.523 E848.08205
G1 X101.443 Y96.837 Z20.525 E848.14244
G1 X102.151 Y96.403 Z20.528 E848.20458
G1 X102.874 Y96.011 Z20.53 E848.26613
G1 X103.618 Y95.656 Z20.533 E848.32782
G1 X104.366 Y95.346 Z20.535 E848.38841
G1 X105.146 Y95.069 Z20.537 E848.45036
G1 X105.937 Y94.835 Z20.54 E848.51209
G1 X106.739 Y94.643 Z20.543 E848.5738
G1 X107.552 Y94.492 Z20.545 E848.63568
G1 X108.351 Y94.387 Z20.547 E848.69599
G1 X109.176 Y94.322 Z20.55 E848.75792
G1 X110 Y94.3 Z20.553 E848.81961
G1 X110.824 Y94.322 Z20.555 E848.8813
G1 X111.649 Y94.387 Z20.558 E848.94323
G1 X112.448 Y94.492 Z20.56 E849.00353
G1 X113.261 Y94.643 Z20.562 E849.06542
G1 X114.063 Y94.835 Z20.565 E849.12713
G1 X114.854 Y95.069 Z20.568 E849.18886
G1 X115.634 Y95.346 Z20.57 E849.2508
G1 X116.382 Y95.656 Z20.572 E849.3114
G1 X117.126 Y96.011 Z20.575 E849.37309
G1 X117.849 Y96.403 Z20.578 E849.43464
G1 X118.557 Y96.837 Z20.58 E849.49678
G1 X119.222 Y97.294 Z20.582 E849.55717
G1 X119.886 Y97.804 Z20.585 E849.61982
G1 X120.511 Y98.338 Z20.588 E849.68134
G1 X121.102 Y98.898 Z20.59 E849.74227
G1 X121.662 Y99.489 Z20.592 E849.8032
G1 X122.196 Y100.114 Z20.595 E849.86472
G1 X122.706 Y100.778 Z20.598 E849.92738
G1 X123.163 Y101.443 Z20.6 E849.98776
G1 X123.6 Y102.157 Z20.603 E850.05041
G1 X123.992 Y102.879 Z20.605 E850.11189
G1 X124.346 Y103.621 Z20.608 E850.17341
G1 X124.654 Y104.366 Z20.61 E850.23374
G1 X124.929 Y105.141 Z20.612 E850.29528
G1 X125.163 Y105.929 Z20.615 E850.3568
G1 X125.358 Y106.743 Z20.618 E850.41944
G1 X125.508 Y107.552 Z20.62 E850.48101
G1 X125.613 Y108.351 Z20.622 E850.54132
G1 X125.678 Y109.171 Z20.625 E850.60288
G1 X125.7 Y109.992 Z20.627 E850.66434
G1 X125.678 Y110.824 Z20.63 E850.72663
G1 X125.613 Y111.649 Z20.633 E850.78856
G1 X125.508 Y112.448 Z20.635 E850.84886
G1 X125.358 Y113.257 Z20.637 E850.91044
G1 X125.167 Y114.056 Z20.64 E850.97192
G1 X124.931 Y114.854 Z20.643 E851.03419
G1 X124.655 Y115.631 Z20.645 E851.0959
G1 X124.346 Y116.379 Z20.647 E851.15646
G1 X123.992 Y117.121 Z20.65 E851.21799
G1 X123.6 Y117.843 Z20.652 E851.27947
G1 X123.163 Y118.557 Z20.655 E851.34212
G1 X122.706 Y119.222 Z20.657 E851.4025
G1 X122.198 Y119.883 Z20.66 E851.46489
G1 X121.666 Y120.506 Z20.663 E851.5262
G1 X121.102 Y121.102 Z20.665 E851.5876
G1 X120.511 Y121.662 Z20.667 E851.64853
G1 X119.886 Y122.196 Z20.67 E851.71005
G1 X119.223 Y122.705 Z20.673 E851.7726
G1 X118.557 Y123.163 Z20.675 E851.83309
G1 X117.849 Y123.597 Z20.678 E851.89524
G1 X117.126 Y123.989 Z20.68 E851.95678
G1 X116.382 Y124.344 Z20.683 E852.01848
G1 X115.634 Y124.654 Z20.685 E852.07907
G1 X114.854 Y124.931 Z20.687 E852.14101
G1 X114.063 Y125.165 Z20.69 E852.20274
G1 X113.261 Y125.357 Z20.693 E852.26446
G1 X112.448 Y125.508 Z20.695 E852.32634
G1 X111.649 Y125.613 Z20.697 E852.38665
G1 X110.824 Y125.678 Z20.7 E852.44858
;TIME_ELAPSED:459.701410
;LAYER:68
;TYPE:WALL-OUTER
;MESH:flow_cal_cylinder_32x30.stl
G1 X110 Y125.7 Z20.703 E852.51026
G1 X109.176 Y125.678 Z20.705 E852.57195
G1 X108.351 Y125.613 Z20.708 E852.63388
G1 X107.552 Y125.508 Z20.71 E852.69419
G1 X106.739 Y125.357 Z20.712 E852.75607
G1 X105.937 Y125.165 Z20.715 E852.81779
G1 X105.146 Y124.931 Z20.718 E852.87952
G1 X104.366 Y124.654 Z20.72 E852.94146
G1 X103.618 Y124.344 Z20.722 E853.00205
G1 X102.874 Y123.989 Z20.725 E853.06374
G1 X102.151 Y123.597 Z20.728 E853.12529
G1 X101.443 Y123.163 Z20.73 E853.18744
G1 X100.777 Y122.705 Z20.732 E853.24793
G1 X100.114 Y122.196 Z20.735 E853.31048
G1 X99.489 Y121.662 Z20.738 E853.372
G1 X98.898 Y121.102 Z20.74 E853.43293
G1 X98.334 Y120.506 Z20.743 E853.49433
G1 X97.802 Y119.883 Z20.745 E853.55564
G1 X97.294 Y119.222 Z20.748 E853.61803
G1 X96.837 Y118.557 Z20.75 E853.67841
G1 X96.4 Y117.843 Z20.753 E853.74106
G1 X96.008 Y117.121 Z20.755 E853.80254
G1 X95.654 Y116.379 Z20.758 E853.86407
G1 X95.345 Y115.631 Z20.76 E853.92463
G1 X95.069 Y114.854 Z20.762 E853.98634
G1 X94.833 Y114.056 Z20.765 E854.04861
G1 X94.642 Y113.257 Z20.768 E854.11009
G1 X94.492 Y112.448 Z20.77 E854.17167
G1 X94.387 Y111.649 Z20.772 E854.23197
G1 X94.322 Y110.824 Z20.775 E854.2939
G1 X94.3 Y110.008 Z20.777 E854.35499
G1 X94.322 Y109.171 Z20.78 E854.41765
G1 X94.387 Y108.351 Z20.783 E854.47921
G1 X94.492 Y107.552 Z20.785 E854.53952
G1 X94.642 Y106.743 Z20.787 E854.60109
G1 X94.833 Y105.944 Z20.79 E854.66257
G1 X95.071 Y105.141 Z20.793 E854.72525
G1 X95.346 Y104.366 Z20.795 E854.78679
G1 X95.654 Y103.621 Z20.797 E854.84712
G1 X96.008 Y102.879 Z20.8 E854.90864
G1 X96.4 Y102.157 Z20.802 E854.97012
G1 X96.837 Y101.443 Z20.805 E855.03277
G1 X97.294 Y100.778 Z20.807 E855.09315
G1 X97.804 Y100.114 Z20.81 E855.15581
G1 X98.338 Y99.489 Z20.813 E855.21733
G1 X98.898 Y98.898 Z20.815 E855.27826
G1 X99.489 Y98.338 Z20.817 E855.33919
G1 X100.114 Y97.804 Z20.82 E855.40071
G1 X100.778 Y97.294 Z20.823 E855.46336
G1 X101.443 Y96.837 Z20.825 E855.52375
G1 X102.151 Y96.403 Z20.828 E855.58589
G1 X102.874 Y96.011 Z20.83 E855.64744
G1 X103.618 Y95.656 Z20.833 E855.70913
G1 X104.366 Y95.346 Z20.835 E855.76972
G1 X105.146 Y95.069 Z20.837 E855.83167
G1 X105.937 Y94.835 Z20.84 E855.8934
G1 X106.739 Y94.643 Z20.843 E855.95511
G1 X107.552 Y94.492 Z20.845 E856.01699
G1 X108.351 Y94.387 Z20.847 E856.0773
G1 X109.176 Y94.322 Z20.85 E856.13923
G1 X110 Y94.3 Z20.853 E856.20092
G1 X110.824 Y94.322 Z20.855 E856.26261
G1 X111.649 Y94.387 Z20.858 E856.32454
G1 X112.448 Y94.492 Z20.86 E856.38484
G1 X113.261 Y94.643 Z20.862 E856.44673
G1 X114.063 Y94.835 Z20.865 E856.50844
G1 X114.854 Y95.069 Z20.868 E856.57017
G1 X115.634 Y95.346 Z20.87 E856.63212
G1 X116.382 Y95.656 Z20.872 E856.69271
G1 X117.126 Y96.011 Z20.875 E856.7544
G1 X117.849 Y96.403 Z20.878 E856.81595
G1 X118.557 Y96.837 Z20.88 E856.87809
G1 X119.222 Y97.294 Z20.882 E856.93848
G1 X119.886 Y97.804 Z20.885 E857.00113
G1 X120.511 Y98.338 Z20.888 E857.06265
G1 X121.102 Y98.898 Z20.89 E857.12358
G1 X121.662 Y99.489 Z20.892 E857.18451
G1 X122.196 Y100.114 Z20.895 E857.24603
G1 X122.706 Y100.778 Z20.898 E857.30869
G1 X123.163 Y101.443 Z20.9 E857.36907
G1 X123.6 Y102.157 Z20.903 E857.43172
G1 X123.992 Y102.879 Z20.905 E857.4932
G1 X124.346 Y103.621 Z20.908 E857.55472
G1 X124.654 Y104.366 Z20.91 E857.61505
G1 X124.929 Y105.141 Z20.912 E857.67659
G1 X125.163 Y105.929 Z20.915 E857.73811
G1 X125.358 Y106.743 Z20.918 E857.80075
G1 X125.508 Y107.552 Z20.92 E857.86232
G1 X125.613 Y108.351 Z20.922 E857.92263
G1 X125.678 Y109.171 Z20.925 E857.98419
G1 X125.7 Y109.992 Z20.927 E858.04565
G1 X125.678 Y110.824 Z20.93 E858.10794
G1 X125.613 Y111.649 Z20.933 E858.16987
G1 X125.508 Y112.448 Z20.935 E858.23017
G1 X125.358 Y113.257 Z20.937 E858.29175
G1 X125.167 Y114.056 Z20.94 E858.35323
G1 X124.931 Y114.854 Z20.943 E858.4155
G1 X124.655 Y115.631 Z20.945 E858.47721
G1 X124.346 Y116.379 Z20.947 E858.53777
G1 X123.992 Y117.121 Z20.95 E858.5993
G1 X123.6 Y117.843 Z20.952 E858.66078
G1 X123.163 Y118.557 Z20.955 E858.72343
G1 X122.706 Y119.222 Z20.957 E858.78381
G1 X122.198 Y119.883 Z20.96 E858.8462
G1 X121.666 Y120.506 Z20.963 E858.90751
G1 X121.102 Y121.102 Z20.965 E858.96891
G1 X120.511 Y121.662 Z20.967 E859.02984
G1 X119.886 Y122.196 Z20.97 E859.09136
G1 X119.223 Y122.705 Z20.973 E859.15391
G1 X118.557 Y123.163 Z20.975 E859.2144
G1 X117.849 Y123.597 Z20.978 E859.27655
G1 X117.126 Y123.989 Z20.98 E859.33809
G1 X116.382 Y124.344 Z20.983 E859.39979
G1 X115.634 Y124.654 Z20.985 E859.46038
G1 X114.854 Y124.931 Z20.987 E859.52232
G1 X114.063 Y125.165 Z20.99 E859.58405
G1 X113.261 Y125.357 Z20.993 E859.64577
G1 X112.448 Y125.508 Z20.995 E859.70765
G1 X111.649 Y125.613 Z20.997 E859.76796
G1 X110.824 Y125.678 Z21 E859.82989
;TIME_ELAPSED:463.039946
;LAYER:69
;TYPE:WALL-OUTER
;MESH:flow_cal_cylinder_32x30.stl
G1 X110 Y125.7 Z21.003 E859.89158
G1 X109.176 Y125.678 Z21.005 E859.95326
G1 X108.351 Y125.613 Z21.008 E860.01519
G1 X107.552 Y125.508 Z21.01 E860.0755
G1 X106.739 Y125.357 Z21.012 E860.13738
G1 X105.937 Y125.165 Z21.015 E860.1991
G1 X105.146 Y124.931 Z21.018 E860.26083
G1 X104.366 Y124.654 Z21.02 E860.32277
G1 X103.618 Y124.344 Z21.022 E860.38336
G1 X102.874 Y123.989 Z21.025 E860.44506
G1 X102.151 Y123.597 Z21.028 E860.5066
G1 X101.443 Y123.163 Z21.03 E860.56875
G1 X100.777 Y122.705 Z21.032 E860.62924
G1 X100.114 Y122.196 Z21.035 E860.69179
G1 X99.489 Y121.662 Z21.038 E860.75331
G1 X98.898 Y121.102 Z21.04 E860.81424
G1 X98.334 Y120.506 Z21.043 E860.87564
G1 X97.802 Y119.883 Z21.045 E860.93695
G1 X97.294 Y119.222 Z21.048 E860.99934
G1 X96.837 Y118.557 Z21.05 E861.05972
G1 X96.4 Y117.843 Z21.053 E861.12237
G1 X96.008 Y117.121 Z21.055 E861.18385
G1 X95.654 Y116.379 Z21.058 E861.24538
G1 X95.345 Y115.631 Z21.06 E861.30594
G1 X95.069 Y114.854 Z21.062 E861.36765
G1 X94.833 Y114.056 Z21.065 E861.42992
G1 X94.642 Y113.257 Z21.068 E861.4914
G1 X94.492 Y112.448 Z21.07 E861.55298
G1 X94.387 Y111.649 Z21.072 E861.61328
G1 X94.322 Y110.824 Z21.075 E861.67521
G1 X94.3 Y110.008 Z21.077 E861.7363
G1 X94.322 Y109.171 Z21.08 E861.79896
G1 X94.387 Y108.351 Z21.083 E861.86052
G1 X94.492 Y107.552 Z21.085 E861.92083
G1 X94.642 Y106.743 Z21.087 E861.9824
G1 X94.833 Y105.944 Z21.09 E862.04388
G1 X95.071 Y105.141 Z21.093 E862.10656
G1 X95.346 Y104.366 Z21.095 E862.1681
G1 X95.654 Y103.621 Z21.097 E862.22843
G1 X96.008 Y102.879 Z21.1 E862.28995
G1 X96.4 Y102.157 Z21.102 E862.35143
G1 X96.837 Y101.443 Z21.105 E862.41408
G1 X97.294 Y100.778 Z21.107 E862.47446
G1 X97.804 Y100.114 Z21.11 E862.53712
G1 X98.338 Y99.489 Z21.113 E862.59864
G1 X98.898 Y98.898 Z21.115 E862.65957
G1 X99.489 Y98.338 Z21.117 E862.7205
G1 X100.114 Y97.804 Z21.12 E862.78202
G1 X100.778 Y97.294 Z21.123 E862.84467
G1 X101.443 Y96.837 Z21.125 E862.90506
G1 X102.151 Y96.403 Z21.128 E862.9672
G1 X102.874 Y96.011 Z21.13 E863.02875
G1 X103.618 Y95.656 Z21.133 E863.09044
G1 X104.366 Y95.346 Z21.135 E863.15103
G1 X105.146 Y95.069 Z21.137 E863.21298
G1 X105.937 Y94.835 Z21.14 E863.27471
G1 X106.739 Y94.643 Z21.143 E863.33642
G1 X107.552 Y94.492 Z21.145 E863.39831
G1 X108.351 Y94.387 Z21.147 E863.45861
G1 X109.176 Y94.322 Z21.15 E863.52054
G1 X110 Y94.3 Z21.153 E863.58223
G1 X110.824 Y94.322 Z21.155 E863.64392
G1 X111.649 Y94.387 Z21.158 E863.70585
G1 X112.448 Y94.492 Z21.16 E863.76616
G1 X113.261 Y94.643 Z21.162 E863.82804
G1 X114.063 Y94.835 Z21.165 E863.88975
G1 X114.854 Y95.069 Z21.168 E863.95148
G1 X115.634 Y95.346 Z21.17 E864.01343
G1 X116.382 Y95.656 Z21.172 E864.07402
G1 X117.126 Y96.011 Z21.175 E864.13571
G1 X117.849 Y96.403 Z21.178 E864.19726
G1 X118.557 Y96.837 Z21.18 E864.2594
G1 X119.222 Y97.294 Z21.182 E864.31979
G1 X119.886 Y97.804 Z21.185 E864.38244
G1 X120.511 Y98.338 Z21.188 E864.44396
G1 X121.102 Y98.898 Z21.19 E864.50489
G1 X121.662 Y99.489 Z21.192 E864.56582
G1 X122.196 Y100.114 Z21.195 E864.62734
G1 X122.706 Y100.778 Z21.198 E864.69
G1 X123.163 Y101.443 Z21.2 E864.75038
G1 X123.6 Y102.157 Z21.203 E864.81303
G1 X123.992 Y102.879 Z21.205 E864.87451
G1 X124.346 Y103.621 Z21.208 E864.93603
G1 X124.654 Y104.366 Z21.21 E864.99636
G1 X124.929 Y105.141 Z21.212 E865.0579
G1 X125.163 Y105.929 Z21.215 E865.11942
G1 X125.358 Y106.743 Z21.218 E865.18206
G1 X125.508 Y107.552 Z21.22 E865.24363
G1 X125.613 Y108.351 Z21.222 E865.30394
G1 X125.678 Y109.171 Z21.225 E865.3655
G1 X125.7 Y109.992 Z21.227 E865.42696
G1 X125.678 Y110.824 Z21.23 E865.48925
G1 X125.613 Y111.649 Z21.233 E865.55118
G1 X125.508 Y112.448 Z21.235 E865.61149
G1 X125.358 Y113.257 Z21.237 E865.67306
G1 X125.167 Y114.056 Z21.24 E865.73454
G1 X124.931 Y114.854 Z21.243 E865.79681
G1 X124.655 Y115.631 Z21.245 E865.85852
G1 X124.346 Y116.379 Z21.247 E865.91909
G1 X123.992 Y117.121 Z21.25 E865.98061
G1 X123.6 Y117.843 Z21.252 E866.04209
G1 X123.163 Y118.557 Z21.255 E866.10474
G1 X122.706 Y119.222 Z21.257 E866.16512
G1 X122.198 Y119.883 Z21.26 E866.22751
G1 X121.666 Y120.506 Z21.263 E866.28882
G1 X121.102 Y121.102 Z21.265 E866.35022
G1 X120.511 Y121.662 Z21.267 E866.41115
G1 X119.886 Y122.196 Z21.27 E866.47267
G1 X119.223 Y122.705 Z21.273 E866.53522
G1 X118.557 Y123.163 Z21.275 E866.59571
G1 X117.849 Y123.597 Z21.278 E866.65786
G1 X117.126 Y123.989 Z21.28 E866.71941
G1 X116.382 Y124.344 Z21.283 E866.7811
G1 X115.634 Y124.654 Z21.285 E866.84169
G1 X114.854 Y124.931 Z21.287 E866.90363
G1 X114.063 Y125.165 Z21.29 E866.96536
G1 X113.261 Y125.357 Z21.293 E867.02708
G1 X112.448 Y125.508 Z21.295 E867.08896
G1 X111.649 Y125.613 Z21.297 E867.14927
G1 X110.824 Y125.678 Z21.3 E867.2112
;TIME_ELAPSED:466.378482
;LAYER:70
;TYPE:WALL-OUTER
;MESH:flow_cal_cylinder_32x30.stl
G1 X110 Y125.7 Z21.303 E867.27289
G1 X109.176 Y125.678 Z21.305 E867.33457
G1 X108.351 Y125.613 Z21.308 E867.3965
G1 X107.552 Y125.508 Z21.31 E867.45681
G1 X106.739 Y125.357 Z21.312 E867.51869
G1 X105.937 Y125.165 Z21.315 E867.58041
G1 X105.146 Y124.931 Z21.318 E867.64214
G1 X104.366 Y124.654 Z21.32 E867.70408
G1 X103.618 Y124.344 Z21.322 E867.76468
G1 X102.874 Y123.989 Z21.325 E867.82637
G1 X102.151 Y123.597 Z21.328 E867.88791
G1 X101.443 Y123.163 Z21.33 E867.95006
G1 X100.777 Y122.705 Z21.332 E868.01055
G1 X100.114 Y122.196 Z21.335 E868.0731
G1 X99.489 Y121.662 Z21.338 E868.13462
G1 X98.898 Y121.102 Z21.34 E868.19555
G1 X98.334 Y120.506 Z21.343 E868.25696
G1 X97.802 Y119.883 Z21.345 E868.31826
G1 X97.294 Y119.222 Z21.348 E868.38065
G1 X96.837 Y118.557 Z21.35 E868.44103
G1 X96.4 Y117.843 Z21.353 E868.50368
G1 X96.008 Y117.121 Z21.355 E868.56516
G1 X95.654 Y116.379 Z21.358 E868.62669
G1 X95.345 Y115.631 Z21.36 E868.68725
G1 X95.069 Y114.854 Z21.362 E868.74896
G1 X94.833 Y114.056 Z21.365 E868.81123
G1 X94.642 Y113.257 Z21.368 E868.87271
G1 X94.492 Y112.448 Z21.37 E868.93429
G1 X94.387 Y111.649 Z21.372 E868.99459
G1 X94.322 Y110.824 Z21.375 E869.05652
G1 X94.3 Y110.008 Z21.377 E869.11761
G1 X94.322 Y109.171 Z21.38 E869.18027
G1 X94.387 Y108.351 Z21.383 E869.24183
G1 X94.492 Y107.552 Z21.385 E869.30214
G1 X94.642 Y106.743 Z21.387 E869.36371
G1 X94.833 Y105.944 Z21.39 E869.42519
G1 X95.071 Y105.141 Z21.393 E869.48787
G1 X95.346 Y104.366 Z21.395 E869.54941
G1 X95.654 Y103.621 Z21.397 E869.60974
G1 X96.008 Y102.879 Z21.4 E869.67126
G1 X96.4 Y102.157 Z21.402 E869.73274
G1 X96.837 Y101.443 Z21.405 E869.79539
G1 X97.294 Y100.778 Z21.407 E869.85577
G1 X97.804 Y100.114 Z21.41 E869.91843
G1 X98.338 Y99.489 Z21.413 E869.97995
G1 X98.898 Y98.898 Z21.415 E870.04088
G1 X99.489 Y98.338 Z21.417 E870.10181
G1 X100.114 Y97.804 Z21.42 E870.16333
G1 X100.778 Y97.294 Z21.423 E870.22598
G1 X101.443 Y96.837 Z21.425 E870.28637
G1 X102.151 Y96.403 Z21.428 E870.34851
G1 X102.874 Y96.011 Z21.43 E870.41006
G1 X103.618 Y95.656 Z21.433 E870.47175
G1 X104.366 Y95.346 Z21.435 E870.53235
G1 X105.146 Y95.069 Z21.437 E870.59429
G1 X105.937 Y94.835 Z21.44 E870.65602
G1 X106.739 Y94.643 Z21.443 E870.71773
G1 X107.552 Y94.492 Z21.445 E870.77962
G1 X108.351 Y94.387 Z21.447 E870.83992
G1 X109.176 Y94.322 Z21.45 E870.90185
G1 X110 Y94.3 Z21.453 E870.96354
G1 X110.824 Y94.322 Z21.455 E871.02523
G1 X111.649 Y94.387 Z21.458 E871.08716
G1 X112.448 Y94.492 Z21.46 E871.14747
G1 X113.261 Y94.643 Z21.462 E871.20935
G1 X114.063 Y94.835 Z21.465 E871.27106
G1 X114.854 Y95.069 Z21.468 E871.33279
G1 X115.634 Y95.346 Z21.47 E871.39474
G1 X116.382 Y95.656 Z21.472 E871.45533
G1 X117.126 Y96.011 Z21.475 E871.51702
G1 X117.849 Y96.403 Z21.478 E871.57857
G1 X118.557 Y96.837 Z21.48 E871.64071
G1 X119.222 Y97.294 Z21.482 E871.7011
G1 X119.886 Y97.804 Z21.485 E871.76376
G1 X120.511 Y98.338 Z21.488 E871.82528
G1 X121.102 Y98.898 Z21.49 E871.8862
G1 X121.662 Y99.489 Z21.492 E871.94713
G1 X122.196 Y100.114 Z21.495 E872.00865
G1 X122.706 Y100.778 Z21.498 E872.07131
G1 X123.163 Y101.443 Z21.5 E872.13169
G1 X123.6 Y102.157 Z21.503 E872.19434
G1 X123.992 Y102.879 Z21.505 E872.25582
G1 X124.346 Y103.621 Z21.508 E872.31735
G1 X124.654 Y104.366 Z21.51 E872.37767
G1 X124.929 Y105.141 Z21.512 E872.43922
G1 X125.163 Y105.929 Z21.515 E872.50073
G1 X125.358 Y106.743 Z21.518 E872.56337
G1 X125.508 Y107.552 Z21.52 E872.62494
G1 X125.613 Y108.351 Z21.522 E872.68525
G1 X125.678 Y109.171 Z21.525 E872.74681
G1 X125.7 Y109.992 Z21.527 E872.80827
G1 X125.678 Y110.824 Z21.53 E872.87056
G1 X125.613 Y111.649 Z21.533 E872.93249
G1 X125.508 Y112.448 Z21.535 E872.9928
G1 X125.358 Y113.257 Z21.537 E873.05437
G1 X125.167 Y114.056 Z21.54 E873.11585
G1 X124.931 Y114.854 Z21.543 E873.17812
G1 X124.655 Y115.631 Z21.545 E873.23983
G1 X124.346 Y116.379 Z21.547 E873.3004
G1 X123.992 Y117.121 Z21.55 E873.36192
G1 X123.6 Y117.843 Z21.552 E873.4234
G1 X123.163 Y118.557 Z21.555 E873.48605
G1 X122.706 Y119.222 Z21.557 E873.54643
G1 X122.198 Y119.883 Z21.56 E873.60882
G1 X121.666 Y120.506 Z21.563 E873.67013
G1 X121.102 Y121.102 Z21.565 E873.73153
G1 X120.511 Y121.662 Z21.567 E873.79246
G1 X119.886 Y122.196 Z21.57 E873.85398
G1 X119.223 Y122.705 Z21.573 E873.91653
G1 X118.557 Y123.163 Z21.575 E873.97702
G1 X117.849 Y123.597 Z21.578 E874.03917
G1 X117.126 Y123.989 Z21.58 E874.10072
G1 X116.382 Y124.344 Z21.583 E874.16241
G1 X115.634 Y124.654 Z21.585 E874.223
G1 X114.854 Y124.931 Z21.587 E874.28494
G1 X114.063 Y125.165 Z21.59 E874.34668
G1 X113.261 Y125.357 Z21.593 E874.40839
G1 X112.448 Y125.508 Z21.595 E874.47027
G1 X111.649 Y125.613 Z21.597 E874.53058
G1 X110.824 Y125.678 Z21.6 E874.59251
;TIME_ELAPSED:469.717018
;LAYER:71
;TYPE:WALL-OUTER
;MESH:flow_cal_cylinder_32x30.stl
G1 X110 Y125.7 Z21.603 E874.6542
G1 X109.176 Y125.678 Z21.605 E874.71588
G1 X108.351 Y125.613 Z21.608 E874.77781
G1 X107.552 Y125.508 Z21.61 E874.83812
G1 X106.739 Y125.357 Z21.612 E874.9
G1 X105.937 Y125.165 Z21.615 E874.96172
G1 X105.146 Y124.931 Z21.618 E875.02345
G1 X104.366 Y124.654 Z21.62 E875.08539
G1 X103.618 Y124.344 Z21.622 E875.14599
G1 X102.874 Y123.989 Z21.625 E875.20768
G1 X102.151 Y123.597 Z21.628 E875.26922
G1 X101.443 Y123.163 Z21.63 E875.33137
G1 X100.777 Y122.705 Z21.632 E875.39186
G1 X100.114 Y122.196 Z21.635 E875.45441
G1 X99.489 Y121.662 Z21.638 E875.51593
G1 X98.898 Y121.102 Z21.64 E875.57686
G1 X98.334 Y120.506 Z21.643 E875.63827
G1 X97.802 Y119.883 Z21.645 E875.69957
G1 X97.294 Y119.222 Z21.648 E875.76196
G1 X96.837 Y118.557 Z21.65 E875.82235
G1 X96.4 Y117.843 Z21.653 E875.88499
G1 X96.008 Y117.121 Z21.655 E875.94647
G1 X95.654 Y116.379 Z21.658 E876.008
G1 X95.345 Y115.631 Z21.66 E876.06856
G1 X95.069 Y114.854 Z21.662 E876.13027
G1 X94.833 Y114.056 Z21.665 E876.19254
G1 X94.642 Y113.257 Z21.668 E876.25402
G1 X94.492 Y112.448 Z21.67 E876.3156
G1 X94.387 Y111.649 Z21.672 E876.3759
G1 X94.322 Y110.824 Z21.675 E876.43784
G1 X94.3 Y110.008 Z21.677 E876.49892
G1 X94.322 Y109.171 Z21.68 E876.56158
G1 X94.387 Y108.351 Z21.683 E876.62314
G1 X94.492 Y107.552 Z21.685 E876.68345
G1 X94.642 Y106.743 Z21.687 E876.74502
G1 X94.833 Y105.944 Z21.69 E876.8065
G1 X95.071 Y105.141 Z21.693 E876.86918
G1 X95.346 Y104.366 Z21.695 E876.93072
G1 X95.654 Y103.621 Z21.697 E876.99105
G1 X96.008 Y102.879 Z21.7 E877.05257
G1 X96.4 Y102.157 Z21.702 E877.11405
G1 X96.837 Y101.443 Z21.705 E877.1767
G1 X97.294 Y100.778 Z21.707 E877.23708
G1 X97.804 Y100.114 Z21.71 E877.29974
G1 X98.338 Y99.489 Z21.713 E877.36126
G1 X98.898 Y98.898 Z21.715 E877.42219
G1 X99.489 Y98.338 Z21.717 E877.48312
G1 X100.114 Y97.804 Z21.72 E877.54464
G1 X100.778 Y97.294 Z21.723 E877.60729
G1 X101.443 Y96.837 Z21.725 E877.66768
G1 X102.151 Y96.403 Z21.728 E877.72982
G1 X102.874 Y96.011 Z21.73 E877.79137
G1 X103.618 Y95.656 Z21.733 E877.85306
G1 X104.366 Y95.346 Z21.735 E877.91366
G1 X105.146 Y95.069 Z21.737 E877.9756
G1 X105.937 Y94.835 Z21.74 E878.03733
G1 X106.739 Y94.643 Z21.743 E878.09904
G1 X107.552 Y94.492 Z21.745 E878.16093
G1 X108.351 Y94.387 Z21.747 E878.22123
G1 X109.176 Y94.322 Z21.75 E878.28317
G1 X110 Y94.3 Z21.753 E878.34485
G1 X110.824 Y94.322 Z21.755 E878.40654
G1 X111.649 Y94.387 Z21.758 E878.46847
G1 X112.448 Y94.492 Z21.76 E878.52878
G1 X113.261 Y94.643 Z21.762 E878.59066
G1 X114.063 Y94.835 Z21.765 E878.65237
G1 X114.854 Y95.069 Z21.768 E878.7141
G1 X115.634 Y95.346 Z21.77 E878.77605
G1 X116.382 Y95.656 Z21.772 E878.83664
G1 X117.126 Y96.011 Z21.775 E878.89833
G1 X117.849 Y96.403 Z21.778 E878.95988
G1 X118.557 Y96.837 Z21.78 E879.02203
G1 X119.222 Y97.294 Z21.782 E879.08241
G1 X119.886 Y97.804 Z21.785 E879.14507
G1 X120.511 Y98.338 Z21.788 E879.20659
G1 X121.102 Y98.898 Z21.79 E879.26751
G1 X121.662 Y99.489 Z21.792 E879.32844
G1 X122.196 Y100.114 Z21.795 E879.38996
G1 X122.706 Y100.778 Z21.798 E879.45262
G1 X123.163 Y101.443 Z21.8 E879.513
G1 X123.6 Y102.157 Z21.803 E879.57565
G1 X123.992 Y102.879 Z21.805 E879.63713
G1 X124.346 Y103.621 Z21.808 E879.69866
G1 X124.654 Y104.366 Z21.81 E879.75899
G1 X124.929 Y105.141 Z21.812 E879.82053
G1 X125.163 Y105.929 Z21.815 E879.88204
G1 X125.358 Y106.743 Z21.818 E879.94468
G1 X125.508 Y107.552 Z21.82 E880.00626
G1 X125.613 Y108.351 Z21.822 E880.06656
G1 X125.678 Y109.171 Z21.825 E880.12812
G1 X125.7 Y109.992 Z21.827 E880.18958
G1 X125.678 Y110.824 Z21.83 E880.25187
G1 X125.613 Y111.649 Z21.833 E880.3138
G1 X125.508 Y112.448 Z21.835 E880.37411
G1 X125.358 Y113.257 Z21.837 E880.43568
G1 X125.167 Y114.056 Z21.84 E880.49716
G1 X124.931 Y114.854 Z21.843 E880.55943
G1 X124.655 Y115.631 Z21.845 E880.62114
G1 X124.346 Y116.379 Z21.847 E880.68171
G1 X123.992 Y117.121 Z21.85 E880.74323
G1 X123.6 Y117.843 Z21.852 E880.80471
G1 X123.163 Y118.557 Z21.855 E880.86736
G1 X122.706 Y119.222 Z21.857 E880.92774
G1 X122.198 Y119.883 Z21.86 E880.99013
G1 X121.666 Y120.506 Z21.863 E881.05144
G1 X121.102 Y121.102 Z21.865 E881.11284
G1 X120.511 Y121.662 Z21.867 E881.17377
G1 X119.886 Y122.196 Z21.87 E881.23529
G1 X119.223 Y122.705 Z21.873 E881.29785
G1 X118.557 Y123.163 Z21.875 E881.35833
G1 X117.849 Y123.597 Z21.878 E881.42048
G1 X117.126 Y123.989 Z21.88 E881.48203
G1 X116.382 Y124.344 Z21.883 E881.54372
G1 X115.634 Y124.654 Z21.885 E881.60431
G1 X114.854 Y124.931 Z21.887 E881.66625
G1 X114.063 Y125.165 Z21.89 E881.72799
G1 X113.261 Y125.357 Z21.893 E881.7897
G1 X112.448 Y125.508 Z21.895 E881.85158
G1 X111.649 Y125.613 Z21.897 E881.91189
G1 X110.824 Y125.678 Z21.9 E881.97382
;TIME_ELAPSED:473.055553
;LAYER:72
;TYPE:WALL-OUTER
;MESH:flow_cal_cylinder_32x30.stl
G1 X110 Y125.7 Z21.903 E882.03551
G1 X109.176 Y125.678 Z21.905 E882.09719
G1 X108.351 Y125.613 Z21.908 E882.15912
G1 X107.552 Y125.508 Z21.91 E882.21943
G1 X106.739 Y125.357 Z21.912 E882.28131
G1 X105.937 Y125.165 Z21.915 E882.34303
G1 X105.146 Y124.931 Z21.918 E882.40476
G1 X104.366 Y124.654 Z21.92 E882.4667
G1 X103.618 Y124.344 Z21.922 E882.5273
G1 X102.874 Y123.989 Z21.925 E882.58899
G1 X102.151 Y123.597 Z21.928 E882.65053
G1 X101.443 Y123.163 Z21.93 E882.71268
G1 X100.777 Y122.705 Z21.932 E882.77317
G1 X100.114 Y122.196 Z21.935 E882.83572
G1 X99.489 Y121.662 Z21.938 E882.89724
G1 X98.898 Y121.102 Z21.94 E882.95817
G1 X98.334 Y120.506 Z21.943 E883.01958
G1 X97.802 Y119.883 Z21.945 E883.08088
G1 X97.294 Y119.222 Z21.948 E883.14327
G1 X96.837 Y118.557 Z21.95 E883.20366
G1 X96.4 Y117.843 Z21.953 E883.2663
G1 X96.008 Y117.121 Z21.955 E883.32778
G1 X95.654 Y116.379 Z21.958 E883.38931
G1 X95.345 Y115.631 Z21.96 E883.44987
G1 X95.069 Y114.854 Z21.962 E883.51158
G1 X94.833 Y114.056 Z21.965 E883.57386
G1 X94.642 Y113.257 Z21.968 E883.63533
G1 X94.492 Y112.448 Z21.97 E883.69691
G1 X94.387 Y111.649 Z21.972 E883.75722
G1 X94.322 Y110.824 Z21.975 E883.81915
G1 X94.3 Y110.008 Z21.977 E883.88023
G1 X94.322 Y109.171 Z21.98 E883.94289
G1 X94.387 Y108.351 Z21.983 E884.00445
G1 X94.492 Y107.552 Z21.985 E884.06476
G1 X94.642 Y106.743 Z21.987 E884.12633
G1 X94.833 Y105.944 Z21.99 E884.18781
G1 X95.071 Y105.141 Z21.993 E884.25049
G1 X95.346 Y104.366 Z21.995 E884.31203
G1 X95.654 Y103.621 Z21.997 E884.37236
G1 X96.008 Y102.879 Z22 E884.43388
G1 X96.4 Y102.157 Z22.002 E884.49536
G1 X96.837 Y101.443 Z22.005 E884.55801
G1 X97.294 Y100.778 Z22.007 E884.61839
G1 X97.804 Y100.114 Z22.01 E884.68105
G1 X98.338 Y99.489 Z22.013 E884.74257
G1 X98.898 Y98.898 Z22.015 E884.8035
G1 X99.489 Y98.338 Z22.017 E884.86443
G1 X100.114 Y97.804 Z22.02 E884.92595
G1 X100.778 Y97.294 Z22.023 E884.9886
G1 X101.443 Y96.837 Z22.025 E885.04899
G1 X102.151 Y96.403 Z22.028 E885.11113
G1 X102.874 Y96.011 Z22.03 E885.17268
G1 X103.618 Y95.656 Z22.033 E885.23437
G1 X104.366 Y95.346 Z22.035 E885.29497
G1 X105.146 Y95.069 Z22.037 E885.35691
G1 X105.937 Y94.835 Z22.04 E885.41864
G1 X106.739 Y94.643 Z22.043 E885.48036
G1 X107.552 Y94.492 Z22.045 E885.54224
G1 X108.351 Y94.387 Z22.047 E885.60254
G1 X109.176 Y94.322 Z22.05 E885.66448
G1 X110 Y94.3 Z22.053 E885.72616
G1 X110.824 Y94.322 Z22.055 E885.78785
G1 X111.649 Y94.387 Z22.058 E885.84978
G1 X112.448 Y94.492 Z22.06 E885.91009
G1 X113.261 Y94.643 Z22.062 E885.97197
G1 X114.063 Y94.835 Z22.065 E886.03368
G1 X114.854 Y95.069 Z22.068 E886.09541
G1 X115.634 Y95.346 Z22.07 E886.15736
G1 X116.382 Y95.656 Z22.072 E886.21795
G1 X117.126 Y96.011 Z22.075 E886.27964
G1 X117.849 Y96.403 Z22.078 E886.34119
G1 X118.557 Y96.837 Z22.08 E886.40334
G1 X119.222 Y97.294 Z22.082 E886.46372
G1 X119.886 Y97.804 Z22.085 E886.52638
G1 X120.511 Y98.338 Z22.088 E886.5879
G1 X121.102 Y98.898 Z22.09 E886.64883
G1 X121.662 Y99.489 Z22.092 E886.70975
G1 X122.196 Y100.114 Z22.095 E886.77127
G1 X122.706 Y100.778 Z22.098 E886.83393
G1 X123.163 Y101.443 Z22.1 E886.89432
G1 X123.6 Y102.157 Z22.103 E886.95696
G1 X123.992 Y102.879 Z22.105 E887.01844
G1 X124.346 Y103.621 Z22.108 E887.07997
G1 X124.654 Y104.366 Z22.11 E887.1403
G1 X124.929 Y105.141 Z22.112 E887.20184
G1 X125.163 Y105.929 Z22.115 E887.26335
G1 X125.358 Y106.743 Z22.118 E887.32599
G1 X125.508 Y107.552 Z22.12 E887.38757
G1 X125.613 Y108.351 Z22.122 E887.44787
G1 X125.678 Y109.171 Z22.125 E887.50943
G1 X125.7 Y109.992 Z22.127 E887.57089
G1 X125.678 Y110.824 Z22.13 E887.63318
G1 X125.613 Y111.649 Z22.133 E887.69511
G1 X125.508 Y112.448 Z22.135 E887.75542
G1 X125.358 Y113.257 Z22.137 E887.81699
G1 X125.167 Y114.056 Z22.14 E887.87847
G1 X124.931 Y114.854 Z22.143 E887.94075
G1 X124.655 Y115.631 Z22.145 E888.00245
G1 X124.346 Y116.379 Z22.147 E888.06302
G1 X123.992 Y117.121 Z22.15 E888.12454
G1 X123.6 Y117.843 Z22.152 E888.18602
G1 X123.163 Y118.557 Z22.155 E888.24867
G1 X122.706 Y119.222 Z22.157 E888.30905
G1 X122.198 Y119.883 Z22.16 E888.37144
G1 X121.666 Y120.506 Z22.163 E888.43275
G1 X121.102 Y121.102 Z22.165 E888.49416
G1 X120.511 Y121.662 Z22.167 E888.55508
G1 X119.886 Y122.196 Z22.17 E888.6166
G1 X119.223 Y122.705 Z22.173 E888.67916
G1 X118.557 Y123.163 Z22.175 E888.73964
G1 X117.849 Y123.597 Z22.178 E888.80179
G1 X117.126 Y123.989 Z22.18 E888.86334
G1 X116.382 Y124.344 Z22.183 E888.92503
G1 X115.634 Y124.654 Z22.185 E888.98562
G1 X114.854 Y124.931 Z22.187 E889.04757
G1 X114.063 Y125.165 Z22.19 E889.1093
G1 X113.261 Y125.357 Z22.193 E889.17101
G1 X112.448 Y125.508 Z22.195 E889.23289
G1 X111.649 Y125.613 Z22.197 E889.2932
G1 X110.824 Y125.678 Z22.2 E889.35513
;TIME_ELAPSED:476.394089
;LAYER:73
;TYPE:WALL-OUTER
;MESH:flow_cal_cylinder_32x30.stl
G1 X110 Y125.7 Z22.203 E889.41682
G1 X109.176 Y125.678 Z22.205 E889.4785
G1 X108.351 Y125.613 Z22.208 E889.54044
G1 X107.552 Y125.508 Z22.21 E889.60074
G1 X106.739 Y125.357 Z22.212 E889.66262
G1 X105.937 Y125.165 Z22.215 E889.72434
G1 X105.146 Y124.931 Z22.218 E889.78607
G1 X104.366 Y124.654 Z22.22 E889.84801
G1 X103.618 Y124.344 Z22.222 E889.90861
G1 X102.874 Y123.989 Z22.225 E889.9703
G1 X102.151 Y123.597 Z22.228 E890.03185
G1 X101.443 Y123.163 Z22.23 E890.09399
G1 X100.777 Y122.705 Z22.232 E890.15448
G1 X100.114 Y122.196 Z22.235 E890.21703
G1 X99.489 Y121.662 Z22.238 E890.27855
G1 X98.898 Y121.102 Z22.24 E890.33948
G1 X98.334 Y120.506 Z22.243 E890.40089
G1 X97.802 Y119.883 Z22.245 E890.4622
G1 X97.294 Y119.222 Z22.248 E890.52458
G1 X96.837 Y118.557 Z22.25 E890.58497
G1 X96.4 Y117.843 Z22.253 E890.64761
G1 X96.008 Y117.121 Z22.255 E890.70909
G1 X95.654 Y116.379 Z22.258 E890.77062
G1 X95.345 Y115.631 Z22.26 E890.83118
G1 X95.069 Y114.854 Z22.262 E890.89289
G1 X94.833 Y114.056 Z22.265 E890.95517
G1 X94.642 Y113.257 Z22.268 E891.01664
G1 X94.492 Y112.448 Z22.27 E891.07822
G1 X94.387 Y111.649 Z22.272 E891.13853
G1 X94.322 Y110.824 Z22.275 E891.20046
G1 X94.3 Y110.008 Z22.277 E891.26154
G1 X94.322 Y109.171 Z22.28 E891.3242
G1 X94.387 Y108.351 Z22.283 E891.38576
G1 X94.492 Y107.552 Z22.285 E891.44607
G1 X94.642 Y106.743 Z22.287 E891.50764
G1 X94.833 Y105.944 Z22.29 E891.56912
G1 X95.071 Y105.141 Z22.293 E891.6318
G1 X95.346 Y104.366 Z22.295 E891.69334
G1 X95.654 Y103.621 Z22.297 E891.75367
G1 X96.008 Y102.879 Z22.3 E891.81519
G1 X96.4 Y102.157 Z22.302 E891.87667
G1 X96.837 Y101.443 Z22.305 E891.93932
G1 X97.294 Y100.778 Z22.307 E891.9997
G1 X97.804 Y100.114 Z22.31 E892.06236
G1 X98.338 Y99.489 Z22.313 E892.12388
G1 X98.898 Y98.898 Z22.315 E892.18481
G1 X99.489 Y98.338 Z22.317 E892.24574
G1 X100.114 Y97.804 Z22.32 E892.30726
G1 X100.778 Y97.294 Z22.323 E892.36992
G1 X101.443 Y96.837 Z22.325 E892.4303
G1 X102.151 Y96.403 Z22.328 E892.49245
G1 X102.874 Y96.011 Z22.33 E892.55399
G1 X103.618 Y95.656 Z22.333 E892.61568
G1 X104.366 Y95.346 Z22.335 E892.67628
G1 X105.146 Y95.069 Z22.337 E892.73822
G1 X105.937 Y94.835 Z22.34 E892.79995
G1 X106.739 Y94.643 Z22.343 E892.86167
G1 X107.552 Y94.492 Z22.345 E892.92355
G1 X108.351 Y94.387 Z22.347 E892.98386
G1 X109.176 Y94.322 Z22.35 E893.04579
G1 X110 Y94.3 Z22.353 E893.10747
G1 X110.824 Y94.322 Z22.355 E893.16916
G1 X111.649 Y94.387 Z22.358 E893.23109
G1 X112.448 Y94.492 Z22.36 E893.2914
G1 X113.261 Y94.643 Z22.362 E893.35328
G1 X114.063 Y94.835 Z22.365 E893.41499
G1 X114.854 Y95.069 Z22.368 E893.47673
G1 X115.634 Y95.346 Z22.37 E893.53867
G1 X116.382 Y95.656 Z22.372 E893.59926
G1 X117.126 Y96.011 Z22.375 E893.66095
G1 X117.849 Y96.403 Z22.378 E893.7225
G1 X118.557 Y96.837 Z22.38 E893.78465
G1 X119.222 Y97.294 Z22.382 E893.84503
G1 X119.886 Y97.804 Z22.385 E893.90769
G1 X120.511 Y98.338 Z22.388 E893.96921
G1 X121.102 Y98.898 Z22.39 E894.03014
G1 X121.662 Y99.489 Z22.392 E894.09107
G1 X122.196 Y100.114 Z22.395 E894.15258
G1 X122.706 Y100.778 Z22.398 E894.21524
G1 X123.163 Y101.443 Z22.4 E894.27563
G1 X123.6 Y102.157 Z22.403 E894.33827
G1 X123.992 Y102.879 Z22.405 E894.39975
G1 X124.346 Y103.621 Z22.408 E894.46128
G1 X124.654 Y104.366 Z22.41 E894.52161
G1 X124.929 Y105.141 Z22.412 E894.58315
G1 X125.163 Y105.929 Z22.415 E894.64466
G1 X125.358 Y106.743 Z22.418 E894.7073
G1 X125.508 Y107.552 Z22.42 E894.76888
G1 X125.613 Y108.351 Z22.422 E894.82918
G1 X125.678 Y109.171 Z22.425 E894.89074
G1 X125.7 Y109.992 Z22.427 E894.9522
G1 X125.678 Y110.824 Z22.43 E895.01449
G1 X125.613 Y111.649 Z22.433 E895.07642
G1 X125.508 Y112.448 Z22.435 E895.13673
G1 X125.358 Y113.257 Z22.437 E895.1983
G1 X125.167 Y114.056 Z22.44 E895.25978
G1 X124.931 Y114.854 Z22.443 E895.32206
G1 X124.655 Y115.631 Z22.445 E895.38376
G1 X124.346 Y116.379 Z22.447 E895.44433
G1 X123.992 Y117.121 Z22.45 E895.50585
G1 X123.6 Y117.843 Z22.452 E895.56733
G1 X123.163 Y118.557 Z22.455 E895.62998
G1 X122.706 Y119.222 Z22.457 E895.69036
G1 X122.198 Y119.883 Z22.46 E895.75275
G1 X121.666 Y120.506 Z22.463 E895.81406
G1 X121.102 Y121.102 Z22.465 E895.87547
G1 X120.511 Y121.662 Z22.467 E895.9364
G1 X119.886 Y122.196 Z22.47 E895.99791
G1 X119.223 Y122.705 Z22.473 E896.06047
G1 X118.557 Y123.163 Z22.475 E896.12095
G1 X117.849 Y123.597 Z22.478 E896.1831
G1 X117.126 Y123.989 Z22.48 E896.24465
G1 X116.382 Y124.344 Z22.483 E896.30634
G1 X115.634 Y124.654 Z22.485 E896.36693
G1 X114.854 Y124.931 Z22.487 E896.42888
G1 X114.063 Y125.165 Z22.49 E896.49061
G1 X113.261 Y125.357 Z22.493 E896.55232
G1 X112.448 Y125.508 Z22.495 E896.6142
G1 X111.649 Y125.613 Z22.497 E896.67451
G1 X110.824 Y125.678 Z22.5 E896.73644
;TIME_ELAPSED:479.732625
;LAYER:74
;TYPE:WALL-OUTER
;MESH:flow_cal_cylinder_32x30.stl
G1 X110 Y125.7 Z22.503 E896.79813
G1 X109.176 Y125.678 Z22.505 E896.85981
G1 X108.351 Y125.613 Z22.508 E896.92175
G1 X107.552 Y125.508 Z22.51 E896.98205
G1 X106.739 Y125.357 Z22.512 E897.04394
G1 X105.937 Y125.165 Z22.515 E897.10565
G1 X105.146 Y124.931 Z22.518 E897.16738
G1 X104.366 Y124.654 Z22.52 E897.22932
G1 X103.618 Y124.344 Z22.522 E897.28992
G1 X102.874 Y123.989 Z22.525 E897.35161
G1 X102.151 Y123.597 Z22.528 E897.41316
G1 X101.443 Y123.163 Z22.53 E897.4753
G1 X100.777 Y122.705 Z22.532 E897.53579
G1 X100.114 Y122.196 Z22.535 E897.59834
G1 X99.489 Y121.662 Z22.538 E897.65986
G1 X98.898 Y121.102 Z22.54 E897.72079
G1 X98.334 Y120.506 Z22.543 E897.7822
G1 X97.802 Y119.883 Z22.545 E897.84351
G1 X97.294 Y119.222 Z22.548 E897.90589
G1 X96.837 Y118.557 Z22.55 E897.96628
G1 X96.4 Y117.843 Z22.553 E898.02892
G1 X96.008 Y117.121 Z22.555 E898.09041
G1 X95.654 Y116.379 Z22.558 E898.15193
G1 X95.345 Y115.631 Z22.56 E898.21249
G1 X95.069 Y114.854 Z22.562 E898.2742
G1 X94.833 Y114.056 Z22.565 E898.33648
G1 X94.642 Y113.257 Z22.568 E898.39796
G1 X94.492 Y112.448 Z22.57 E898.45953
G1 X94.387 Y111.649 Z22.572 E898.51984
G1 X94.322 Y110.824 Z22.575 E898.58177
G1 X94.3 Y110.008 Z22.577 E898.64286
G1 X94.322 Y109.171 Z22.58 E898.70551
G1 X94.387 Y108.351 Z22.583 E898.76707
G1 X94.492 Y107.552 Z22.585 E898.82738
G1 X94.642 Y106.743 Z22.587 E898.88895
G1 X94.833 Y105.944 Z22.59 E898.95043
G1 X95.071 Y105.141 Z22.593 E899.01311
G1 X95.346 Y104.366 Z22.595 E899.07465
G1 X95.654 Y103.621 Z22.597 E899.13498
G1 X96.008 Y102.879 Z22.6 E899.1965
G1 X96.4 Y102.157 Z22.602 E899.25798
G1 X96.837 Y101.443 Z22.605 E899.32063
G1 X97.294 Y100.778 Z22.607 E899.38102
G1 X97.804 Y100.114 Z22.61 E899.44367
G1 X98.338 Y99.489 Z22.613 E899.50519
G1 X98.898 Y98.898 Z22.615 E899.56612
G1 X99.489 Y98.338 Z22.617 E899.62705
G1 X100.114 Y97.804 Z22.62 E899.68857
G1 X100.778 Y97.294 Z22.623 E899.75123
G1 X101.443 Y96.837 Z22.625 E899.81161
G1 X102.151 Y96.403 Z22.628 E899.87376
G1 X102.874 Y96.011 Z22.63 E899.9353
G1 X103.618 Y95.656 Z22.633 E899.99699
G1 X104.366 Y95.346 Z22.635 E900.05759
G1 X105.146 Y95.069 Z22.637 E900.11953
G1 X105.937 Y94.835 Z22.64 E900.18126
G1 X106.739 Y94.643 Z22.643 E900.24298
G1 X107.552 Y94.492 Z22.645 E900.30486
G1 X108.351 Y94.387 Z22.647 E900.36517
G1 X109.176 Y94.322 Z22.65 E900.4271
G1 X110 Y94.3 Z22.653 E900.48878
G1 X110.824 Y94.322 Z22.655 E900.55047
G1 X111.649 Y94.387 Z22.658 E900.6124
G1 X112.448 Y94.492 Z22.66 E900.67271
G1 X113.261 Y94.643 Z22.662 E900.73459
G1 X114.063 Y94.835 Z22.665 E900.7963
G1 X114.854 Y95.069 Z22.668 E900.85804
G1 X115.634 Y95.346 Z22.67 E900.91998
G1 X116.382 Y95.656 Z22.672 E900.98057
G1 X117.126 Y96.011 Z22.675 E901.04226
G1 X117.849 Y96.403 Z22.678 E901.10381
G1 X118.557 Y96.837 Z22.68 E901.16596
G1 X119.222 Y97.294 Z22.682 E901.22634
G1 X119.886 Y97.804 Z22.685 E901.289
G1 X120.511 Y98.338 Z22.688 E901.35052
G1 X121.102 Y98.898 Z22.69 E901.41145
G1 X121.662 Y99.489 Z22.692 E901.47238
G1 X122.196 Y100.114 Z22.695 E901.5339
G1 X122.706 Y100.778 Z22.698 E901.59655
G1 X123.163 Y101.443 Z22.7 E901.65694
G1 X123.6 Y102.157 Z22.703 E901.71958
G1 X123.992 Y102.879 Z22.705 E901.78106
G1 X124.346 Y103.621 Z22.708 E901.84259
G1 X124.654 Y104.366 Z22.71 E901.90292
G1 X124.929 Y105.141 Z22.712 E901.96446
G1 X125.163 Y105.929 Z22.715 E902.02597
G1 X125.358 Y106.743 Z22.718 E902.08861
G1 X125.508 Y107.552 Z22.72 E902.15019
G1 X125.613 Y108.351 Z22.722 E902.21049
G1 X125.678 Y109.171 Z22.725 E902.27205
G1 X125.7 Y109.992 Z22.727 E902.33351
G1 X125.678 Y110.824 Z22.73 E902.3958
G1 X125.613 Y111.649 Z22.733 E902.45773
G1 X125.508 Y112.448 Z22.735 E902.51804
G1 X125.358 Y113.257 Z22.737 E902.57961
G1 X125.167 Y114.056 Z22.74 E902.64109
G1 X124.931 Y114.854 Z22.743 E902.70337
G1 X124.655 Y115.631 Z22.745 E902.76507
G1 X124.346 Y116.379 Z22.747 E902.82564
G1 X123.992 Y117.121 Z22.75 E902.88716
G1 X123.6 Y117.843 Z22.752 E902.94864
G1 X123.163 Y118.557 Z22.755 E903.01129
G1 X122.706 Y119.222 Z22.757 E903.07167
G1 X122.198 Y119.883 Z22.76 E903.13406
G1 X121.666 Y120.506 Z22.763 E903.19537
G1 X121.102 Y121.102 Z22.765 E903.25678
G1 X120.511 Y121.662 Z22.767 E903.31771
G1 X119.886 Y122.196 Z22.77 E903.37923
G1 X119.223 Y122.705 Z22.773 E903.44178
G1 X118.557 Y123.163 Z22.775 E903.50227
G1 X117.849 Y123.597 Z22.778 E903.56441
G1 X117.126 Y123.989 Z22.78 E903.62596
G1 X116.382 Y124.344 Z22.783 E903.68765
G1 X115.634 Y124.654 Z22.785 E903.74824
G1 X114.854 Y124.931 Z22.787 E903.81019
G1 X114.063 Y125.165 Z22.79 E903.87192
G1 X113.261 Y125.357 Z22.793 E903.93363
G1 X112.448 Y125.508 Z22.795 E903.99551
G1 X111.649 Y125.613 Z22.797 E904.05582
G1 X110.824 Y125.678 Z22.8 E904.11775
;TIME_ELAPSED:483.071161
;LAYER:75
;TYPE:WALL-OUTER
;MESH:flow_cal_cylinder_32x30.stl
G1 X110 Y125.7 Z22.803 E904.17944
G1 X109.176 Y125.678 Z22.805 E904.24113
G1 X108.351 Y125.613 Z22.808 E904.30306
G1 X107.552 Y125.508 Z22.81 E904.36336
G1 X106.739 Y125.357 Z22.812 E904.42525
G1 X105.937 Y125.165 Z22.815 E904.48696
G1 X105.146 Y124.931 Z22.818 E904.54869
G1 X104.366 Y124.654 Z22.82 E904.61063
G1 X103.618 Y124.344 Z22.822 E904.67123
G1 X102.874 Y123.989 Z22.825 E904.73292
G1 X102.151 Y123.597 Z22.828 E904.79447
G1 X101.443 Y123.163 Z22.83 E904.85661
G1 X100.777 Y122.705 Z22.832 E904.9171
G1 X100.114 Y122.196 Z22.835 E904.97965
G1 X99.489 Y121.662 Z22.838 E905.04117
G1 X98.898 Y121.102 Z22.84 E905.1021
G1 X98.334 Y120.506 Z22.843 E905.16351
G1 X97.802 Y119.883 Z22.845 E905.22482
G1 X97.294 Y119.222 Z22.848 E905.2872
G1 X96.837 Y118.557 Z22.85 E905.34759
G1 X96.4 Y117.843 Z22.853 E905.41023
G1 X96.008 Y117.121 Z22.855 E905.47172
G1 X95.654 Y116.379 Z22.858 E905.53324
G1 X95.345 Y115.631 Z22.86 E905.5938
G1 X95.069 Y114.854 Z22.862 E905.65551
G1 X94.833 Y114.056 Z22.865 E905.71779
G1 X94.642 Y113.257 Z22.868 E905.77927
G1 X94.492 Y112.448 Z22.87 E905.84084
G1 X94.387 Y111.649 Z22.872 E905.90115
G1 X94.322 Y110.824 Z22.875 E905.96308
G1 X94.3 Y110.008 Z22.877 E906.02417
G1 X94.322 Y109.171 Z22.88 E906.08683
G1 X94.387 Y108.351 Z22.883 E906.14838
G1 X94.492 Y107.552 Z22.885 E906.20869
G1 X94.642 Y106.743 Z22.887 E906.27026
G1 X94.833 Y105.944 Z22.89 E906.33174
G1 X95.071 Y105.141 Z22.893 E906.39442
G1 X95.346 Y104.366 Z22.895 E906.45596
G1 X95.654 Y103.621 Z22.897 E906.51629
G1 X96.008 Y102.879 Z22.9 E906.57781
G1 X96.4 Y102.157 Z22.902 E906.6393
G1 X96.837 Y101.443 Z22.905 E906.70194
G1 X97.294 Y100.778 Z22.907 E906.76233
G1 X97.804 Y100.114 Z22.91 E906.82498
G1 X98.338 Y99.489 Z22.913 E906.8865
G1 X98.898 Y98.898 Z22.915 E906.94743
G1 X99.489 Y98.338 Z22.917 E907.00836
G1 X100.114 Y97.804 Z22.92 E907.06988
G1 X100.778 Y97.294 Z22.923 E907.13254
G1 X101.443 Y96.837 Z22.925 E907.19292
G1 X102.151 Y96.403 Z22.928 E907.25507
G1 X102.874 Y96.011 Z22.93 E907.31661
G1 X103.618 Y95.656 Z22.933 E907.37831
G1 X104.366 Y95.346 Z22.935 E907.4389
G1 X105.146 Y95.069 Z22.937 E907.50084
G1 X105.937 Y94.835 Z22.94 E907.56257
G1 X106.739 Y94.643 Z22.943 E907.62429
G1 X107.552 Y94.492 Z22.945 E907.68617
G1 X108.351 Y94.387 Z22.947 E907.74648
G1 X109.176 Y94.322 Z22.95 E907.80841
G1 X110 Y94.3 Z22.953 E907.87009
G1 X110.824 Y94.322 Z22.955 E907.93178
G1 X111.649 Y94.387 Z22.958 E907.99371
G1 X112.448 Y94.492 Z22.96 E908.05402
G1 X113.261 Y94.643 Z22.962 E908.1159
G1 X114.063 Y94.835 Z22.965 E908.17762
G1 X114.854 Y95.069 Z22.968 E908.23935
G1 X115.634 Y95.346 Z22.97 E908.30129
G1 X116.382 Y95.656 Z22.972 E908.36188
G1 X117.126 Y96.011 Z22.975 E908.42357
G1 X117.849 Y96.403 Z22.978 E908.48512
G1 X118.557 Y96.837 Z22.98 E908.54727
G1 X119.222 Y97.294 Z22.982 E908.60765
G1 X119.886 Y97.804 Z22.985 E908.67031
G1 X120.511 Y98.338 Z22.988 E908.73183
G1 X121.102 Y98.898 Z22.99 E908.79276
G1 X121.662 Y99.489 Z22.992 E908.85369
G1 X122.196 Y100.114 Z22.995 E908.91521
G1 X122.706 Y100.778 Z22.998 E908.97786
G1 X123.163 Y101.443 Z23 E909.03825
G1 X123.6 Y102.157 Z23.003 E909.10089
G1 X123.992 Y102.879 Z23.005 E909.16237
G1 X124.346 Y103.621 Z23.008 E909.2239
G1 X124.654 Y104.366 Z23.01 E909.28423
G1 X124.929 Y105.141 Z23.012 E909.34577
G1 X125.163 Y105.929 Z23.015 E909.40728
G1 X125.358 Y106.743 Z23.018 E909.46992
G1 X125.508 Y107.552 Z23.02 E909.5315
G1 X125.613 Y108.351 Z23.022 E909.59181
G1 X125.678 Y109.171 Z23.025 E909.65336
G1 X125.7 Y109.992 Z23.027 E909.71483
G1 X125.678 Y110.824 Z23.03 E909.77711
G1 X125.613 Y111.649 Z23.033 E909.83904
G1 X125.508 Y112.448 Z23.035 E909.89935
G1 X125.358 Y113.257 Z23.037 E909.96092
G1 X125.167 Y114.056 Z23.04 E910.0224
G1 X124.931 Y114.854 Z23.043 E910.08468
G1 X124.655 Y115.631 Z23.045 E910.14638
G1 X124.346 Y116.379 Z23.047 E910.20695
G1 X123.992 Y117.121 Z23.05 E910.26847
G1 X123.6 Y117.843 Z23.052 E910.32995
G1 X123.163 Y118.557 Z23.055 E910.3926
G1 X122.706 Y119.222 Z23.057 E910.45298
G1 X122.198 Y119.883 Z23.06 E910.51537
G1 X121.666 Y120.506 Z23.063 E910.57668
G1 X121.102 Y121.102 Z23.065 E910.63809
G1 X120.511 Y121.662 Z23.067 E910.69902
G1 X119.886 Y122.196 Z23.07 E910.76054
G1 X119.223 Y122.705 Z23.073 E910.82309
G1 X118.557 Y123.163 Z23.075 E910.88358
G1 X117.849 Y123.597 Z23.078 E910.94572
G1 X117.126 Y123.989 Z23.08 E911.00727
G1 X116.382 Y124.344 Z23.083 E911.06896
G1 X115.634 Y124.654 Z23.085 E911.12955
G1 X114.854 Y124.931 Z23.087 E911.1915
G1 X114.063 Y125.165 Z23.09 E911.25323
G1 X113.261 Y125.357 Z23.093 E911.31494
G1 X112.448 Y125.508 Z23.095 E911.37682
G1 X111.649 Y125.613 Z23.097 E911.43713
G1 X110.824 Y125.678 Z23.1 E911.49906
;TIME_ELAPSED:486.409697
;LAYER:76
;TYPE:WALL-OUTER
;MESH:flow_cal_cylinder_32x30.stl
G1 X110 Y125.7 Z23.103 E911.56075
G1 X109.176 Y125.678 Z23.105 E911.62244
G1 X108.351 Y125.613 Z23.108 E911.68437
G1 X107.552 Y125.508 Z23.11 E911.74467
G1 X106.739 Y125.357 Z23.112 E911.80656
G1 X105.937 Y125.165 Z23.115 E911.86827
G1 X105.146 Y124.931 Z23.118 E911.93
G1 X104.366 Y124.654 Z23.12 E911.99195
G1 X103.618 Y124.344 Z23.122 E912.05254
G1 X102.874 Y123.989 Z23.125 E912.11423
G1 X102.151 Y123.597 Z23.128 E912.17578
G1 X101.443 Y123.163 Z23.13 E912.23792
G1 X100.777 Y122.705 Z23.132 E912.29841
G1 X100.114 Y122.196 Z23.135 E912.36096
G1 X99.489 Y121.662 Z23.138 E912.42248
G1 X98.898 Y121.102 Z23.14 E912.48341
G1 X98.334 Y120.506 Z23.143 E912.54482
G1 X97.802 Y119.883 Z23.145 E912.60613
G1 X97.294 Y119.222 Z23.148 E912.66851
G1 X96.837 Y118.557 Z23.15 E912.7289
G1 X96.4 Y117.843 Z23.153 E912.79155
G1 X96.008 Y117.121 Z23.155 E912.85303
G1 X95.654 Y116.379 Z23.158 E912.91455
G1 X95.345 Y115.631 Z23.16 E912.97512
G1 X95.069 Y114.854 Z23.162 E913.03682
G1 X94.833 Y114.056 Z23.165 E913.0991
G1 X94.642 Y113.257 Z23.168 E913.16058
G1 X94.492 Y112.448 Z23.17 E913.22215
G1 X94.387 Y111.649 Z23.172 E913.28246
G1 X94.322 Y110.824 Z23.175 E913.34439
G1 X94.3 Y110.008 Z23.177 E913.40548
G1 X94.322 Y109.171 Z23.18 E913.46814
G1 X94.387 Y108.351 Z23.183 E913.52969
G1 X94.492 Y107.552 Z23.185 E913.59
G1 X94.642 Y106.743 Z23.187 E913.65158
G1 X94.833 Y105.944 Z23.19 E913.71305
G1 X95.071 Y105.141 Z23.193 E913.77573
G1 X95.346 Y104.366 Z23.195 E913.83727
G1 X95.654 Y103.621 Z23.197 E913.8976
G1 X96.008 Y102.879 Z23.2 E913.95912
G1 X96.4 Y102.157 Z23.202 E914.02061
G1 X96.837 Y101.443 Z23.205 E914.08325
G1 X97.294 Y100.778 Z23.207 E914.14364
G1 X97.804 Y100.114 Z23.21 E914.20629
G1 X98.338 Y99.489 Z23.213 E914.26781
G1 X98.898 Y98.898 Z23.215 E914.32874
G1 X99.489 Y98.338 Z23.217 E914.38967
G1 X100.114 Y97.804 Z23.22 E914.45119
G1 X100.778 Y97.294 Z23.223 E914.51385
G1 X101.443 Y96.837 Z23.225 E914.57423
G1 X102.151 Y96.403 Z23.228 E914.63638
G1 X102.874 Y96.011 Z23.23 E914.69792
G1 X103.618 Y95.656 Z23.233 E914.75962
G1 X104.366 Y95.346 Z23.235 E914.82021
G1 X105.146 Y95.069 Z23.237 E914.88215
G1 X105.937 Y94.835 Z23.24 E914.94388
G1 X106.739 Y94.643 Z23.243 E915.0056
G1 X107.552 Y94.492 Z23.245 E915.06748
G1 X108.351 Y94.387 Z23.247 E915.12779
G1 X109.176 Y94.322 Z23.25 E915.18972
G1 X110 Y94.3 Z23.253 E915.25141
G1 X110.824 Y94.322 Z23.255 E915.31309
G1 X111.649 Y94.387 Z23.258 E915.37502
G1 X112.448 Y94.492 Z23.26 E915.43533
G1 X113.261 Y94.643 Z23.262 E915.49721
G1 X114.063 Y94.835 Z23.265 E915.55893
G1 X114.854 Y95.069 Z23.268 E915.62066
G1 X115.634 Y95.346 Z23.27 E915.6826
G1 X116.382 Y95.656 Z23.272 E915.74319
G1 X117.126 Y96.011 Z23.275 E915.80489
G1 X117.849 Y96.403 Z23.278 E915.86643
G1 X118.557 Y96.837 Z23.28 E915.92858
G1 X119.222 Y97.294 Z23.282 E915.98896
G1 X119.886 Y97.804 Z23.285 E916.05162
G1 X120.511 Y98.338 Z23.288 E916.11314
G1 X121.102 Y98.898 Z23.29 E916.17407
G1 X121.662 Y99.489 Z23.292 E916.235
G1 X122.196 Y100.114 Z23.295 E916.29652
G1 X122.706 Y100.778 Z23.298 E916.35917
G1 X123.163 Y101.443 Z23.3 E916.41956
G1 X123.6 Y102.157 Z23.303 E916.4822
G1 X123.992 Y102.879 Z23.305 E916.54369
G1 X124.346 Y103.621 Z23.308 E916.60521
G1 X124.654 Y104.366 Z23.31 E916.66554
G1 X124.929 Y105.141 Z23.312 E916.72708
G1 X125.163 Y105.929 Z23.315 E916.78859
G1 X125.358 Y106.743 Z23.318 E916.85123
G1 X125.508 Y107.552 Z23.32 E916.91281
G1 X125.613 Y108.351 Z23.322 E916.97312
G1 X125.678 Y109.171 Z23.325 E917.03467
G1 X125.7 Y109.992 Z23.327 E917.09614
G1 X125.678 Y110.824 Z23.33 E917.15842
G1 X125.613 Y111.649 Z23.333 E917.22035
G1 X125.508 Y112.448 Z23.335 E917.28066
G1 X125.358 Y113.257 Z23.337 E917.34223
G1 X125.167 Y114.056 Z23.34 E917.40371
G1 X124.931 Y114.854 Z23.343 E917.46599
G1 X124.655 Y115.631 Z23.345 E917.52769
G1 X124.346 Y116.379 Z23.347 E917.58826
G1 X123.992 Y117.121 Z23.35 E917.64978
G1 X123.6 Y117.843 Z23.352 E917.71126
G1 X123.163 Y118.557 Z23.355 E917.77391
G1 X122.706 Y119.222 Z23.357 E917.8343
G1 X122.198 Y119.883 Z23.36 E917.89668
G1 X121.666 Y120.506 Z23.363 E917.95799
G1 X121.102 Y121.102 Z23.365 E918.0194
G1 X120.511 Y121.662 Z23.367 E918.08033
G1 X119.886 Y122.196 Z23.37 E918.14185
G1 X119.223 Y122.705 Z23.373 E918.2044
G1 X118.557 Y123.163 Z23.375 E918.26489
G1 X117.849 Y123.597 Z23.378 E918.32703
G1 X117.126 Y123.989 Z23.38 E918.38858
G1 X116.382 Y124.344 Z23.383 E918.45027
G1 X115.634 Y124.654 Z23.385 E918.51086
G1 X114.854 Y124.931 Z23.387 E918.57281
G1 X114.063 Y125.165 Z23.39 E918.63454
G1 X113.261 Y125.357 Z23.393 E918.69625
G1 X112.448 Y125.508 Z23.395 E918.75814
G1 X111.649 Y125.613 Z23.397 E918.81844
G1 X110.824 Y125.678 Z23.4 E918.88037
;TIME_ELAPSED:489.748232
;LAYER:77
;TYPE:WALL-OUTER
;MESH:flow_cal_cylinder_32x30.stl
G1 X110 Y125.7 Z23.403 E918.94206
G1 X109.176 Y125.678 Z23.405 E919.00375
G1 X108.351 Y125.613 Z23.408 E919.06568
G1 X107.552 Y125.508 Z23.41 E919.12599
G1 X106.739 Y125.357 Z23.412 E919.18787
G1 X105.937 Y125.165 Z23.415 E919.24958
G1 X105.146 Y124.931 Z23.418 E919.31131
G1 X104.366 Y124.654 Z23.42 E919.37326
G1 X103.618 Y124.344 Z23.422 E919.43385
G1 X102.874 Y123.989 Z23.425 E919.49554
G1 X102.151 Y123.597 Z23.428 E919.55709
G1 X101.443 Y123.163 Z23.43 E919.61923
G1 X100.777 Y122.705 Z23.432 E919.67972
G1 X100.114 Y122.196 Z23.435 E919.74227
G1 X99.489 Y121.662 Z23.438 E919.80379
G1 X98.898 Y121.102 Z23.44 E919.86472
G1 X98.334 Y120.506 Z23.443 E919.92613
G1 X97.802 Y119.883 Z23.445 E919.98744
G1 X97.294 Y119.222 Z23.448 E920.04983
G1 X96.837 Y118.557 Z23.45 E920.11021
G1 X96.4 Y117.843 Z23.453 E920.17286
G1 X96.008 Y117.121 Z23.455 E920.23434
G1 X95.654 Y116.379 Z23.458 E920.29586
G1 X95.345 Y115.631 Z23.46 E920.35643
G1 X95.069 Y114.854 Z23.462 E920.41813
G1 X94.833 Y114.056 Z23.465 E920.48041
G1 X94.642 Y113.257 Z23.468 E920.54189
G1 X94.492 Y112.448 Z23.47 E920.60346
G1 X94.387 Y111.649 Z23.472 E920.66377
G1 X94.322 Y110.824 Z23.475 E920.7257
G1 X94.3 Y110.008 Z23.477 E920.78679
G1 X94.322 Y109.171 Z23.48 E920.84945
G1 X94.387 Y108.351 Z23.483 E920.911
G1 X94.492 Y107.552 Z23.485 E920.97131
G1 X94.642 Y106.743 Z23.487 E921.03289
G1 X94.833 Y105.944 Z23.49 E921.09436
G1 X95.071 Y105.141 Z23.493 E921.15704
G1 X95.346 Y104.366 Z23.495 E921.21858
G1 X95.654 Y103.621 Z23.497 E921.27891
G1 X96.008 Y102.879 Z23.5 E921.34044
G1 X96.4 Y102.157 Z23.502 E921.40192
G1 X96.837 Y101.443 Z23.505 E921.46456
G1 X97.294 Y100.778 Z23.507 E921.52495
G1 X97.804 Y100.114 Z23.51 E921.5876
G1 X98.338 Y99.489 Z23.513 E921.64912
G1 X98.898 Y98.898 Z23.515 E921.71005
G1 X99.489 Y98.338 Z23.517 E921.77098
G1 X100.114 Y97.804 Z23.52 E921.8325
G1 X100.778 Y97.294 Z23.523 E921.89516
G1 X101.443 Y96.837 Z23.525 E921.95554
G1 X102.151 Y96.403 Z23.528 E922.01769
G1 X102.874 Y96.011 Z23.53 E922.07924
G1 X103.618 Y95.656 Z23.533 E922.14093
G1 X104.366 Y95.346 Z23.535 E922.20152
G1 X105.146 Y95.069 Z23.537 E922.26346
G1 X105.937 Y94.835 Z23.54 E922.32519
G1 X106.739 Y94.643 Z23.543 E922.38691
G1 X107.552 Y94.492 Z23.545 E922.44879
G1 X108.351 Y94.387 Z23.547 E922.5091
G1 X109.176 Y94.322 Z23.55 E922.57103
G1 X110 Y94.3 Z23.553 E922.63272
G1 X110.824 Y94.322 Z23.555 E922.6944
G1 X111.649 Y94.387 Z23.558 E922.75633
G1 X112.448 Y94.492 Z23.56 E922.81664
G1 X113.261 Y94.643 Z23.562 E922.87852
G1 X114.063 Y94.835 Z23.565 E922.94024
G1 X114.854 Y95.069 Z23.568 E923.00197
G1 X115.634 Y95.346 Z23.57 E923.06391
G1 X116.382 Y95.656 Z23.572 E923.1245
G1 X117.126 Y96.011 Z23.575 E923.1862
G1 X117.849 Y96.403 Z23.578 E923.24774
G1 X118.557 Y96.837 Z23.58 E923.30989
G1 X119.222 Y97.294 Z23.582 E923.37027
G1 X119.886 Y97.804 Z23.585 E923.43293
G1 X120.511 Y98.338 Z23.588 E923.49445
G1 X121.102 Y98.898 Z23.59 E923.55538
G1 X121.662 Y99.489 Z23.592 E923.61631
G1 X122.196 Y100.114 Z23.595 E923.67783
G1 X122.706 Y100.778 Z23.598 E923.74048
G1 X123.163 Y101.443 Z23.6 E923.80087
G1 X123.6 Y102.157 Z23.603 E923.86351
G1 X123.992 Y102.879 Z23.605 E923.925
G1 X124.346 Y103.621 Z23.608 E923.98652
G1 X124.654 Y104.366 Z23.61 E924.04685
G1 X124.929 Y105.141 Z23.612 E924.10839
G1 X125.163 Y105.929 Z23.615 E924.16991
G1 X125.358 Y106.743 Z23.618 E924.23255
G1 X125.508 Y107.552 Z23.62 E924.29412
G1 X125.613 Y108.351 Z23.622 E924.35443
G1 X125.678 Y109.171 Z23.625 E924.41598
G1 X125.7 Y109.992 Z23.627 E924.47745
G1 X125.678 Y110.824 Z23.63 E924.53973
G1 X125.613 Y111.649 Z23.633 E924.60166
G1 X125.508 Y112.448 Z23.635 E924.66197
G1 X125.358 Y113.257 Z23.637 E924.72354
G1 X125.167 Y114.056 Z23.64 E924.78502
G1 X124.931 Y114.854 Z23.643 E924.8473
G1 X124.655 Y115.631 Z23.645 E924.90901
G1 X124.346 Y116.379 Z23.647 E924.96957
G1 X123.992 Y117.121 Z23.65 E925.03109
G1 X123.6 Y117.843 Z23.652 E925.09258
G1 X123.163 Y118.557 Z23.655 E925.15522
G1 X122.706 Y119.222 Z23.657 E925.21561
G1 X122.198 Y119.883 Z23.66 E925.27799
G1 X121.666 Y120.506 Z23.663 E925.3393
G1 X121.102 Y121.102 Z23.665 E925.40071
G1 X120.511 Y121.662 Z23.667 E925.46164
G1 X119.886 Y122.196 Z23.67 E925.52316
G1 X119.223 Y122.705 Z23.673 E925.58571
G1 X118.557 Y123.163 Z23.675 E925.6462
G1 X117.849 Y123.597 Z23.678 E925.70834
G1 X117.126 Y123.989 Z23.68 E925.76989
G1 X116.382 Y124.344 Z23.683 E925.83158
G1 X115.634 Y124.654 Z23.685 E925.89218
G1 X114.854 Y124.931 Z23.687 E925.95412
G1 X114.063 Y125.165 Z23.69 E926.01585
G1 X113.261 Y125.357 Z23.693 E926.07756
G1 X112.448 Y125.508 Z23.695 E926.13945
G1 X111.649 Y125.613 Z23.697 E926.19975
G1 X110.824 Y125.678 Z23.7 E926.26168
;TIME_ELAPSED:493.086768
;LAYER:78
;TYPE:WALL-OUTER
;MESH:flow_cal_cylinder_32x30.stl
G1 X110 Y125.7 Z23.703 E926.32337
G1 X109.176 Y125.678 Z23.705 E926.38506
G1 X108.351 Y125.613 Z23.708 E926.44699
G1 X107.552 Y125.508 Z23.71 E926.5073
G1 X106.739 Y125.357 Z23.712 E926.56918
G1 X105.937 Y125.165 Z23.715 E926.63089
G1 X105.146 Y124.931 Z23.718 E926.69262
G1 X104.366 Y124.654 Z23.72 E926.75457
G1 X103.618 Y124.344 Z23.722 E926.81516
G1 X102.874 Y123.989 Z23.725 E926.87685
G1 X102.151 Y123.597 Z23.728 E926.9384
G1 X101.443 Y123.163 Z23.73 E927.00054
G1 X100.777 Y122.705 Z23.732 E927.06103
G1 X100.114 Y122.196 Z23.735 E927.12358
G1 X99.489 Y121.662 Z23.738 E927.1851
G1 X98.898 Y121.102 Z23.74 E927.24603
G1 X98.334 Y120.506 Z23.743 E927.30744
G1 X97.802 Y119.883 Z23.745 E927.36875
G1 X97.294 Y119.222 Z23.748 E927.43114
G1 X96.837 Y118.557 Z23.75 E927.49152
G1 X96.4 Y117.843 Z23.753 E927.55417
G1 X96.008 Y117.121 Z23.755 E927.61565
G1 X95.654 Y116.379 Z23.758 E927.67717
G1 X95.345 Y115.631 Z23.76 E927.73774
G1 X95.069 Y114.854 Z23.762 E927.79944
G1 X94.833 Y114.056 Z23.765 E927.86172
G1 X94.642 Y113.257 Z23.768 E927.9232
G1 X94.492 Y112.448 Z23.77 E927.98477
G1 X94.387 Y111.649 Z23.772 E928.04508
G1 X94.322 Y110.824 Z23.775 E928.10701
G1 X94.3 Y110.008 Z23.777 E928.1681
G1 X94.322 Y109.171 Z23.78 E928.23076
G1 X94.387 Y108.351 Z23.783 E928.29232
G1 X94.492 Y107.552 Z23.785 E928.35262
G1 X94.642 Y106.743 Z23.787 E928.4142
G1 X94.833 Y105.944 Z23.79 E928.47568
G1 X95.071 Y105.141 Z23.793 E928.53835
G1 X95.346 Y104.366 Z23.795 E928.59989
G1 X95.654 Y103.621 Z23.797 E928.66022
G1 X96.008 Y102.879 Z23.8 E928.72175
G1 X96.4 Y102.157 Z23.802 E928.78323
G1 X96.837 Y101.443 Z23.805 E928.84587
G1 X97.294 Y100.778 Z23.807 E928.90626
G1 X97.804 Y100.114 Z23.81 E928.96891
G1 X98.338 Y99.489 Z23.813 E929.03043
G1 X98.898 Y98.898 Z23.815 E929.09136
G1 X99.489 Y98.338 Z23.817 E929.15229
G1 X100.114 Y97.804 Z23.82 E929.21381
G1 X100.778 Y97.294 Z23.823 E929.27647
G1 X101.443 Y96.837 Z23.825 E929.33685
G1 X102.151 Y96.403 Z23.828 E929.399
G1 X102.874 Y96.011 Z23.83 E929.46055
G1 X103.618 Y95.656 Z23.833 E929.52224
G1 X104.366 Y95.346 Z23.835 E929.58283
G1 X105.146 Y95.069 Z23.837 E929.64477
G1 X105.937 Y94.835 Z23.84 E929.70651
G1 X106.739 Y94.643 Z23.843 E929.76822
G1 X107.552 Y94.492 Z23.845 E929.8301
G1 X108.351 Y94.387 Z23.847 E929.89041
G1 X109.176 Y94.322 Z23.85 E929.95234
G1 X110 Y94.3 Z23.853 E930.01403
G1 X110.824 Y94.322 Z23.855 E930.07571
G1 X111.649 Y94.387 Z23.858 E930.13764
G1 X112.448 Y94.492 Z23.86 E930.19795
G1 X113.261 Y94.643 Z23.862 E930.25983
G1 X114.063 Y94.835 Z23.865 E930.32155
G1 X114.854 Y95.069 Z23.868 E930.38328
G1 X115.634 Y95.346 Z23.87 E930.44522
G1 X116.382 Y95.656 Z23.872 E930.50582
G1 X117.126 Y96.011 Z23.875 E930.56751
G1 X117.849 Y96.403 Z23.878 E930.62905
G1 X118.557 Y96.837 Z23.88 E930.6912
G1 X119.222 Y97.294 Z23.882 E930.75158
G1 X119.886 Y97.804 Z23.885 E930.81424
G1 X120.511 Y98.338 Z23.888 E930.87576
G1 X121.102 Y98.898 Z23.89 E930.93669
G1 X121.662 Y99.489 Z23.892 E930.99762
G1 X122.196 Y100.114 Z23.895 E931.05914
G1 X122.706 Y100.778 Z23.898 E931.12179
G1 X123.163 Y101.443 Z23.9 E931.18218
G1 X123.6 Y102.157 Z23.903 E931.24483
G1 X123.992 Y102.879 Z23.905 E931.30631
G1 X124.346 Y103.621 Z23.908 E931.36783
G1 X124.654 Y104.366 Z23.91 E931.42816
G1 X124.929 Y105.141 Z23.912 E931.4897
G1 X125.163 Y105.929 Z23.915 E931.55122
G1 X125.358 Y106.743 Z23.918 E931.61386
G1 X125.508 Y107.552 Z23.92 E931.67543
G1 X125.613 Y108.351 Z23.922 E931.73574
G1 X125.678 Y109.171 Z23.925 E931.7973
G1 X125.7 Y109.992 Z23.927 E931.85876
G1 X125.678 Y110.824 Z23.93 E931.92104
G1 X125.613 Y111.649 Z23.933 E931.98297
G1 X125.508 Y112.448 Z23.935 E932.04328
G1 X125.358 Y113.257 Z23.937 E932.10485
G1 X125.167 Y114.056 Z23.94 E932.16633
G1 X124.931 Y114.854 Z23.943 E932.22861
G1 X124.655 Y115.631 Z23.945 E932.29032
G1 X124.346 Y116.379 Z23.947 E932.35088
G1 X123.992 Y117.121 Z23.95 E932.4124
G1 X123.6 Y117.843 Z23.952 E932.47389
G1 X123.163 Y118.557 Z23.955 E932.53653
G1 X122.706 Y119.222 Z23.957 E932.59692
G1 X122.198 Y119.883 Z23.96 E932.6593
G1 X121.666 Y120.506 Z23.963 E932.72061
G1 X121.102 Y121.102 Z23.965 E932.78202
G1 X120.511 Y121.662 Z23.967 E932.84295
G1 X119.886 Y122.196 Z23.97 E932.90447
G1 X119.223 Y122.705 Z23.973 E932.96702
G1 X118.557 Y123.163 Z23.975 E933.02751
G1 X117.849 Y123.597 Z23.978 E933.08965
G1 X117.126 Y123.989 Z23.98 E933.1512
G1 X116.382 Y124.344 Z23.983 E933.21289
G1 X115.634 Y124.654 Z23.985 E933.27349
G1 X114.854 Y124.931 Z23.987 E933.33543
G1 X114.063 Y125.165 Z23.99 E933.39716
G1 X113.261 Y125.357 Z23.993 E933.45887
G1 X112.448 Y125.508 Z23.995 E933.52076
G1 X111.649 Y125.613 Z23.997 E933.58106
G1 X110.824 Y125.678 Z24 E933.643
;TIME_ELAPSED:496.425304
;LAYER:79
;TYPE:WALL-OUTER
;MESH:flow_cal_cylinder_32x30.stl
G1 X110 Y125.7 Z24.003 E933.70468
G1 X109.176 Y125.678 Z24.005 E933.76637
G1 X108.351 Y125.613 Z24.008 E933.8283
G1 X107.552 Y125.508 Z24.01 E933.88861
G1 X106.739 Y125.357 Z24.012 E933.95049
G1 X105.937 Y125.165 Z24.015 E934.0122
G1 X105.146 Y124.931 Z24.018 E934.07393
G1 X104.366 Y124.654 Z24.02 E934.13588
G1 X103.618 Y124.344 Z24.022 E934.19647
G1 X102.874 Y123.989 Z24.025 E934.25816
G1 X102.151 Y123.597 Z24.028 E934.31971
G1 X101.443 Y123.163 Z24.03 E934.38186
G1 X100.777 Y122.705 Z24.032 E934.44234
G1 X100.114 Y122.196 Z24.035 E934.5049
G1 X99.489 Y121.662 Z24.038 E934.56641
G1 X98.898 Y121.102 Z24.04 E934.62734
G1 X98.334 Y120.506 Z24.043 E934.68875
G1 X97.802 Y119.883 Z24.045 E934.75006
G1 X97.294 Y119.222 Z24.048 E934.81245
G1 X96.837 Y118.557 Z24.05 E934.87283
G1 X96.4 Y117.843 Z24.053 E934.93548
G1 X96.008 Y117.121 Z24.055 E934.99696
G1 X95.654 Y116.379 Z24.058 E935.05848
G1 X95.345 Y115.631 Z24.06 E935.11905
G1 X95.069 Y114.854 Z24.062 E935.18075
G1 X94.833 Y114.056 Z24.065 E935.24303
G1 X94.642 Y113.257 Z24.068 E935.30451
G1 X94.492 Y112.448 Z24.07 E935.36608
G1 X94.387 Y111.649 Z24.072 E935.42639
G1 X94.322 Y110.824 Z24.075 E935.48832
G1 X94.3 Y110.008 Z24.077 E935.54941
G1 X94.322 Y109.171 Z24.08 E935.61207
G1 X94.387 Y108.351 Z24.083 E935.67363
G1 X94.492 Y107.552 Z24.085 E935.73393
G1 X94.642 Y106.743 Z24.087 E935.79551
G1 X94.833 Y105.944 Z24.09 E935.85699
G1 X95.071 Y105.141 Z24.093 E935.91966
G1 X95.346 Y104.366 Z24.095 E935.9812
G1 X95.654 Y103.621 Z24.097 E936.04153
G1 X96.008 Y102.879 Z24.1 E936.10306
G1 X96.4 Y102.157 Z24.102 E936.16454
G1 X96.837 Y101.443 Z24.105 E936.22718
G1 X97.294 Y100.778 Z24.107 E936.28757
G1 X97.804 Y100.114 Z24.11 E936.35023
G1 X98.338 Y99.489 Z24.113 E936.41174
G1 X98.898 Y98.898 Z24.115 E936.47267
G1 X99.489 Y98.338 Z24.117 E936.5336
G1 X100.114 Y97.804 Z24.12 E936.59512
G1 X100.778 Y97.294 Z24.123 E936.65778
G1 X101.443 Y96.837 Z24.125 E936.71816
G1 X102.151 Y96.403 Z24.128 E936.78031
G1 X102.874 Y96.011 Z24.13 E936.84186
G1 X103.618 Y95.656 Z24.133 E936.90355
G1 X104.366 Y95.346 Z24.135 E936.96414
G1 X105.146 Y95.069 Z24.137 E937.02608
G1 X105.937 Y94.835 Z24.14 E937.08782
G1 X106.739 Y94.643 Z24.143 E937.14953
G1 X107.552 Y94.492 Z24.145 E937.21141
G1 X108.351 Y94.387 Z24.147 E937.27172
G1 X109.176 Y94.322 Z24.15 E937.33365
G1 X110 Y94.3 Z24.153 E937.39534
G1 X110.824 Y94.322 Z24.155 E937.45702
G1 X111.649 Y94.387 Z24.158 E937.51895
G1 X112.448 Y94.492 Z24.16 E937.57926
G1 X113.261 Y94.643 Z24.162 E937.64114
G1 X114.063 Y94.835 Z24.165 E937.70286
G1 X114.854 Y95.069 Z24.168 E937.76459
G1 X115.634 Y95.346 Z24.17 E937.82653
G1 X116.382 Y95.656 Z24.172 E937.88713
G1 X117.126 Y96.011 Z24.175 E937.94882
G1 X117.849 Y96.403 Z24.178 E938.01036
G1 X118.557 Y96.837 Z24.18 E938.07251
G1 X119.222 Y97.294 Z24.182 E938.13289
G1 X119.886 Y97.804 Z24.185 E938.19555
G1 X120.511 Y98.338 Z24.188 E938.25707
G1 X121.102 Y98.898 Z24.19 E938.318
G1 X121.662 Y99.489 Z24.192 E938.37893
G1 X122.196 Y100.114 Z24.195 E938.44045
G1 X122.706 Y100.778 Z24.198 E938.50311
G1 X123.163 Y101.443 Z24.2 E938.56349
G1 X123.6 Y102.157 Z24.203 E938.62614
G1 X123.992 Y102.879 Z24.205 E938.68762
G1 X124.346 Y103.621 Z24.208 E938.74914
G1 X124.654 Y104.366 Z24.21 E938.80947
G1 X124.929 Y105.141 Z24.212 E938.87101
G1 X125.163 Y105.929 Z24.215 E938.93253
G1 X125.358 Y106.743 Z24.218 E938.99517
G1 X125.508 Y107.552 Z24.22 E939.05674
G1 X125.613 Y108.351 Z24.222 E939.11705
G1 X125.678 Y109.171 Z24.225 E939.17861
G1 X125.7 Y109.992 Z24.227 E939.24007
G1 X125.678 Y110.824 Z24.23 E939.30235
G1 X125.613 Y111.649 Z24.233 E939.36428
G1 X125.508 Y112.448 Z24.235 E939.42459
G1 X125.358 Y113.257 Z24.237 E939.48617
G1 X125.167 Y114.056 Z24.24 E939.54764
G1 X124.931 Y114.854 Z24.243 E939.60992
G1 X124.655 Y115.631 Z24.245 E939.67163
G1 X124.346 Y116.379 Z24.247 E939.73219
G1 X123.992 Y117.121 Z24.25 E939.79372
G1 X123.6 Y117.843 Z24.252 E939.8552
G1 X123.163 Y118.557 Z24.255 E939.91784
G1 X122.706 Y119.222 Z24.257 E939.97823
G1 X122.198 Y119.883 Z24.26 E940.04061
G1 X121.666 Y120.506 Z24.263 E940.10192
G1 X121.102 Y121.102 Z24.265 E940.16333
G1 X120.511 Y121.662 Z24.267 E940.22426
G1 X119.886 Y122.196 Z24.27 E940.28578
G1 X119.223 Y122.705 Z24.273 E940.34833
G1 X118.557 Y123.163 Z24.275 E940.40882
G1 X117.849 Y123.597 Z24.278 E940.47096
G1 X117.126 Y123.989 Z24.28 E940.53251
G1 X116.382 Y124.344 Z24.283 E940.5942
G1 X115.634 Y124.654 Z24.285 E940.6548
G1 X114.854 Y124.931 Z24.287 E940.71674
G1 X114.063 Y125.165 Z24.29 E940.77847
G1 X113.261 Y125.357 Z24.293 E940.84019
G1 X112.448 Y125.508 Z24.295 E940.90207
G1 X111.649 Y125.613 Z24.297 E940.96237
G1 X110.824 Y125.678 Z24.3 E941.02431
;TIME_ELAPSED:499.763840
;LAYER:80
;TYPE:WALL-OUTER
;MESH:flow_cal_cylinder_32x30.stl
G1 X110 Y125.7 Z24.303 E941.08599
G1 X109.176 Y125.678 Z24.305 E941.14768
G1 X108.351 Y125.613 Z24.308 E941.20961
G1 X107.552 Y125.508 Z24.31 E941.26992
G1 X106.739 Y125.357 Z24.312 E941.3318
G1 X105.937 Y125.165 Z24.315 E941.39351
G1 X105.146 Y124.931 Z24.318 E941.45524
G1 X104.366 Y124.654 Z24.32 E941.51719
G1 X103.618 Y124.344 Z24.322 E941.57778
G1 X102.874 Y123.989 Z24.325 E941.63947
G1 X102.151 Y123.597 Z24.328 E941.70102
G1 X101.443 Y123.163 Z24.33 E941.76317
G1 X100.777 Y122.705 Z24.332 E941.82365
G1 X100.114 Y122.196 Z24.335 E941.88621
G1 X99.489 Y121.662 Z24.338 E941.94773
G1 X98.898 Y121.102 Z24.34 E942.00865
G1 X98.334 Y120.506 Z24.343 E942.07006
G1 X97.802 Y119.883 Z24.345 E942.13137
G1 X97.294 Y119.222 Z24.348 E942.19376
G1 X96.837 Y118.557 Z24.35 E942.25414
G1 X96.4 Y117.843 Z24.353 E942.31679
G1 X96.008 Y117.121 Z24.355 E942.37827
G1 X95.654 Y116.379 Z24.358 E942.43979
G1 X95.345 Y115.631 Z24.36 E942.50036
G1 X95.069 Y114.854 Z24.362 E942.56206
G1 X94.833 Y114.056 Z24.365 E942.62434
G1 X94.642 Y113.257 Z24.368 E942.68582
G1 X94.492 Y112.448 Z24.37 E942.74739
G1 X94.387 Y111.649 Z24.372 E942.8077
G1 X94.322 Y110.824 Z24.375 E942.86963
G1 X94.3 Y110.008 Z24.377 E942.93072
G1 X94.322 Y109.171 Z24.38 E942.99338
G1 X94.387 Y108.351 Z24.383 E943.05494
G1 X94.492 Y107.552 Z24.385 E943.11524
G1 X94.642 Y106.743 Z24.387 E943.17682
G1 X94.833 Y105.944 Z24.39 E943.2383
G1 X95.071 Y105.141 Z24.393 E943.30097
G1 X95.346 Y104.366 Z24.395 E943.36251
G1 X95.654 Y103.621 Z24.397 E943.42284
G1 X96.008 Y102.879 Z24.4 E943.48437
G1 X96.4 Y102.157 Z24.402 E943.54585
G1 X96.837 Y101.443 Z24.405 E943.60849
G1 X97.294 Y100.778 Z24.407 E943.66888
G1 X97.804 Y100.114 Z24.41 E943.73154
G1 X98.338 Y99.489 Z24.413 E943.79306
G1 X98.898 Y98.898 Z24.415 E943.85398
G1 X99.489 Y98.338 Z24.417 E943.91491
G1 X100.114 Y97.804 Z24.42 E943.97643
G1 X100.778 Y97.294 Z24.423 E944.03909
G1 X101.443 Y96.837 Z24.425 E944.09947
G1 X102.151 Y96.403 Z24.428 E944.16162
G1 X102.874 Y96.011 Z24.43 E944.22317
G1 X103.618 Y95.656 Z24.433 E944.28486
G1 X104.366 Y95.346 Z24.435 E944.34545
G1 X105.146 Y95.069 Z24.437 E944.4074
G1 X105.937 Y94.835 Z24.44 E944.46913
G1 X106.739 Y94.643 Z24.443 E944.53084
G1 X107.552 Y94.492 Z24.445 E944.59272
G1 X108.351 Y94.387 Z24.447 E944.65303
G1 X109.176 Y94.322 Z24.45 E944.71496
G1 X110 Y94.3 Z24.453 E944.77665
G1 X110.824 Y94.322 Z24.455 E944.83833
G1 X111.649 Y94.387 Z24.458 E944.90026
G1 X112.448 Y94.492 Z24.46 E944.96057
G1 X113.261 Y94.643 Z24.462 E945.02245
G1 X114.063 Y94.835 Z24.465 E945.08417
G1 X114.854 Y95.069 Z24.468 E945.1459
G1 X115.634 Y95.346 Z24.47 E945.20784
G1 X116.382 Y95.656 Z24.472 E945.26844
G1 X117.126 Y96.011 Z24.475 E945.33013
G1 X117.849 Y96.403 Z24.478 E945.39168
G1 X118.557 Y96.837 Z24.48 E945.45382
G1 X119.222 Y97.294 Z24.482 E945.51421
G1 X119.886 Y97.804 Z24.485 E945.57686
G1 X120.511 Y98.338 Z24.488 E945.63838
G1 X121.102 Y98.898 Z24.49 E945.69931
G1 X121.662 Y99.489 Z24.492 E945.76024
G1 X122.196 Y100.114 Z24.495 E945.82176
G1 X122.706 Y100.778 Z24.498 E945.88442
G1 X123.163 Y101.443 Z24.5 E945.9448
G1 X123.6 Y102.157 Z24.503 E946.00745
G1 X123.992 Y102.879 Z24.505 E946.06893
G1 X124.346 Y103.621 Z24.508 E946.13045
G1 X124.654 Y104.366 Z24.51 E946.19078
G1 X124.929 Y105.141 Z24.512 E946.25232
G1 X125.163 Y105.929 Z24.515 E946.31384
G1 X125.358 Y106.743 Z24.518 E946.37648
G1 X125.508 Y107.552 Z24.52 E946.43805
G1 X125.613 Y108.351 Z24.522 E946.49836
G1 X125.678 Y109.171 Z24.525 E946.55992
G1 X125.7 Y109.992 Z24.527 E946.62138
G1 X125.678 Y110.824 Z24.53 E946.68366
G1 X125.613 Y111.649 Z24.533 E946.74559
G1 X125.508 Y112.448 Z24.535 E946.8059
G1 X125.358 Y113.257 Z24.537 E946.86748
G1 X125.167 Y114.056 Z24.54 E946.92895
G1 X124.931 Y114.854 Z24.543 E946.99123
G1 X124.655 Y115.631 Z24.545 E947.05294
G1 X124.346 Y116.379 Z24.547 E947.1135
G1 X123.992 Y117.121 Z24.55 E947.17503
G1 X123.6 Y117.843 Z24.552 E947.23651
G1 X123.163 Y118.557 Z24.555 E947.29915
G1 X122.706 Y119.222 Z24.557 E947.35954
G1 X122.198 Y119.883 Z24.56 E947.42193
G1 X121.666 Y120.506 Z24.563 E947.48323
G1 X121.102 Y121.102 Z24.565 E947.54464
G1 X120.511 Y121.662 Z24.567 E947.60557
G1 X119.886 Y122.196 Z24.57 E947.66709
G1 X119.223 Y122.705 Z24.573 E947.72964
G1 X118.557 Y123.163 Z24.575 E947.79013
G1 X117.849 Y123.597 Z24.578 E947.85228
G1 X117.126 Y123.989 Z24.58 E947.91382
G1 X116.382 Y124.344 Z24.583 E947.97551
G1 X115.634 Y124.654 Z24.585 E948.03611
G1 X114.854 Y124.931 Z24.587 E948.09805
G1 X114.063 Y125.165 Z24.59 E948.15978
G1 X113.261 Y125.357 Z24.593 E948.2215
G1 X112.448 Y125.508 Z24.595 E948.28338
G1 X111.649 Y125.613 Z24.597 E948.34369
G1 X110.824 Y125.678 Z24.6 E948.40562
;TIME_ELAPSED:503.102376
;LAYER:81
;TYPE:WALL-OUTER
;MESH:flow_cal_cylinder_32x30.stl
G1 X110 Y125.7 Z24.603 E948.4673
G1 X109.176 Y125.678 Z24.605 E948.52899
G1 X108.351 Y125.613 Z24.608 E948.59092
G1 X107.552 Y125.508 Z24.61 E948.65123
G1 X106.739 Y125.357 Z24.612 E948.71311
G1 X105.937 Y125.165 Z24.615 E948.77482
G1 X105.146 Y124.931 Z24.618 E948.83656
G1 X104.366 Y124.654 Z24.62 E948.8985
G1 X103.618 Y124.344 Z24.622 E948.95909
G1 X102.874 Y123.989 Z24.625 E949.02078
G1 X102.151 Y123.597 Z24.628 E949.08233
G1 X101.443 Y123.163 Z24.63 E949.14448
G1 X100.777 Y122.705 Z24.632 E949.20496
G1 X100.114 Y122.196 Z24.635 E949.26752
G1 X99.489 Y121.662 Z24.638 E949.32904
G1 X98.898 Y121.102 Z24.64 E949.38997
G1 X98.334 Y120.506 Z24.643 E949.45137
G1 X97.802 Y119.883 Z24.645 E949.51268
G1 X97.294 Y119.222 Z24.648 E949.57507
G1 X96.837 Y118.557 Z24.65 E949.63545
G1 X96.4 Y117.843 Z24.653 E949.6981
G1 X96.008 Y117.121 Z24.655 E949.75958
G1 X95.654 Y116.379 Z24.658 E949.8211
G1 X95.345 Y115.631 Z24.66 E949.88167
G1 X95.069 Y114.854 Z24.662 E949.94338
G1 X94.833 Y114.056 Z24.665 E950.00565
G1 X94.642 Y113.257 Z24.668 E950.06713
G1 X94.492 Y112.448 Z24.67 E950.1287
G1 X94.387 Y111.649 Z24.672 E950.18901
G1 X94.322 Y110.824 Z24.675 E950.25094
G1 X94.3 Y110.008 Z24.677 E950.31203
G1 X94.322 Y109.171 Z24.68 E950.37469
G1 X94.387 Y108.351 Z24.683 E950.43625
G1 X94.492 Y107.552 Z24.685 E950.49655
G1 X94.642 Y106.743 Z24.687 E950.55813
G1 X94.833 Y105.944 Z24.69 E950.61961
G1 X95.071 Y105.141 Z24.693 E950.68228
G1 X95.346 Y104.366 Z24.695 E950.74382
G1 X95.654 Y103.621 Z24.697 E950.80415
G1 X96.008 Y102.879 Z24.7 E950.86568
G1 X96.4 Y102.157 Z24.702 E950.92716
G1 X96.837 Y101.443 Z24.705 E950.98981
G1 X97.294 Y100.778 Z24.707 E951.05019
G1 X97.804 Y100.114 Z24.71 E951.11285
G1 X98.338 Y99.489 Z24.713 E951.17437
G1 X98.898 Y98.898 Z24.715 E951.2353
G1 X99.489 Y98.338 Z24.717 E951.29622
G1 X100.114 Y97.804 Z24.72 E951.35774
G1 X100.778 Y97.294 Z24.723 E951.4204
G1 X101.443 Y96.837 Z24.725 E951.48078
G1 X102.151 Y96.403 Z24.728 E951.54293
G1 X102.874 Y96.011 Z24.73 E951.60448
G1 X103.618 Y95.656 Z24.733 E951.66617
G1 X104.366 Y95.346 Z24.735 E951.72676
G1 X105.146 Y95.069 Z24.737 E951.78871
G1 X105.937 Y94.835 Z24.74 E951.85044
G1 X106.739 Y94.643 Z24.743 E951.91215
G1 X107.552 Y94.492 Z24.745 E951.97403
G1 X108.351 Y94.387 Z24.747 E952.03434
G1 X109.176 Y94.322 Z24.75 E952.09627
G1 X110 Y94.3 Z24.753 E952.15796
G1 X110.824 Y94.322 Z24.755 E952.21964
G1 X111.649 Y94.387 Z24.758 E952.28158
G1 X112.448 Y94.492 Z24.76 E952.34188
G1 X113.261 Y94.643 Z24.762 E952.40377
G1 X114.063 Y94.835 Z24.765 E952.46548
G1 X114.854 Y95.069 Z24.768 E952.52721
G1 X115.634 Y95.346 Z24.77 E952.58915
G1 X116.382 Y95.656 Z24.772 E952.64975
G1 X117.126 Y96.011 Z24.775 E952.71144
G1 X117.849 Y96.403 Z24.778 E952.77299
G1 X118.557 Y96.837 Z24.78 E952.83513
G1 X119.222 Y97.294 Z24.782 E952.89552
G1 X119.886 Y97.804 Z24.785 E952.95817
G1 X120.511 Y98.338 Z24.788 E953.01969
G1 X121.102 Y98.898 Z24.79 E953.08062
G1 X121.662 Y99.489 Z24.792 E953.14155
G1 X122.196 Y100.114 Z24.795 E953.20307
G1 X122.706 Y100.778 Z24.798 E953.26573
G1 X123.163 Y101.443 Z24.8 E953.32611
G1 X123.6 Y102.157 Z24.803 E953.38876
G1 X123.992 Y102.879 Z24.805 E953.45024
G1 X124.346 Y103.621 Z24.808 E953.51176
G1 X124.654 Y104.366 Z24.81 E953.57209
G1 X124.929 Y105.141 Z24.812 E953.63363
G1 X125.163 Y105.929 Z24.815 E953.69515
G1 X125.358 Y106.743 Z24.818 E953.75779
G1 X125.508 Y107.552 Z24.82 E953.81936
G1 X125.613 Y108.351 Z24.822 E953.87967
G1 X125.678 Y109.171 Z24.825 E953.94123
G1 X125.7 Y109.992 Z24.827 E954.00269
G1 X125.678 Y110.824 Z24.83 E954.06497
G1 X125.613 Y111.649 Z24.833 E954.12691
G1 X125.508 Y112.448 Z24.835 E954.18721
G1 X125.358 Y113.257 Z24.837 E954.24879
G1 X125.167 Y114.056 Z24.84 E954.31027
G1 X124.931 Y114.854 Z24.843 E954.37254
G1 X124.655 Y115.631 Z24.845 E954.43425
G1 X124.346 Y116.379 Z24.847 E954.49481
G1 X123.992 Y117.121 Z24.85 E954.55634
G1 X123.6 Y117.843 Z24.852 E954.61782
G1 X123.163 Y118.557 Z24.855 E954.68046
G1 X122.706 Y119.222 Z24.857 E954.74085
G1 X122.198 Y119.883 Z24.86 E954.80324
G1 X121.666 Y120.506 Z24.863 E954.86454
G1 X121.102 Y121.102 Z24.865 E954.92595
G1 X120.511 Y121.662 Z24.867 E954.98688
G1 X119.886 Y122.196 Z24.87 E955.0484
G1 X119.223 Y122.705 Z24.873 E955.11095
G1 X118.557 Y123.163 Z24.875 E955.17144
G1 X117.849 Y123.597 Z24.878 E955.23359
G1 X117.126 Y123.989 Z24.88 E955.29513
G1 X116.382 Y124.344 Z24.883 E955.35682
G1 X115.634 Y124.654 Z24.885 E955.41742
G1 X114.854 Y124.931 Z24.887 E955.47936
G1 X114.063 Y125.165 Z24.89 E955.54109
G1 X113.261 Y125.357 Z24.893 E955.60281
G1 X112.448 Y125.508 Z24.895 E955.66469
G1 X111.649 Y125.613 Z24.897 E955.725
G1 X110.824 Y125.678 Z24.9 E955.78693
;TIME_ELAPSED:506.440911
;LAYER:82
;TYPE:WALL-OUTER
;MESH:flow_cal_cylinder_32x30.stl
G1 X110 Y125.7 Z24.903 E955.84861
G1 X109.176 Y125.678 Z24.905 E955.9103
G1 X108.351 Y125.613 Z24.908 E955.97223
G1 X107.552 Y125.508 Z24.91 E956.03254
G1 X106.739 Y125.357 Z24.912 E956.09442
G1 X105.937 Y125.165 Z24.915 E956.15613
G1 X105.146 Y124.931 Z24.918 E956.21787
G1 X104.366 Y124.654 Z24.92 E956.27981
G1 X103.618 Y124.344 Z24.922 E956.3404
G1 X102.874 Y123.989 Z24.925 E956.40209
G1 X102.151 Y123.597 Z24.928 E956.46364
G1 X101.443 Y123.163 Z24.93 E956.52579
G1 X100.777 Y122.705 Z24.932 E956.58628
G1 X100.114 Y122.196 Z24.935 E956.64883
G1 X99.489 Y121.662 Z24.938 E956.71035
G1 X98.898 Y121.102 Z24.94 E956.77128
G1 X98.334 Y120.506 Z24.943 E956.83268
G1 X97.802 Y119.883 Z24.945 E956.89399
G1 X97.294 Y119.222 Z24.948 E956.95638
G1 X96.837 Y118.557 Z24.95 E957.01676
G1 X96.4 Y117.843 Z24.953 E957.07941
G1 X96.008 Y117.121 Z24.955 E957.14089
G1 X95.654 Y116.379 Z24.958 E957.20241
G1 X95.345 Y115.631 Z24.96 E957.26298
G1 X95.069 Y114.854 Z24.962 E957.32469
G1 X94.833 Y114.056 Z24.965 E957.38696
G1 X94.642 Y113.257 Z24.968 E957.44844
G1 X94.492 Y112.448 Z24.97 E957.51001
G1 X94.387 Y111.649 Z24.972 E957.57032
G1 X94.322 Y110.824 Z24.975 E957.63225
G1 X94.3 Y110.008 Z24.977 E957.69334
G1 X94.322 Y109.171 Z24.98 E957.756
G1 X94.387 Y108.351 Z24.983 E957.81756
G1 X94.492 Y107.552 Z24.985 E957.87787
G1 X94.642 Y106.743 Z24.987 E957.93944
G1 X94.833 Y105.944 Z24.99 E958.00092
G1 X95.071 Y105.141 Z24.993 E958.06359
G1 X95.346 Y104.366 Z24.995 E958.12514
G1 X95.654 Y103.621 Z24.997 E958.18546
G1 X96.008 Y102.879 Z25 E958.24699
G1 X96.4 Y102.157 Z25.002 E958.30847
G1 X96.837 Y101.443 Z25.005 E958.37112
G1 X97.294 Y100.778 Z25.007 E958.4315
G1 X97.804 Y100.114 Z25.01 E958.49416
G1 X98.338 Y99.489 Z25.013 E958.55568
G1 X98.898 Y98.898 Z25.015 E958.61661
G1 X99.489 Y98.338 Z25.017 E958.67753
G1 X100.114 Y97.804 Z25.02 E958.73905
G1 X100.778 Y97.294 Z25.023 E958.80171
G1 X101.443 Y96.837 Z25.025 E958.8621
G1 X102.151 Y96.403 Z25.028 E958.92424
G1 X102.874 Y96.011 Z25.03 E958.98579
G1 X103.618 Y95.656 Z25.033 E959.04748
G1 X104.366 Y95.346 Z25.035 E959.10807
G1 X105.146 Y95.069 Z25.037 E959.17002
G1 X105.937 Y94.835 Z25.04 E959.23175
G1 X106.739 Y94.643 Z25.043 E959.29346
G1 X107.552 Y94.492 Z25.045 E959.35534
G1 X108.351 Y94.387 Z25.047 E959.41565
G1 X109.176 Y94.322 Z25.05 E959.47758
G1 X110 Y94.3 Z25.053 E959.53927
G1 X110.824 Y94.322 Z25.055 E959.60096
G1 X111.649 Y94.387 Z25.058 E959.66289
G1 X112.448 Y94.492 Z25.06 E959.72319
G1 X113.261 Y94.643 Z25.062 E959.78508
G1 X114.063 Y94.835 Z25.065 E959.84679
G1 X114.854 Y95.069 Z25.068 E959.90852
G1 X115.634 Y95.346 Z25.07 E959.97046
G1 X116.382 Y95.656 Z25.072 E960.03106
G1 X117.126 Y96.011 Z25.075 E960.09275
G1 X117.849 Y96.403 Z25.078 E960.1543
G1 X118.557 Y96.837 Z25.08 E960.21644
G1 X119.222 Y97.294 Z25.082 E960.27683
G1 X119.886 Y97.804 Z25.085 E960.33948
G1 X120.511 Y98.338 Z25.088 E960.401
G1 X121.102 Y98.898 Z25.09 E960.46193
G1 X121.662 Y99.489 Z25.092 E960.52286
G1 X122.196 Y100.114 Z25.095 E960.58438
G1 X122.706 Y100.778 Z25.098 E960.64704
G1 X123.163 Y101.443 Z25.1 E960.70742
G1 X123.6 Y102.157 Z25.103 E960.77007
G1 X123.992 Y102.879 Z25.105 E960.83155
G1 X124.346 Y103.621 Z25.108 E960.89307
G1 X124.654 Y104.366 Z25.11 E960.9534
G1 X124.929 Y105.141 Z25.112 E961.01494
G1 X125.163 Y105.929 Z25.115 E961.07646
G1 X125.358 Y106.743 Z25.118 E961.1391
G1 X125.508 Y107.552 Z25.12 E961.20067
G1 X125.613 Y108.351 Z25.122 E961.26098
G1 X125.678 Y109.171 Z25.125 E961.32254
G1 X125.7 Y109.992 Z25.127 E961.384
G1 X125.678 Y110.824 Z25.13 E961.44629
G1 X125.613 Y111.649 Z25.133 E961.50822
G1 X125.508 Y112.448 Z25.135 E961.56852
G1 X125.358 Y113.257 Z25.137 E961.6301
G1 X125.167 Y114.056 Z25.14 E961.69158
G1 X124.931 Y114.854 Z25.143 E961.75385
G1 X124.655 Y115.631 Z25.145 E961.81556
G1 X124.346 Y116.379 Z25.147 E961.87612
G1 X123.992 Y117.121 Z25.15 E961.93765
G1 X123.6 Y117.843 Z25.152 E961.99913
G1 X123.163 Y118.557 Z25.155 E962.06178
G1 X122.706 Y119.222 Z25.157 E962.12216
G1 X122.198 Y119.883 Z25.16 E962.18455
G1 X121.666 Y120.506 Z25.163 E962.24586
G1 X121.102 Y121.102 Z25.165 E962.30726
G1 X120.511 Y121.662 Z25.167 E962.36819
G1 X119.886 Y122.196 Z25.17 E962.42971
G1 X119.223 Y122.705 Z25.173 E962.49226
G1 X118.557 Y123.163 Z25.175 E962.55275
G1 X117.849 Y123.597 Z25.178 E962.6149
G1 X117.126 Y123.989 Z25.18 E962.67644
G1 X116.382 Y124.344 Z25.183 E962.73813
G1 X115.634 Y124.654 Z25.185 E962.79873
G1 X114.854 Y124.931 Z25.187 E962.86067
G1 X114.063 Y125.165 Z25.19 E962.9224
G1 X113.261 Y125.357 Z25.193 E962.98412
G1 X112.448 Y125.508 Z25.195 E963.046
G1 X111.649 Y125.613 Z25.197 E963.10631
G1 X110.824 Y125.678 Z25.2 E963.16824
;TIME_ELAPSED:509.779447
;LAYER:83
;TYPE:WALL-OUTER
;MESH:flow_cal_cylinder_32x30.stl
G1 X110 Y125.7 Z25.203 E963.22992
G1 X109.176 Y125.678 Z25.205 E963.29161
G1 X108.351 Y125.613 Z25.208 E963.35354
G1 X107.552 Y125.508 Z25.21 E963.41385
G1 X106.739 Y125.357 Z25.212 E963.47573
G1 X105.937 Y125.165 Z25.215 E963.53745
G1 X105.146 Y124.931 Z25.218 E963.59918
G1 X104.366 Y124.654 Z25.22 E963.66112
G1 X103.618 Y124.344 Z25.222 E963.72171
G1 X102.874 Y123.989 Z25.225 E963.7834
G1 X102.151 Y123.597 Z25.228 E963.84495
G1 X101.443 Y123.163 Z25.23 E963.9071
G1 X100.777 Y122.705 Z25.232 E963.96759
G1 X100.114 Y122.196 Z25.235 E964.03014
G1 X99.489 Y121.662 Z25.238 E964.09166
G1 X98.898 Y121.102 Z25.24 E964.15259
G1 X98.334 Y120.506 Z25.243 E964.21399
G1 X97.802 Y119.883 Z25.245 E964.2753
G1 X97.294 Y119.222 Z25.248 E964.33769
G1 X96.837 Y118.557 Z25.25 E964.39807
G1 X96.4 Y117.843 Z25.253 E964.46072
G1 X96.008 Y117.121 Z25.255 E964.5222
G1 X95.654 Y116.379 Z25.258 E964.58372
G1 X95.345 Y115.631 Z25.26 E964.64429
G1 X95.069 Y114.854 Z25.262 E964.706
G1 X94.833 Y114.056 Z25.265 E964.76827
G1 X94.642 Y113.257 Z25.268 E964.82975
G1 X94.492 Y112.448 Z25.27 E964.89132
G1 X94.387 Y111.649 Z25.272 E964.95163
G1 X94.322 Y110.824 Z25.275 E965.01356
G1 X94.3 Y110.008 Z25.277 E965.07465
G1 X94.322 Y109.171 Z25.28 E965.13731
G1 X94.387 Y108.351 Z25.283 E965.19887
G1 X94.492 Y107.552 Z25.285 E965.25918
G1 X94.642 Y106.743 Z25.287 E965.32075
G1 X94.833 Y105.944 Z25.29 E965.38223
G1 X95.071 Y105.141 Z25.293 E965.44491
G1 X95.346 Y104.366 Z25.295 E965.50645
G1 X95.654 Y103.621 Z25.297 E965.56678
G1 X96.008 Y102.879 Z25.3 E965.6283
G1 X96.4 Y102.157 Z25.302 E965.68978
G1 X96.837 Y101.443 Z25.305 E965.75243
G1 X97.294 Y100.778 Z25.307 E965.81281
G1 X97.804 Y100.114 Z25.31 E965.87547
G1 X98.338 Y99.489 Z25.313 E965.93699
G1 X98.898 Y98.898 Z25.315 E965.99792
G1 X99.489 Y98.338 Z25.317 E966.05885
G1 X100.114 Y97.804 Z25.32 E966.12036
G1 X100.778 Y97.294 Z25.323 E966.18302
G1 X101.443 Y96.837 Z25.325 E966.24341
G1 X102.151 Y96.403 Z25.328 E966.30555
G1 X102.874 Y96.011 Z25.33 E966.3671
G1 X103.618 Y95.656 Z25.333 E966.42879
G1 X104.366 Y95.346 Z25.335 E966.48938
G1 X105.146 Y95.069 Z25.337 E966.55133
G1 X105.937 Y94.835 Z25.34 E966.61306
G1 X106.739 Y94.643 Z25.343 E966.67477
G1 X107.552 Y94.492 Z25.345 E966.73665
G1 X108.351 Y94.387 Z25.347 E966.79696
G1 X109.176 Y94.322 Z25.35 E966.85889
G1 X110 Y94.3 Z25.353 E966.92058
G1 X110.824 Y94.322 Z25.355 E966.98227
G1 X111.649 Y94.387 Z25.358 E967.0442
G1 X112.448 Y94.492 Z25.36 E967.1045
G1 X113.261 Y94.643 Z25.362 E967.16639
G1 X114.063 Y94.835 Z25.365 E967.2281
G1 X114.854 Y95.069 Z25.368 E967.28983
G1 X115.634 Y95.346 Z25.37 E967.35177
G1 X116.382 Y95.656 Z25.372 E967.41237
G1 X117.126 Y96.011 Z25.375 E967.47406
G1 X117.849 Y96.403 Z25.378 E967.53561
G1 X118.557 Y96.837 Z25.38 E967.59775
G1 X119.222 Y97.294 Z25.382 E967.65814
G1 X119.886 Y97.804 Z25.385 E967.72079
G1 X120.511 Y98.338 Z25.388 E967.78231
G1 X121.102 Y98.898 Z25.39 E967.84324
G1 X121.662 Y99.489 Z25.392 E967.90417
G1 X122.196 Y100.114 Z25.395 E967.96569
G1 X122.706 Y100.778 Z25.398 E968.02835
G1 X123.163 Y101.443 Z25.4 E968.08873
G1 X123.6 Y102.157 Z25.403 E968.15138
G1 X123.992 Y102.879 Z25.405 E968.21286
G1 X124.346 Y103.621 Z25.408 E968.27438
G1 X124.654 Y104.366 Z25.41 E968.33471
G1 X124.929 Y105.141 Z25.412 E968.39625
G1 X125.163 Y105.929 Z25.415 E968.45777
G1 X125.358 Y106.743 Z25.418 E968.52041
G1 X125.508 Y107.552 Z25.42 E968.58198
G1 X125.613 Y108.351 Z25.422 E968.64229
G1 X125.678 Y109.171 Z25.425 E968.70385
G1 X125.7 Y109.992 Z25.427 E968.76531
G1 X125.678 Y110.824 Z25.43 E968.8276
G1 X125.613 Y111.649 Z25.433 E968.88953
G1 X125.508 Y112.448 Z25.435 E968.94983
G1 X125.358 Y113.257 Z25.437 E969.01141
G1 X125.167 Y114.056 Z25.44 E969.07289
G1 X124.931 Y114.854 Z25.443 E969.13516
G1 X124.655 Y115.631 Z25.445 E969.19687
G1 X124.346 Y116.379 Z25.447 E969.25743
G1 X123.992 Y117.121 Z25.45 E969.31896
G1 X123.6 Y117.843 Z25.452 E969.38044
G1 X123.163 Y118.557 Z25.455 E969.44309
G1 X122.706 Y119.222 Z25.457 E969.50347
G1 X122.198 Y119.883 Z25.46 E969.56586
G1 X121.666 Y120.506 Z25.463 E969.62717
G1 X121.102 Y121.102 Z25.465 E969.68857
G1 X120.511 Y121.662 Z25.467 E969.7495
G1 X119.886 Y122.196 Z25.47 E969.81102
G1 X119.223 Y122.705 Z25.473 E969.87357
G1 X118.557 Y123.163 Z25.475 E969.93406
G1 X117.849 Y123.597 Z25.478 E969.99621
G1 X117.126 Y123.989 Z25.48 E970.05775
G1 X116.382 Y124.344 Z25.483 E970.11945
G1 X115.634 Y124.654 Z25.485 E970.18004
G1 X114.854 Y124.931 Z25.487 E970.24198
G1 X114.063 Y125.165 Z25.49 E970.30371
G1 X113.261 Y125.357 Z25.493 E970.36543
G1 X112.448 Y125.508 Z25.495 E970.42731
G1 X111.649 Y125.613 Z25.497 E970.48762
G1 X110.824 Y125.678 Z25.5 E970.54955
;TIME_ELAPSED:513.117983
;LAYER:84
;TYPE:WALL-OUTER
;MESH:flow_cal_cylinder_32x30.stl
G1 X110 Y125.7 Z25.503 E970.61124
G1 X109.176 Y125.678 Z25.505 E970.67292
G1 X108.351 Y125.613 Z25.508 E970.73485
G1 X107.552 Y125.508 Z25.51 E970.79516
G1 X106.739 Y125.357 Z25.512 E970.85704
G1 X105.937 Y125.165 Z25.515 E970.91876
G1 X105.146 Y124.931 Z25.518 E970.98049
G1 X104.366 Y124.654 Z25.52 E971.04243
G1 X103.618 Y124.344 Z25.522 E971.10302
G1 X102.874 Y123.989 Z25.525 E971.16472
G1 X102.151 Y123.597 Z25.528 E971.22626
G1 X101.443 Y123.163 Z25.53 E971.28841
G1 X100.777 Y122.705 Z25.532 E971.3489
G1 X100.114 Y122.196 Z25.535 E971.41145
G1 X99.489 Y121.662 Z25.538 E971.47297
G1 X98.898 Y121.102 Z25.54 E971.5339
G1 X98.334 Y120.506 Z25.543 E971.5953
G1 X97.802 Y119.883 Z25.545 E971.65661
G1 X97.294 Y119.222 Z25.548 E971.719
G1 X96.837 Y118.557 Z25.55 E971.77938
G1 X96.4 Y117.843 Z25.553 E971.84203
G1 X96.008 Y117.121 Z25.555 E971.90351
G1 X95.654 Y116.379 Z25.558 E971.96504
G1 X95.345 Y115.631 Z25.56 E972.0256
G1 X95.069 Y114.854 Z25.562 E972.08731
G1 X94.833 Y114.056 Z25.565 E972.14958
G1 X94.642 Y113.257 Z25.568 E972.21106
G1 X94.492 Y112.448 Z25.57 E972.27264
G1 X94.387 Y111.649 Z25.572 E972.33294
G1 X94.322 Y110.824 Z25.575 E972.39487
G1 X94.3 Y110.008 Z25.577 E972.45596
G1 X94.322 Y109.171 Z25.58 E972.51862
G1 X94.387 Y108.351 Z25.583 E972.58018
G1 X94.492 Y107.552 Z25.585 E972.64049
G1 X94.642 Y106.743 Z25.587 E972.70206
G1 X94.833 Y105.944 Z25.59 E972.76354
G1 X95.071 Y105.141 Z25.593 E972.82622
G1 X95.346 Y104.366 Z25.595 E972.88776
G1 X95.654 Y103.621 Z25.597 E972.94809
G1 X96.008 Y102.879 Z25.6 E973.00961
G1 X96.4 Y102.157 Z25.602 E973.07109
G1 X96.837 Y101.443 Z25.605 E973.13374
G1 X97.294 Y100.778 Z25.607 E973.19412
G1 X97.804 Y100.114 Z25.61 E973.25678
G1 X98.338 Y99.489 Z25.613 E973.3183
G1 X98.898 Y98.898 Z25.615 E973.37923
G1 X99.489 Y98.338 Z25.617 E973.44016
G1 X100.114 Y97.804 Z25.62 E973.50168
G1 X100.778 Y97.294 Z25.623 E973.56433
G1 X101.443 Y96.837 Z25.625 E973.62472
G1 X102.151 Y96.403 Z25.628 E973.68686
G1 X102.874 Y96.011 Z25.63 E973.74841
G1 X103.618 Y95.656 Z25.633 E973.8101
G1 X104.366 Y95.346 Z25.635 E973.87069
G1 X105.146 Y95.069 Z25.637 E973.93264
G1 X105.937 Y94.835 Z25.64 E973.99437
G1 X106.739 Y94.643 Z25.643 E974.05608
G1 X107.552 Y94.492 Z25.645 E974.11797
G1 X108.351 Y94.387 Z25.647 E974.17827
G1 X109.176 Y94.322 Z25.65 E974.2402
G1 X110 Y94.3 Z25.653 E974.30189
G1 X110.824 Y94.322 Z25.655 E974.36358
G1 X111.649 Y94.387 Z25.658 E974.42551
G1 X112.448 Y94.492 Z25.66 E974.48582
G1 X113.261 Y94.643 Z25.662 E974.5477
G1 X114.063 Y94.835 Z25.665 E974.60941
G1 X114.854 Y95.069 Z25.668 E974.67114
G1 X115.634 Y95.346 Z25.67 E974.73309
G1 X116.382 Y95.656 Z25.672 E974.79368
G1 X117.126 Y96.011 Z25.675 E974.85537
G1 X117.849 Y96.403 Z25.678 E974.91692
G1 X118.557 Y96.837 Z25.68 E974.97906
G1 X119.222 Y97.294 Z25.682 E975.03945
G1 X119.886 Y97.804 Z25.685 E975.1021
G1 X120.511 Y98.338 Z25.688 E975.16362
G1 X121.102 Y98.898 Z25.69 E975.22455
G1 X121.662 Y99.489 Z25.692 E975.28548
G1 X122.196 Y100.114 Z25.695 E975.347
G1 X122.706 Y100.778 Z25.698 E975.40966
G1 X123.163 Y101.443 Z25.7 E975.47004
G1 X123.6 Y102.157 Z25.703 E975.53269
G1 X123.992 Y102.879 Z25.705 E975.59417
G1 X124.346 Y103.621 Z25.708 E975.65569
G1 X124.654 Y104.366 Z25.71 E975.71602
G1 X124.929 Y105.141 Z25.712 E975.77756
G1 X125.163 Y105.929 Z25.715 E975.83908
G1 X125.358 Y106.743 Z25.718 E975.90172
G1 X125.508 Y107.552 Z25.72 E975.96329
G1 X125.613 Y108.351 Z25.722 E976.0236
G1 X125.678 Y109.171 Z25.725 E976.08516
G1 X125.7 Y109.992 Z25.727 E976.14662
G1 X125.678 Y110.824 Z25.73 E976.20891
G1 X125.613 Y111.649 Z25.733 E976.27084
G1 X125.508 Y112.448 Z25.735 E976.33114
G1 X125.358 Y113.257 Z25.737 E976.39272
G1 X125.167 Y114.056 Z25.74 E976.4542
G1 X124.931 Y114.854 Z25.743 E976.51647
G1 X124.655 Y115.631 Z25.745 E976.57818
G1 X124.346 Y116.379 Z25.747 E976.63874
G1 X123.992 Y117.121 Z25.75 E976.70027
G1 X123.6 Y117.843 Z25.752 E976.76175
G1 X123.163 Y118.557 Z25.755 E976.8244
G1 X122.706 Y119.222 Z25.757 E976.88478
G1 X122.198 Y119.883 Z25.76 E976.94717
G1 X121.666 Y120.506 Z25.763 E977.00848
G1 X121.102 Y121.102 Z25.765 E977.06988
G1 X120.511 Y121.662 Z25.767 E977.13081
G1 X119.886 Y122.196 Z25.77 E977.19233
G1 X119.223 Y122.705 Z25.773 E977.25488
G1 X118.557 Y123.163 Z25.775 E977.31537
G1 X117.849 Y123.597 Z25.778 E977.37752
G1 X117.126 Y123.989 Z25.78 E977.43907
G1 X116.382 Y124.344 Z25.783 E977.50076
G1 X115.634 Y124.654 Z25.785 E977.56135
G1 X114.854 Y124.931 Z25.787 E977.62329
G1 X114.063 Y125.165 Z25.79 E977.68502
G1 X113.261 Y125.357 Z25.793 E977.74674
G1 X112.448 Y125.508 Z25.795 E977.80862
G1 X111.649 Y125.613 Z25.797 E977.86893
G1 X110.824 Y125.678 Z25.8 E977.93086
;TIME_ELAPSED:516.456519
;LAYER:85
;TYPE:WALL-OUTER
;MESH:flow_cal_cylinder_32x30.stl
G1 X110 Y125.7 Z25.803 E977.99255
G1 X109.176 Y125.678 Z25.805 E978.05423
G1 X108.351 Y125.613 Z25.808 E978.11616
G1 X107.552 Y125.508 Z25.81 E978.17647
G1 X106.739 Y125.357 Z25.812 E978.23835
G1 X105.937 Y125.165 Z25.815 E978.30007
G1 X105.146 Y124.931 Z25.818 E978.3618
G1 X104.366 Y124.654 Z25.82 E978.42374
G1 X103.618 Y124.344 Z25.822 E978.48433
G1 X102.874 Y123.989 Z25.825 E978.54603
G1 X102.151 Y123.597 Z25.828 E978.60757
G1 X101.443 Y123.163 Z25.83 E978.66972
G1 X100.777 Y122.705 Z25.832 E978.73021
G1 X100.114 Y122.196 Z25.835 E978.79276
G1 X99.489 Y121.662 Z25.838 E978.85428
G1 X98.898 Y121.102 Z25.84 E978.91521
G1 X98.334 Y120.506 Z25.843 E978.97661
G1 X97.802 Y119.883 Z25.845 E979.03792
G1 X97.294 Y119.222 Z25.848 E979.10031
G1 X96.837 Y118.557 Z25.85 E979.16069
G1 X96.4 Y117.843 Z25.853 E979.22334
G1 X96.008 Y117.121 Z25.855 E979.28482
G1 X95.654 Y116.379 Z25.858 E979.34635
G1 X95.345 Y115.631 Z25.86 E979.40691
G1 X95.069 Y114.854 Z25.862 E979.46862
G1 X94.833 Y114.056 Z25.865 E979.53089
G1 X94.642 Y113.257 Z25.868 E979.59237
G1 X94.492 Y112.448 Z25.87 E979.65395
G1 X94.387 Y111.649 Z25.872 E979.71425
G1 X94.322 Y110.824 Z25.875 E979.77618
G1 X94.3 Y110.008 Z25.877 E979.83727
G1 X94.322 Y109.171 Z25.88 E979.89993
G1 X94.387 Y108.351 Z25.883 E979.96149
G1 X94.492 Y107.552 Z25.885 E980.0218
G1 X94.642 Y106.743 Z25.887 E980.08337
G1 X94.833 Y105.944 Z25.89 E980.14485
G1 X95.071 Y105.141 Z25.893 E980.20753
G1 X95.346 Y104.366 Z25.895 E980.26907
G1 X95.654 Y103.621 Z25.897 E980.3294
G1 X96.008 Y102.879 Z25.9 E980.39092
G1 X96.4 Y102.157 Z25.902 E980.4524
G1 X96.837 Y101.443 Z25.905 E980.51505
G1 X97.294 Y100.778 Z25.907 E980.57543
G1 X97.804 Y100.114 Z25.91 E980.63809
G1 X98.338 Y99.489 Z25.913 E980.69961
G1 X98.898 Y98.898 Z25.915 E980.76054
G1 X99.489 Y98.338 Z25.917 E980.82147
G1 X100.114 Y97.804 Z25.92 E980.88299
G1 X100.778 Y97.294 Z25.923 E980.94564
G1 X101.443 Y96.837 Z25.925 E981.00603
G1 X102.151 Y96.403 Z25.928 E981.06817
G1 X102.874 Y96.011 Z25.93 E981.12972
G1 X103.618 Y95.656 Z25.933 E981.19141
G1 X104.366 Y95.346 Z25.935 E981.25201
G1 X105.146 Y95.069 Z25.937 E981.31395
G1 X105.937 Y94.835 Z25.94 E981.37568
G1 X106.739 Y94.643 Z25.943 E981.43739
G1 X107.552 Y94.492 Z25.945 E981.49928
G1 X108.351 Y94.387 Z25.947 E981.55958
G1 X109.176 Y94.322 Z25.95 E981.62151
G1 X110 Y94.3 Z25.953 E981.6832
G1 X110.824 Y94.322 Z25.955 E981.74489
G1 X111.649 Y94.387 Z25.958 E981.80682
G1 X112.448 Y94.492 Z25.96 E981.86713
G1 X113.261 Y94.643 Z25.962 E981.92901
G1 X114.063 Y94.835 Z25.965 E981.99072
G1 X114.854 Y95.069 Z25.968 E982.05245
G1 X115.634 Y95.346 Z25.97 E982.1144
G1 X116.382 Y95.656 Z25.972 E982.17499
G1 X117.126 Y96.011 Z25.975 E982.23668
G1 X117.849 Y96.403 Z25.978 E982.29823
G1 X118.557 Y96.837 Z25.98 E982.36037
G1 X119.222 Y97.294 Z25.982 E982.42076
G1 X119.886 Y97.804 Z25.985 E982.48342
G1 X120.511 Y98.338 Z25.988 E982.54493
G1 X121.102 Y98.898 Z25.99 E982.60586
G1 X121.662 Y99.489 Z25.992 E982.66679
G1 X122.196 Y100.114 Z25.995 E982.72831
G1 X122.706 Y100.778 Z25.998 E982.79097
G1 X123.163 Y101.443 Z26 E982.85135
G1 X123.6 Y102.157 Z26.003 E982.914
G1 X123.992 Y102.879 Z26.005 E982.97548
G1 X124.346 Y103.621 Z26.008 E983.03701
G1 X124.654 Y104.366 Z26.01 E983.09733
G1 X124.929 Y105.141 Z26.012 E983.15887
G1 X125.163 Y105.929 Z26.015 E983.22039
G1 X125.358 Y106.743 Z26.018 E983.28303
G1 X125.508 Y107.552 Z26.02 E983.3446
G1 X125.613 Y108.351 Z26.022 E983.40491
G1 X125.678 Y109.171 Z26.025 E983.46647
G1 X125.7 Y109.992 Z26.027 E983.52793
G1 X125.678 Y110.824 Z26.03 E983.59022
G1 X125.613 Y111.649 Z26.033 E983.65215
G1 X125.508 Y112.448 Z26.035 E983.71246
G1 X125.358 Y113.257 Z26.037 E983.77403
G1 X125.167 Y114.056 Z26.04 E983.83551
G1 X124.931 Y114.854 Z26.043 E983.89778
G1 X124.655 Y115.631 Z26.045 E983.95949
G1 X124.346 Y116.379 Z26.047 E984.02006
G1 X123.992 Y117.121 Z26.05 E984.08158
G1 X123.6 Y117.843 Z26.052 E984.14306
G1 X123.163 Y118.557 Z26.055 E984.20571
G1 X122.706 Y119.222 Z26.057 E984.26609
G1 X122.198 Y119.883 Z26.06 E984.32848
G1 X121.666 Y120.506 Z26.063 E984.38979
G1 X121.102 Y121.102 Z26.065 E984.45119
G1 X120.511 Y121.662 Z26.067 E984.51212
G1 X119.886 Y122.196 Z26.07 E984.57364
G1 X119.223 Y122.705 Z26.073 E984.63619
G1 X118.557 Y123.163 Z26.075 E984.69668
G1 X117.849 Y123.597 Z26.078 E984.75883
G1 X117.126 Y123.989 Z26.08 E984.82038
G1 X116.382 Y124.344 Z26.083 E984.88207
G1 X115.634 Y124.654 Z26.085 E984.94266
G1 X114.854 Y124.931 Z26.087 E985.0046
G1 X114.063 Y125.165 Z26.09 E985.06634
G1 X113.261 Y125.357 Z26.093 E985.12805
G1 X112.448 Y125.508 Z26.095 E985.18993
G1 X111.649 Y125.613 Z26.097 E985.25024
G1 X110.824 Y125.678 Z26.1 E985.31217
;TIME_ELAPSED:519.795054
;LAYER:86
;TYPE:WALL-OUTER
;MESH:flow_cal_cylinder_32x30.stl
G1 X110 Y125.7 Z26.103 E985.37386
G1 X109.176 Y125.678 Z26.105 E985.43554
G1 X108.351 Y125.613 Z26.108 E985.49747
G1 X107.552 Y125.508 Z26.11 E985.55778
G1 X106.739 Y125.357 Z26.112 E985.61966
G1 X105.937 Y125.165 Z26.115 E985.68138
G1 X105.146 Y124.931 Z26.118 E985.74311
G1 X104.366 Y124.654 Z26.12 E985.80505
G1 X103.618 Y124.344 Z26.122 E985.86565
G1 X102.874 Y123.989 Z26.125 E985.92734
G1 X102.151 Y123.597 Z26.128 E985.98888
G1 X101.443 Y123.163 Z26.13 E986.05103
G1 X100.777 Y122.705 Z26.132 E986.11152
G1 X100.114 Y122.196 Z26.135 E986.17407
G1 X99.489 Y121.662 Z26.138 E986.23559
G1 X98.898 Y121.102 Z26.14 E986.29652
G1 X98.334 Y120.506 Z26.143 E986.35793
G1 X97.802 Y119.883 Z26.145 E986.41923
G1 X97.294 Y119.222 Z26.148 E986.48162
G1 X96.837 Y118.557 Z26.15 E986.54201
G1 X96.4 Y117.843 Z26.153 E986.60465
G1 X96.008 Y117.121 Z26.155 E986.66613
G1 X95.654 Y116.379 Z26.158 E986.72766
G1 X95.345 Y115.631 Z26.16 E986.78822
G1 X95.069 Y114.854 Z26.162 E986.84993
G1 X94.833 Y114.056 Z26.165 E986.9122
G1 X94.642 Y113.257 Z26.168 E986.97368
G1 X94.492 Y112.448 Z26.17 E987.03526
G1 X94.387 Y111.649 Z26.172 E987.09556
G1 X94.322 Y110.824 Z26.175 E987.1575
G1 X94.3 Y110.008 Z26.177 E987.21858
G1 X94.322 Y109.171 Z26.18 E987.28124
G1 X94.387 Y108.351 Z26.183 E987.3428
G1 X94.492 Y107.552 Z26.185 E987.40311
G1 X94.642 Y106.743 Z26.187 E987.46468
G1 X94.833 Y105.944 Z26.19 E987.52616
G1 X95.071 Y105.141 Z26.193 E987.58884
G1 X95.346 Y104.366 Z26.195 E987.65038
G1 X95.654 Y103.621 Z26.197 E987.71071
G1 X96.008 Y102.879 Z26.2 E987.77223
G1 X96.4 Y102.157 Z26.202 E987.83371
G1 X96.837 Y101.443 Z26.205 E987.89636
G1 X97.294 Y100.778 Z26.207 E987.95674
G1 X97.804 Y100.114 Z26.21 E988.0194
G1 X98.338 Y99.489 Z26.213 E988.08092
G1 X98.898 Y98.898 Z26.215 E988.14185
G1 X99.489 Y98.338 Z26.217 E988.20278
G1 X100.114 Y97.804 Z26.22 E988.2643
G1 X100.778 Y97.294 Z26.223 E988.32695
G1 X101.443 Y96.837 Z26.225 E988.38734
G1 X102.151 Y96.403 Z26.228 E988.44948
G1 X102.874 Y96.011 Z26.23 E988.51103
G1 X103.618 Y95.656 Z26.233 E988.57272
G1 X104.366 Y95.346 Z26.235 E988.63332
G1 X105.146 Y95.069 Z26.237 E988.69526
G1 X105.937 Y94.835 Z26.24 E988.75699
G1 X106.739 Y94.643 Z26.243 E988.8187
G1 X107.552 Y94.492 Z26.245 E988.88059
G1 X108.351 Y94.387 Z26.247 E988.94089
G1 X109.176 Y94.322 Z26.25 E989.00282
G1 X110 Y94.3 Z26.253 E989.06451
G1 X110.824 Y94.322 Z26.255 E989.1262
G1 X111.649 Y94.387 Z26.258 E989.18813
G1 X112.448 Y94.492 Z26.26 E989.24844
G1 X113.261 Y94.643 Z26.262 E989.31032
G1 X114.063 Y94.835 Z26.265 E989.37203
G1 X114.854 Y95.069 Z26.268 E989.43376
G1 X115.634 Y95.346 Z26.27 E989.49571
G1 X116.382 Y95.656 Z26.272 E989.5563
G1 X117.126 Y96.011 Z26.275 E989.61799
G1 X117.849 Y96.403 Z26.278 E989.67954
G1 X118.557 Y96.837 Z26.28 E989.74169
G1 X119.222 Y97.294 Z26.282 E989.80207
G1 X119.886 Y97.804 Z26.285 E989.86473
G1 X120.511 Y98.338 Z26.288 E989.92625
G1 X121.102 Y98.898 Z26.29 E989.98717
G1 X121.662 Y99.489 Z26.292 E990.0481
G1 X122.196 Y100.114 Z26.295 E990.10962
G1 X122.706 Y100.778 Z26.298 E990.17228
G1 X123.163 Y101.443 Z26.3 E990.23266
G1 X123.6 Y102.157 Z26.303 E990.29531
G1 X123.992 Y102.879 Z26.305 E990.35679
G1 X124.346 Y103.621 Z26.308 E990.41832
G1 X124.654 Y104.366 Z26.31 E990.47864
G1 X124.929 Y105.141 Z26.312 E990.54019
G1 X125.163 Y105.929 Z26.315 E990.6017
G1 X125.358 Y106.743 Z26.318 E990.66434
G1 X125.508 Y107.552 Z26.32 E990.72591
G1 X125.613 Y108.351 Z26.322 E990.78622
G1 X125.678 Y109.171 Z26.325 E990.84778
G1 X125.7 Y109.992 Z26.327 E990.90924
G1 X125.678 Y110.824 Z26.33 E990.97153
G1 X125.613 Y111.649 Z26.333 E991.03346
G1 X125.508 Y112.448 Z26.335 E991.09377
G1 X125.358 Y113.257 Z26.337 E991.15534
G1 X125.167 Y114.056 Z26.34 E991.21682
G1 X124.931 Y114.854 Z26.343 E991.27909
G1 X124.655 Y115.631 Z26.345 E991.3408
G1 X124.346 Y116.379 Z26.347 E991.40137
G1 X123.992 Y117.121 Z26.35 E991.46289
G1 X123.6 Y117.843 Z26.352 E991.52437
G1 X123.163 Y118.557 Z26.355 E991.58702
G1 X122.706 Y119.222 Z26.357 E991.6474
G1 X122.198 Y119.883 Z26.36 E991.70979
G1 X121.666 Y120.506 Z26.363 E991.7711
G1 X121.102 Y121.102 Z26.365 E991.8325
G1 X120.511 Y121.662 Z26.367 E991.89343
G1 X119.886 Y122.196 Z26.37 E991.95495
G1 X119.223 Y122.705 Z26.373 E992.0175
G1 X118.557 Y123.163 Z26.375 E992.07799
G1 X117.849 Y123.597 Z26.378 E992.14014
G1 X117.126 Y123.989 Z26.38 E992.20169
G1 X116.382 Y124.344 Z26.383 E992.26338
G1 X115.634 Y124.654 Z26.385 E992.32397
G1 X114.854 Y124.931 Z26.387 E992.38591
G1 X114.063 Y125.165 Z26.39 E992.44765
G1 X113.261 Y125.357 Z26.393 E992.50936
G1 X112.448 Y125.508 Z26.395 E992.57124
G1 X111.649 Y125.613 Z26.397 E992.63155
G1 X110.824 Y125.678 Z26.4 E992.69348
;TIME_ELAPSED:523.133590
;LAYER:87
;TYPE:WALL-OUTER
;MESH:flow_cal_cylinder_32x30.stl
G1 X110 Y125.7 Z26.403 E992.75517
G1 X109.176 Y125.678 Z26.405 E992.81685
G1 X108.351 Y125.613 Z26.408 E992.87878
G1 X107.552 Y125.508 Z26.41 E992.93909
G1 X106.739 Y125.357 Z26.412 E993.00097
G1 X105.937 Y125.165 Z26.415 E993.06269
G1 X105.146 Y124.931 Z26.418 E993.12442
G1 X104.366 Y124.654 Z26.42 E993.18636
G1 X103.618 Y124.344 Z26.422 E993.24696
G1 X102.874 Y123.989 Z26.425 E993.30865
G1 X102.151 Y123.597 Z26.428 E993.37019
G1 X101.443 Y123.163 Z26.43 E993.43234
G1 X100.777 Y122.705 Z26.432 E993.49283
G1 X100.114 Y122.196 Z26.435 E993.55538
G1 X99.489 Y121.662 Z26.438 E993.6169
G1 X98.898 Y121.102 Z26.44 E993.67783
G1 X98.334 Y120.506 Z26.443 E993.73924
G1 X97.802 Y119.883 Z26.445 E993.80054
G1 X97.294 Y119.222 Z26.448 E993.86293
G1 X96.837 Y118.557 Z26.45 E993.92332
G1 X96.4 Y117.843 Z26.453 E993.98596
G1 X96.008 Y117.121 Z26.455 E994.04744
G1 X95.654 Y116.379 Z26.458 E994.10897
G1 X95.345 Y115.631 Z26.46 E994.16953
G1 X95.069 Y114.854 Z26.462 E994.23124
G1 X94.833 Y114.056 Z26.465 E994.29352
G1 X94.642 Y113.257 Z26.468 E994.35499
G1 X94.492 Y112.448 Z26.47 E994.41657
G1 X94.387 Y111.649 Z26.472 E994.47688
G1 X94.322 Y110.824 Z26.475 E994.53881
G1 X94.3 Y110.008 Z26.477 E994.59989
G1 X94.322 Y109.171 Z26.48 E994.66255
G1 X94.387 Y108.351 Z26.483 E994.72411
G1 X94.492 Y107.552 Z26.485 E994.78442
G1 X94.642 Y106.743 Z26.487 E994.84599
G1 X94.833 Y105.944 Z26.49 E994.90747
G1 X95.071 Y105.141 Z26.493 E994.97015
G1 X95.346 Y104.366 Z26.495 E995.03169
G1 X95.654 Y103.621 Z26.497 E995.09202
G1 X96.008 Y102.879 Z26.5 E995.15354
G1 X96.4 Y102.157 Z26.502 E995.21502
G1 X96.837 Y101.443 Z26.505 E995.27767
G1 X97.294 Y100.778 Z26.507 E995.33805
G1 X97.804 Y100.114 Z26.51 E995.40071
G1 X98.338 Y99.489 Z26.513 E995.46223
G1 X98.898 Y98.898 Z26.515 E995.52316
G1 X99.489 Y98.338 Z26.517 E995.58409
G1 X100.114 Y97.804 Z26.52 E995.64561
G1 X100.778 Y97.294 Z26.523 E995.70826
G1 X101.443 Y96.837 Z26.525 E995.76865
G1 X102.151 Y96.403 Z26.528 E995.83079
G1 X102.874 Y96.011 Z26.53 E995.89234
G1 X103.618 Y95.656 Z26.533 E995.95403
G1 X104.366 Y95.346 Z26.535 E996.01463
G1 X105.146 Y95.069 Z26.537 E996.07657
G1 X105.937 Y94.835 Z26.54 E996.1383
G1 X106.739 Y94.643 Z26.543 E996.20002
G1 X107.552 Y94.492 Z26.545 E996.2619
G1 X108.351 Y94.387 Z26.547 E996.3222
G1 X109.176 Y94.322 Z26.55 E996.38414
G1 X110 Y94.3 Z26.553 E996.44582
G1 X110.824 Y94.322 Z26.555 E996.50751
G1 X111.649 Y94.387 Z26.558 E996.56944
G1 X112.448 Y94.492 Z26.56 E996.62975
G1 X113.261 Y94.643 Z26.562 E996.69163
G1 X114.063 Y94.835 Z26.565 E996.75334
G1 X114.854 Y95.069 Z26.568 E996.81507
G1 X115.634 Y95.346 Z26.57 E996.87702
G1 X116.382 Y95.656 Z26.572 E996.93761
G1 X117.126 Y96.011 Z26.575 E996.9993
G1 X117.849 Y96.403 Z26.578 E997.06085
G1 X118.557 Y96.837 Z26.58 E997.123
G1 X119.222 Y97.294 Z26.582 E997.18338
G1 X119.886 Y97.804 Z26.585 E997.24604
G1 X120.511 Y98.338 Z26.588 E997.30756
G1 X121.102 Y98.898 Z26.59 E997.36849
G1 X121.662 Y99.489 Z26.592 E997.42941
G1 X122.196 Y100.114 Z26.595 E997.49093
G1 X122.706 Y100.778 Z26.598 E997.55359
G1 X123.163 Y101.443 Z26.6 E997.61397
G1 X123.6 Y102.157 Z26.603 E997.67662
G1 X123.992 Y102.879 Z26.605 E997.7381
G1 X124.346 Y103.621 Z26.608 E997.79963
G1 X124.654 Y104.366 Z26.61 E997.85996
G1 X124.929 Y105.141 Z26.612 E997.9215
G1 X125.163 Y105.929 Z26.615 E997.98301
G1 X125.358 Y106.743 Z26.618 E998.04565
G1 X125.508 Y107.552 Z26.62 E998.10723
G1 X125.613 Y108.351 Z26.622 E998.16753
G1 X125.678 Y109.171 Z26.625 E998.22909
G1 X125.7 Y109.992 Z26.627 E998.29055
G1 X125.678 Y110.824 Z26.63 E998.35284
G1 X125.613 Y111.649 Z26.633 E998.41477
G1 X125.508 Y112.448 Z26.635 E998.47508
G1 X125.358 Y113.257 Z26.637 E998.53665
G1 X125.167 Y114.056 Z26.64 E998.59813
G1 X124.931 Y114.854 Z26.643 E998.6604
G1 X124.655 Y115.631 Z26.645 E998.72211
G1 X124.346 Y116.379 Z26.647 E998.78268
G1 X123.992 Y117.121 Z26.65 E998.8442
G1 X123.6 Y117.843 Z26.652 E998.90568
G1 X123.163 Y118.557 Z26.655 E998.96833
G1 X122.706 Y119.222 Z26.657 E999.02871
G1 X122.198 Y119.883 Z26.66 E999.0911
G1 X121.666 Y120.506 Z26.663 E999.15241
G1 X121.102 Y121.102 Z26.665 E999.21382
G1 X120.511 Y121.662 Z26.667 E999.27474
G1 X119.886 Y122.196 Z26.67 E999.33626
G1 X119.223 Y122.705 Z26.673 E999.39882
G1 X118.557 Y123.163 Z26.675 E999.4593
G1 X117.849 Y123.597 Z26.678 E999.52145
G1 X117.126 Y123.989 Z26.68 E999.583
G1 X116.382 Y124.344 Z26.683 E999.64469
G1 X115.634 Y124.654 Z26.685 E999.70528
G1 X114.854 Y124.931 Z26.687 E999.76723
G1 X114.063 Y125.165 Z26.69 E999.82896
G1 X113.261 Y125.357 Z26.693 E999.89067
G1 X112.448 Y125.508 Z26.695 E999.95255
G1 X111.649 Y125.613 Z26.697 E1000.01286
G1 X110.824 Y125.678 Z26.7 E1000.07479
;TIME_ELAPSED:526.472126
;LAYER:88
;TYPE:WALL-OUTER
;MESH:flow_cal_cylinder_32x30.stl
G1 X110 Y125.7 Z26.703 E1000.13648
G1 X109.176 Y125.678 Z26.705 E1000.19816
G1 X108.351 Y125.613 Z26.708 E1000.26009
G1 X107.552 Y125.508 Z26.71 E1000.3204
G1 X106.739 Y125.357 Z26.712 E1000.38228
G1 X105.937 Y125.165 Z26.715 E1000.444
G1 X105.146 Y124.931 Z26.718 E1000.50573
G1 X104.366 Y124.654 Z26.72 E1000.56767
G1 X103.618 Y124.344 Z26.722 E1000.62827
G1 X102.874 Y123.989 Z26.725 E1000.68996
G1 X102.151 Y123.597 Z26.728 E1000.75151
G1 X101.443 Y123.163 Z26.73 E1000.81365
G1 X100.777 Y122.705 Z26.732 E1000.87414
G1 X100.114 Y122.196 Z26.735 E1000.93669
G1 X99.489 Y121.662 Z26.738 E1000.99821
G1 X98.898 Y121.102 Z26.74 E1001.05914
G1 X98.334 Y120.506 Z26.743 E1001.12055
G1 X97.802 Y119.883 Z26.745 E1001.18186
G1 X97.294 Y119.222 Z26.748 E1001.24424
G1 X96.837 Y118.557 Z26.75 E1001.30463
G1 X96.4 Y117.843 Z26.753 E1001.36727
G1 X96.008 Y117.121 Z26.755 E1001.42875
G1 X95.654 Y116.379 Z26.758 E1001.49028
G1 X95.345 Y115.631 Z26.76 E1001.55084
G1 X95.069 Y114.854 Z26.762 E1001.61255
G1 X94.833 Y114.056 Z26.765 E1001.67483
G1 X94.642 Y113.257 Z26.768 E1001.7363
G1 X94.492 Y112.448 Z26.77 E1001.79788
G1 X94.387 Y111.649 Z26.772 E1001.85819
G1 X94.322 Y110.824 Z26.775 E1001.92012
G1 X94.3 Y110.008 Z26.777 E1001.9812
G1 X94.322 Y109.171 Z26.78 E1002.04386
G1 X94.387 Y108.351 Z26.783 E1002.10542
G1 X94.492 Y107.552 Z26.785 E1002.16573
G1 X94.642 Y106.743 Z26.787 E1002.2273
G1 X94.833 Y105.944 Z26.79 E1002.28878
G1 X95.071 Y105.141 Z26.793 E1002.35146
G1 X95.346 Y104.366 Z26.795 E1002.413
G1 X95.654 Y103.621 Z26.797 E1002.47333
G1 X96.008 Y102.879 Z26.8 E1002.53485
G1 X96.4 Y102.157 Z26.802 E1002.59633
G1 X96.837 Y101.443 Z26.805 E1002.65898
G1 X97.294 Y100.778 Z26.807 E1002.71936
G1 X97.804 Y100.114 Z26.81 E1002.78202
G1 X98.338 Y99.489 Z26.813 E1002.84354
G1 X98.898 Y98.898 Z26.815 E1002.90447
G1 X99.489 Y98.338 Z26.817 E1002.9654
G1 X100.114 Y97.804 Z26.82 E1003.02692
G1 X100.778 Y97.294 Z26.823 E1003.08957
G1 X101.443 Y96.837 Z26.825 E1003.14996
G1 X102.151 Y96.403 Z26.828 E1003.21211
G1 X102.874 Y96.011 Z26.83 E1003.27365
G1 X103.618 Y95.656 Z26.833 E1003.33534
G1 X104.366 Y95.346 Z26.835 E1003.39594
G1 X105.146 Y95.069 Z26.837 E1003.45788
G1 X105.937 Y94.835 Z26.84 E1003.51961
G1 X106.739 Y94.643 Z26.843 E1003.58133
G1 X107.552 Y94.492 Z26.845 E1003.64321
G1 X108.351 Y94.387 Z26.847 E1003.70352
G1 X109.176 Y94.322 Z26.85 E1003.76545
G1 X110 Y94.3 Z26.853 E1003.82713
G1 X110.824 Y94.322 Z26.855 E1003.88882
G1 X111.649 Y94.387 Z26.858 E1003.95075
G1 X112.448 Y94.492 Z26.86 E1004.01106
G1 X113.261 Y94.643 Z26.862 E1004.07294
G1 X114.063 Y94.835 Z26.865 E1004.13465
G1 X114.854 Y95.069 Z26.868 E1004.19638
G1 X115.634 Y95.346 Z26.87 E1004.25833
G1 X116.382 Y95.656 Z26.872 E1004.31892
G1 X117.126 Y96.011 Z26.875 E1004.38061
G1 X117.849 Y96.403 Z26.878 E1004.44216
G1 X118.557 Y96.837 Z26.88 E1004.50431
G1 X119.222 Y97.294 Z26.882 E1004.56469
G1 X119.886 Y97.804 Z26.885 E1004.62735
G1 X120.511 Y98.338 Z26.888 E1004.68887
G1 X121.102 Y98.898 Z26.89 E1004.7498
G1 X121.662 Y99.489 Z26.892 E1004.81073
G1 X122.196 Y100.114 Z26.895 E1004.87224
G1 X122.706 Y100.778 Z26.898 E1004.9349
G1 X123.163 Y101.443 Z26.9 E1004.99529
G1 X123.6 Y102.157 Z26.903 E1005.05793
G1 X123.992 Y102.879 Z26.905 E1005.11941
G1 X124.346 Y103.621 Z26.908 E1005.18094
G1 X124.654 Y104.366 Z26.91 E1005.24127
G1 X124.929 Y105.141 Z26.912 E1005.30281
G1 X125.163 Y105.929 Z26.915 E1005.36432
G1 X125.358 Y106.743 Z26.918 E1005.42696
G1 X125.508 Y107.552 Z26.92 E1005.48854
G1 X125.613 Y108.351 Z26.922 E1005.54884
G1 X125.678 Y109.171 Z26.925 E1005.6104
G1 X125.7 Y109.992 Z26.927 E1005.67186
G1 X125.678 Y110.824 Z26.93 E1005.73415
G1 X125.613 Y111.649 Z26.933 E1005.79608
G1 X125.508 Y112.448 Z26.935 E1005.85639
G1 X125.358 Y113.257 Z26.937 E1005.91796
G1 X125.167 Y114.056 Z26.94 E1005.97944
G1 X124.931 Y114.854 Z26.943 E1006.04172
G1 X124.655 Y115.631 Z26.945 E1006.10342
G1 X124.346 Y116.379 Z26.947 E1006.16399
G1 X123.992 Y117.121 Z26.95 E1006.22551
G1 X123.6 Y117.843 Z26.952 E1006.28699
G1 X123.163 Y118.557 Z26.955 E1006.34964
G1 X122.706 Y119.222 Z26.957 E1006.41002
G1 X122.198 Y119.883 Z26.96 E1006.47241
G1 X121.666 Y120.506 Z26.963 E1006.53372
G1 X121.102 Y121.102 Z26.965 E1006.59513
G1 X120.511 Y121.662 Z26.967 E1006.65606
G1 X119.886 Y122.196 Z26.97 E1006.71757
G1 X119.223 Y122.705 Z26.973 E1006.78013
G1 X118.557 Y123.163 Z26.975 E1006.84061
G1 X117.849 Y123.597 Z26.978 E1006.90276
G1 X117.126 Y123.989 Z26.98 E1006.96431
G1 X116.382 Y124.344 Z26.983 E1007.026
G1 X115.634 Y124.654 Z26.985 E1007.08659
G1 X114.854 Y124.931 Z26.987 E1007.14854
G1 X114.063 Y125.165 Z26.99 E1007.21027
G1 X113.261 Y125.357 Z26.993 E1007.27198
G1 X112.448 Y125.508 Z26.995 E1007.33386
G1 X111.649 Y125.613 Z26.997 E1007.39417
G1 X110.824 Y125.678 Z27 E1007.4561
;TIME_ELAPSED:529.810662
;LAYER:89
;TYPE:WALL-OUTER
;MESH:flow_cal_cylinder_32x30.stl
G1 X110 Y125.7 Z27.003 E1007.51779
G1 X109.176 Y125.678 Z27.005 E1007.57947
G1 X108.351 Y125.613 Z27.008 E1007.64141
G1 X107.552 Y125.508 Z27.01 E1007.70171
G1 X106.739 Y125.357 Z27.012 E1007.7636
G1 X105.937 Y125.165 Z27.015 E1007.82531
G1 X105.146 Y124.931 Z27.018 E1007.88704
G1 X104.366 Y124.654 Z27.02 E1007.94898
G1 X103.618 Y124.344 Z27.022 E1008.00958
G1 X102.874 Y123.989 Z27.025 E1008.07127
G1 X102.151 Y123.597 Z27.028 E1008.13282
G1 X101.443 Y123.163 Z27.03 E1008.19496
G1 X100.777 Y122.705 Z27.032 E1008.25545
G1 X100.114 Y122.196 Z27.035 E1008.318
G1 X99.489 Y121.662 Z27.038 E1008.37952
G1 X98.898 Y121.102 Z27.04 E1008.44045
G1 X98.334 Y120.506 Z27.043 E1008.50186
G1 X97.802 Y119.883 Z27.045 E1008.56317
G1 X97.294 Y119.222 Z27.048 E1008.62555
G1 X96.837 Y118.557 Z27.05 E1008.68594
G1 X96.4 Y117.843 Z27.053 E1008.74858
G1 X96.008 Y117.121 Z27.055 E1008.81006
G1 X95.654 Y116.379 Z27.058 E1008.87159
G1 X95.345 Y115.631 Z27.06 E1008.93215
G1 X95.069 Y114.854 Z27.062 E1008.99386
G1 X94.833 Y114.056 Z27.065 E1009.05614
G1 X94.642 Y113.257 Z27.068 E1009.11762
G1 X94.492 Y112.448 Z27.07 E1009.17919
G1 X94.387 Y111.649 Z27.072 E1009.2395
G1 X94.322 Y110.824 Z27.075 E1009.30143
G1 X94.3 Y110.008 Z27.077 E1009.36252
G1 X94.322 Y109.171 Z27.08 E1009.42517
G1 X94.387 Y108.351 Z27.083 E1009.48673
G1 X94.492 Y107.552 Z27.085 E1009.54704
G1 X94.642 Y106.743 Z27.087 E1009.60861
G1 X94.833 Y105.944 Z27.09 E1009.67009
G1 X95.071 Y105.141 Z27.093 E1009.73277
G1 X95.346 Y104.366 Z27.095 E1009.79431
G1 X95.654 Y103.621 Z27.097 E1009.85464
G1 X96.008 Y102.879 Z27.1 E1009.91616
G1 X96.4 Y102.157 Z27.102 E1009.97764
G1 X96.837 Y101.443 Z27.105 E1010.04029
G1 X97.294 Y100.778 Z27.107 E1010.10067
G1 X97.804 Y100.114 Z27.11 E1010.16333
G1 X98.338 Y99.489 Z27.113 E1010.22485
G1 X98.898 Y98.898 Z27.115 E1010.28578
G1 X99.489 Y98.338 Z27.117 E1010.34671
G1 X100.114 Y97.804 Z27.12 E1010.40823
G1 X100.778 Y97.294 Z27.123 E1010.47089
G1 X101.443 Y96.837 Z27.125 E1010.53127
G1 X102.151 Y96.403 Z27.128 E1010.59342
G1 X102.874 Y96.011 Z27.13 E1010.65496
G1 X103.618 Y95.656 Z27.133 E1010.71665
G1 X104.366 Y95.346 Z27.135 E1010.77725
G1 X105.146 Y95.069 Z27.137 E1010.83919
G1 X105.937 Y94.835 Z27.14 E1010.90092
G1 X106.739 Y94.643 Z27.143 E1010.96264
G1 X107.552 Y94.492 Z27.145 E1011.02452
G1 X108.351 Y94.387 Z27.147 E1011.08483
G1 X109.176 Y94.322 Z27.15 E1011.14676
G1 X110 Y94.3 Z27.153 E1011.20844
G1 X110.824 Y94.322 Z27.155 E1011.27013
G1 X111.649 Y94.387 Z27.158 E1011.33206
G1 X112.448 Y94.492 Z27.16 E1011.39237
G1 X113.261 Y94.643 Z27.162 E1011.45425
G1 X114.063 Y94.835 Z27.165 E1011.51596
G1 X114.854 Y95.069 Z27.168 E1011.5777
G1 X115.634 Y95.346 Z27.17 E1011.63964
G1 X116.382 Y95.656 Z27.172 E1011.70023
G1 X117.126 Y96.011 Z27.175 E1011.76192
G1 X117.849 Y96.403 Z27.178 E1011.82347
G1 X118.557 Y96.837 Z27.18 E1011.88562
G1 X119.222 Y97.294 Z27.182 E1011.946
G1 X119.886 Y97.804 Z27.185 E1012.00866
G1 X120.511 Y98.338 Z27.188 E1012.07018
G1 X121.102 Y98.898 Z27.19 E1012.13111
G1 X121.662 Y99.489 Z27.192 E1012.19204
G1 X122.196 Y100.114 Z27.195 E1012.25356
G1 X122.706 Y100.778 Z27.198 E1012.31621
G1 X123.163 Y101.443 Z27.2 E1012.3766
G1 X123.6 Y102.157 Z27.203 E1012.43924
G1 X123.992 Y102.879 Z27.205 E1012.50072
G1 X124.346 Y103.621 Z27.208 E1012.56225
G1 X124.654 Y104.366 Z27.21 E1012.62258
G1 X124.929 Y105.141 Z27.212 E1012.68412
G1 X125.163 Y105.929 Z27.215 E1012.74563
G1 X125.358 Y106.743 Z27.218 E1012.80827
G1 X125.508 Y107.552 Z27.22 E1012.86985
G1 X125.613 Y108.351 Z27.222 E1012.93015
G1 X125.678 Y109.171 Z27.225 E1012.99171
G1 X125.7 Y109.992 Z27.227 E1013.05317
G1 X125.678 Y110.824 Z27.23 E1013.11546
G1 X125.613 Y111.649 Z27.233 E1013.17739
G1 X125.508 Y112.448 Z27.235 E1013.2377
G1 X125.358 Y113.257 Z27.237 E1013.29927
G1 X125.167 Y114.056 Z27.24 E1013.36075
G1 X124.931 Y114.854 Z27.243 E1013.42303
G1 X124.655 Y115.631 Z27.245 E1013.48473
G1 X124.346 Y116.379 Z27.247 E1013.5453
G1 X123.992 Y117.121 Z27.25 E1013.60682
G1 X123.6 Y117.843 Z27.252 E1013.6683
G1 X123.163 Y118.557 Z27.255 E1013.73095
G1 X122.706 Y119.222 Z27.257 E1013.79133
G1 X122.198 Y119.883 Z27.26 E1013.85372
G1 X121.666 Y120.506 Z27.263 E1013.91503
G1 X121.102 Y121.102 Z27.265 E1013.97644
G1 X120.511 Y121.662 Z27.267 E1014.03737
G1 X119.886 Y122.196 Z27.27 E1014.09889
G1 X119.223 Y122.705 Z27.273 E1014.16144
G1 X118.557 Y123.163 Z27.275 E1014.22193
G1 X117.849 Y123.597 Z27.278 E1014.28407
G1 X117.126 Y123.989 Z27.28 E1014.34562
G1 X116.382 Y124.344 Z27.283 E1014.40731
G1 X115.634 Y124.654 Z27.285 E1014.4679
G1 X114.854 Y124.931 Z27.287 E1014.52985
G1 X114.063 Y125.165 Z27.29 E1014.59158
G1 X113.261 Y125.357 Z27.293 E1014.65329
G1 X112.448 Y125.508 Z27.295 E1014.71517
G1 X111.649 Y125.613 Z27.297 E1014.77548
G1 X110.824 Y125.678 Z27.3 E1014.83741
;TIME_ELAPSED:533.149198
;LAYER:90
;TYPE:WALL-OUTER
;MESH:flow_cal_cylinder_32x30.stl
G1 X110 Y125.7 Z27.303 E1014.8991
G1 X109.176 Y125.678 Z27.305 E1014.96079
G1 X108.351 Y125.613 Z27.308 E1015.02272
G1 X107.552 Y125.508 Z27.31 E1015.08302
G1 X106.739 Y125.357 Z27.312 E1015.14491
G1 X105.937 Y125.165 Z27.315 E1015.20662
G1 X105.146 Y124.931 Z27.318 E1015.26835
G1 X104.366 Y124.654 Z27.32 E1015.33029
G1 X103.618 Y124.344 Z27.322 E1015.39089
G1 X102.874 Y123.989 Z27.325 E1015.45258
G1 X102.151 Y123.597 Z27.328 E1015.51413
G1 X101.443 Y123.163 Z27.33 E1015.57627
G1 X100.777 Y122.705 Z27.332 E1015.63676
G1 X100.114 Y122.196 Z27.335 E1015.69931
G1 X99.489 Y121.662 Z27.338 E1015.76083
G1 X98.898 Y121.102 Z27.34 E1015.82176
G1 X98.334 Y120.506 Z27.343 E1015.88317
G1 X97.802 Y119.883 Z27.345 E1015.94448
G1 X97.294 Y119.222 Z27.348 E1016.00686
G1 X96.837 Y118.557 Z27.35 E1016.06725
G1 X96.4 Y117.843 Z27.353 E1016.12989
G1 X96.008 Y117.121 Z27.355 E1016.19138
G1 X95.654 Y116.379 Z27.358 E1016.2529
G1 X95.345 Y115.631 Z27.36 E1016.31346
G1 X95.069 Y114.854 Z27.362 E1016.37517
G1 X94.833 Y114.056 Z27.365 E1016.43745
G1 X94.642 Y113.257 Z27.368 E1016.49893
G1 X94.492 Y112.448 Z27.37 E1016.5605
G1 X94.387 Y111.649 Z27.372 E1016.62081
G1 X94.322 Y110.824 Z27.375 E1016.68274
G1 X94.3 Y110.008 Z27.377 E1016.74383
G1 X94.322 Y109.171 Z27.38 E1016.80649
G1 X94.387 Y108.351 Z27.383 E1016.86804
G1 X94.492 Y107.552 Z27.385 E1016.92835
G1 X94.642 Y106.743 Z27.387 E1016.98992
G1 X94.833 Y105.944 Z27.39 E1017.0514
G1 X95.071 Y105.141 Z27.393 E1017.11408
G1 X95.346 Y104.366 Z27.395 E1017.17562
G1 X95.654 Y103.621 Z27.397 E1017.23595
G1 X96.008 Y102.879 Z27.4 E1017.29747
G1 X96.4 Y102.157 Z27.402 E1017.35896
G1 X96.837 Y101.443 Z27.405 E1017.4216
G1 X97.294 Y100.778 Z27.407 E1017.48199
G1 X97.804 Y100.114 Z27.41 E1017.54464
G1 X98.338 Y99.489 Z27.413 E1017.60616
G1 X98.898 Y98.898 Z27.415 E1017.66709
G1 X99.489 Y98.338 Z27.417 E1017.72802
G1 X100.114 Y97.804 Z27.42 E1017.78954
G1 X100.778 Y97.294 Z27.423 E1017.8522
G1 X101.443 Y96.837 Z27.425 E1017.91258
G1 X102.151 Y96.403 Z27.428 E1017.97473
G1 X102.874 Y96.011 Z27.43 E1018.03627
G1 X103.618 Y95.656 Z27.433 E1018.09796
G1 X104.366 Y95.346 Z27.435 E1018.15856
G1 X105.146 Y95.069 Z27.437 E1018.2205
G1 X105.937 Y94.835 Z27.44 E1018.28223
G1 X106.739 Y94.643 Z27.443 E1018.34395
G1 X107.552 Y94.492 Z27.445 E1018.40583
G1 X108.351 Y94.387 Z27.447 E1018.46614
G1 X109.176 Y94.322 Z27.45 E1018.52807
G1 X110 Y94.3 Z27.453 E1018.58975
G1 X110.824 Y94.322 Z27.455 E1018.65144
G1 X111.649 Y94.387 Z27.458 E1018.71337
G1 X112.448 Y94.492 Z27.46 E1018.77368
G1 X113.261 Y94.643 Z27.462 E1018.83556
G1 X114.063 Y94.835 Z27.465 E1018.89728
G1 X114.854 Y95.069 Z27.468 E1018.95901
G1 X115.634 Y95.346 Z27.47 E1019.02095
G1 X116.382 Y95.656 Z27.472 E1019.08154
G1 X117.126 Y96.011 Z27.475 E1019.14323
G1 X117.849 Y96.403 Z27.478 E1019.20478
G1 X118.557 Y96.837 Z27.48 E1019.26693
G1 X119.222 Y97.294 Z27.482 E1019.32731
G1 X119.886 Y97.804 Z27.485 E1019.38997
G1 X120.511 Y98.338 Z27.488 E1019.45149
G1 X121.102 Y98.898 Z27.49 E1019.51242
G1 X121.662 Y99.489 Z27.492 E1019.57335
G1 X122.196 Y100.114 Z27.495 E1019.63487
G1 X122.706 Y100.778 Z27.498 E1019.69752
G1 X123.163 Y101.443 Z27.5 E1019.75791
G1 X123.6 Y102.157 Z27.503 E1019.82055
G1 X123.992 Y102.879 Z27.505 E1019.88203
G1 X124.346 Y103.621 Z27.508 E1019.94356
G1 X124.654 Y104.366 Z27.51 E1020.00389
G1 X124.929 Y105.141 Z27.512 E1020.06543
G1 X125.163 Y105.929 Z27.515 E1020.12694
G1 X125.358 Y106.743 Z27.518 E1020.18958
G1 X125.508 Y107.552 Z27.52 E1020.25116
G1 X125.613 Y108.351 Z27.522 E1020.31147
G1 X125.678 Y109.171 Z27.525 E1020.37302
G1 X125.7 Y109.992 Z27.527 E1020.43449
G1 X125.678 Y110.824 Z27.53 E1020.49677
G1 X125.613 Y111.649 Z27.533 E1020.5587
G1 X125.508 Y112.448 Z27.535 E1020.61901
G1 X125.358 Y113.257 Z27.537 E1020.68058
G1 X125.167 Y114.056 Z27.54 E1020.74206
G1 X124.931 Y114.854 Z27.543 E1020.80434
G1 X124.655 Y115.631 Z27.545 E1020.86604
G1 X124.346 Y116.379 Z27.547 E1020.92661
G1 X123.992 Y117.121 Z27.55 E1020.98813
G1 X123.6 Y117.843 Z27.552 E1021.04961
G1 X123.163 Y118.557 Z27.555 E1021.11226
G1 X122.706 Y119.222 Z27.557 E1021.17264
G1 X122.198 Y119.883 Z27.56 E1021.23503
G1 X121.666 Y120.506 Z27.563 E1021.29634
G1 X121.102 Y121.102 Z27.565 E1021.35775
G1 X120.511 Y121.662 Z27.567 E1021.41868
G1 X119.886 Y122.196 Z27.57 E1021.4802
G1 X119.223 Y122.705 Z27.573 E1021.54275
G1 X118.557 Y123.163 Z27.575 E1021.60324
G1 X117.849 Y123.597 Z27.578 E1021.66538
G1 X117.126 Y123.989 Z27.58 E1021.72693
G1 X116.382 Y124.344 Z27.583 E1021.78862
G1 X115.634 Y124.654 Z27.585 E1021.84921
G1 X114.854 Y124.931 Z27.587 E1021.91116
G1 X114.063 Y125.165 Z27.59 E1021.97289
G1 X113.261 Y125.357 Z27.593 E1022.0346
G1 X112.448 Y125.508 Z27.595 E1022.09648
G1 X111.649 Y125.613 Z27.597 E1022.15679
G1 X110.824 Y125.678 Z27.6 E1022.21872
;TIME_ELAPSED:536.487733
;LAYER:91
;TYPE:WALL-OUTER
;MESH:flow_cal_cylinder_32x30.stl
G1 X110 Y125.7 Z27.603 E1022.28041
G1 X109.176 Y125.678 Z27.605 E1022.3421
G1 X108.351 Y125.613 Z27.608 E1022.40403
G1 X107.552 Y125.508 Z27.61 E1022.46433
G1 X106.739 Y125.357 Z27.612 E1022.52622
G1 X105.937 Y125.165 Z27.615 E1022.58793
G1 X105.146 Y124.931 Z27.618 E1022.64966
G1 X104.366 Y124.654 Z27.62 E1022.7116
G1 X103.618 Y124.344 Z27.622 E1022.7722
G1 X102.874 Y123.989 Z27.625 E1022.83389
G1 X102.151 Y123.597 Z27.628 E1022.89544
G1 X101.443 Y123.163 Z27.63 E1022.95758
G1 X100.777 Y122.705 Z27.632 E1023.01807
G1 X100.114 Y122.196 Z27.635 E1023.08062
G1 X99.489 Y121.662 Z27.638 E1023.14214
G1 X98.898 Y121.102 Z27.64 E1023.20307
G1 X98.334 Y120.506 Z27.643 E1023.26448
G1 X97.802 Y119.883 Z27.645 E1023.32579
G1 X97.294 Y119.222 Z27.648 E1023.38817
G1 X96.837 Y118.557 Z27.65 E1023.44856
G1 X96.4 Y117.843 Z27.653 E1023.5112
G1 X96.008 Y117.121 Z27.655 E1023.57269
G1 X95.654 Y116.379 Z27.658 E1023.63421
G1 X95.345 Y115.631 Z27.66 E1023.69478
G1 X95.069 Y114.854 Z27.662 E1023.75648
G1 X94.833 Y114.056 Z27.665 E1023.81876
G1 X94.642 Y113.257 Z27.668 E1023.88024
G1 X94.492 Y112.448 Z27.67 E1023.94181
G1 X94.387 Y111.649 Z27.672 E1024.00212
G1 X94.322 Y110.824 Z27.675 E1024.06405
G1 X94.3 Y110.008 Z27.677 E1024.12514
G1 X94.322 Y109.171 Z27.68 E1024.1878
G1 X94.387 Y108.351 Z27.683 E1024.24935
G1 X94.492 Y107.552 Z27.685 E1024.30966
G1 X94.642 Y106.743 Z27.687 E1024.37124
G1 X94.833 Y105.944 Z27.69 E1024.43271
G1 X95.071 Y105.141 Z27.693 E1024.49539
G1 X95.346 Y104.366 Z27.695 E1024.55693
G1 X95.654 Y103.621 Z27.697 E1024.61726
G1 X96.008 Y102.879 Z27.7 E1024.67878
G1 X96.4 Y102.157 Z27.702 E1024.74027
G1 X96.837 Y101.443 Z27.705 E1024.80291
G1 X97.294 Y100.778 Z27.707 E1024.8633
G1 X97.804 Y100.114 Z27.71 E1024.92595
G1 X98.338 Y99.489 Z27.713 E1024.98747
G1 X98.898 Y98.898 Z27.715 E1025.0484
G1 X99.489 Y98.338 Z27.717 E1025.10933
G1 X100.114 Y97.804 Z27.72 E1025.17085
G1 X100.778 Y97.294 Z27.723 E1025.23351
G1 X101.443 Y96.837 Z27.725 E1025.29389
G1 X102.151 Y96.403 Z27.728 E1025.35604
G1 X102.874 Y96.011 Z27.73 E1025.41758
G1 X103.618 Y95.656 Z27.733 E1025.47928
G1 X104.366 Y95.346 Z27.735 E1025.53987
G1 X105.146 Y95.069 Z27.737 E1025.60181
G1 X105.937 Y94.835 Z27.74 E1025.66354
G1 X106.739 Y94.643 Z27.743 E1025.72526
G1 X107.552 Y94.492 Z27.745 E1025.78714
G1 X108.351 Y94.387 Z27.747 E1025.84745
G1 X109.176 Y94.322 Z27.75 E1025.90938
G1 X110 Y94.3 Z27.753 E1025.97106
G1 X110.824 Y94.322 Z27.755 E1026.03275
G1 X111.649 Y94.387 Z27.758 E1026.09468
G1 X112.448 Y94.492 Z27.76 E1026.15499
G1 X113.261 Y94.643 Z27.762 E1026.21687
G1 X114.063 Y94.835 Z27.765 E1026.27859
G1 X114.854 Y95.069 Z27.768 E1026.34032
G1 X115.634 Y95.346 Z27.77 E1026.40226
G1 X116.382 Y95.656 Z27.772 E1026.46285
G1 X117.126 Y96.011 Z27.775 E1026.52455
G1 X117.849 Y96.403 Z27.778 E1026.58609
G1 X118.557 Y96.837 Z27.78 E1026.64824
G1 X119.222 Y97.294 Z27.782 E1026.70862
G1 X119.886 Y97.804 Z27.785 E1026.77128
G1 X120.511 Y98.338 Z27.788 E1026.8328
G1 X121.102 Y98.898 Z27.79 E1026.89373
G1 X121.662 Y99.489 Z27.792 E1026.95466
G1 X122.196 Y100.114 Z27.795 E1027.01618
G1 X122.706 Y100.778 Z27.798 E1027.07883
G1 X123.163 Y101.443 Z27.8 E1027.13922
G1 X123.6 Y102.157 Z27.803 E1027.20186
G1 X123.992 Y102.879 Z27.805 E1027.26335
G1 X124.346 Y103.621 Z27.808 E1027.32487
G1 X124.654 Y104.366 Z27.81 E1027.3852
G1 X124.929 Y105.141 Z27.812 E1027.44674
G1 X125.163 Y105.929 Z27.815 E1027.50825
G1 X125.358 Y106.743 Z27.818 E1027.57089
G1 X125.508 Y107.552 Z27.82 E1027.63247
G1 X125.613 Y108.351 Z27.822 E1027.69278
G1 X125.678 Y109.171 Z27.825 E1027.75433
G1 X125.7 Y109.992 Z27.827 E1027.8158
G1 X125.678 Y110.824 Z27.83 E1027.87808
G1 X125.613 Y111.649 Z27.833 E1027.94001
G1 X125.508 Y112.448 Z27.835 E1028.00032
G1 X125.358 Y113.257 Z27.837 E1028.06189
G1 X125.167 Y114.056 Z27.84 E1028.12337
G1 X124.931 Y114.854 Z27.843 E1028.18565
G1 X124.655 Y115.631 Z27.845 E1028.24735
G1 X124.346 Y116.379 Z27.847 E1028.30792
G1 X123.992 Y117.121 Z27.85 E1028.36944
G1 X123.6 Y117.843 Z27.852 E1028.43092
G1 X123.163 Y118.557 Z27.855 E1028.49357
G1 X122.706 Y119.222 Z27.857 E1028.55396
G1 X122.198 Y119.883 Z27.86 E1028.61634
G1 X121.666 Y120.506 Z27.863 E1028.67765
G1 X121.102 Y121.102 Z27.865 E1028.73906
G1 X120.511 Y121.662 Z27.867 E1028.79999
G1 X119.886 Y122.196 Z27.87 E1028.86151
G1 X119.223 Y122.705 Z27.873 E1028.92406
G1 X118.557 Y123.163 Z27.875 E1028.98455
G1 X117.849 Y123.597 Z27.878 E1029.04669
G1 X117.126 Y123.989 Z27.88 E1029.10824
G1 X116.382 Y124.344 Z27.883 E1029.16993
G1 X115.634 Y124.654 Z27.885 E1029.23052
G1 X114.854 Y124.931 Z27.887 E1029.29247
G1 X114.063 Y125.165 Z27.89 E1029.3542
G1 X113.261 Y125.357 Z27.893 E1029.41591
G1 X112.448 Y125.508 Z27.895 E1029.4778
G1 X111.649 Y125.613 Z27.897 E1029.5381
G1 X110.824 Y125.678 Z27.9 E1029.60003
;TIME_ELAPSED:539.826269
;LAYER:92
;TYPE:WALL-OUTER
;MESH:flow_cal_cylinder_32x30.stl
G1 X110 Y125.7 Z27.903 E1029.66172
G1 X109.176 Y125.678 Z27.905 E1029.72341
G1 X108.351 Y125.613 Z27.908 E1029.78534
G1 X107.552 Y125.508 Z27.91 E1029.84565
G1 X106.739 Y125.357 Z27.912 E1029.90753
G1 X105.937 Y125.165 Z27.915 E1029.96924
G1 X105.146 Y124.931 Z27.918 E1030.03097
G1 X104.366 Y124.654 Z27.92 E1030.09292
G1 X103.618 Y124.344 Z27.922 E1030.15351
G1 X102.874 Y123.989 Z27.925 E1030.2152
G1 X102.151 Y123.597 Z27.928 E1030.27675
G1 X101.443 Y123.163 Z27.93 E1030.33889
G1 X100.777 Y122.705 Z27.932 E1030.39938
G1 X100.114 Y122.196 Z27.935 E1030.46193
G1 X99.489 Y121.662 Z27.938 E1030.52345
G1 X98.898 Y121.102 Z27.94 E1030.58438
G1 X98.334 Y120.506 Z27.943 E1030.64579
G1 X97.802 Y119.883 Z27.945 E1030.7071
G1 X97.294 Y119.222 Z27.948 E1030.76949
G1 X96.837 Y118.557 Z27.95 E1030.82987
G1 X96.4 Y117.843 Z27.953 E1030.89252
G1 X96.008 Y117.121 Z27.955 E1030.954
G1 X95.654 Y116.379 Z27.958 E1031.01552
G1 X95.345 Y115.631 Z27.96 E1031.07609
G1 X95.069 Y114.854 Z27.962 E1031.13779
G1 X94.833 Y114.056 Z27.965 E1031.20007
G1 X94.642 Y113.257 Z27.968 E1031.26155
G1 X94.492 Y112.448 Z27.97 E1031.32312
G1 X94.387 Y111.649 Z27.972 E1031.38343
G1 X94.322 Y110.824 Z27.975 E1031.44536
G1 X94.3 Y110.008 Z27.977 E1031.50645
G1 X94.322 Y109.171 Z27.98 E1031.56911
G1 X94.387 Y108.351 Z27.983 E1031.63066
G1 X94.492 Y107.552 Z27.985 E1031.69097
G1 X94.642 Y106.743 Z27.987 E1031.75255
G1 X94.833 Y105.944 Z27.99 E1031.81402
G1 X95.071 Y105.141 Z27.993 E1031.8767
G1 X95.346 Y104.366 Z27.995 E1031.93824
G1 X95.654 Y103.621 Z27.997 E1031.99857
G1 X96.008 Y102.879 Z28 E1032.0601
G1 X96.4 Y102.157 Z28.002 E1032.12158
G1 X96.837 Y101.443 Z28.005 E1032.18422
G1 X97.294 Y100.778 Z28.007 E1032.24461
G1 X97.804 Y100.114 Z28.01 E1032.30726
G1 X98.338 Y99.489 Z28.013 E1032.36878
G1 X98.898 Y98.898 Z28.015 E1032.42971
G1 X99.489 Y98.338 Z28.017 E1032.49064
G1 X100.114 Y97.804 Z28.02 E1032.55216
G1 X100.778 Y97.294 Z28.023 E1032.61482
G1 X101.443 Y96.837 Z28.025 E1032.6752
G1 X102.151 Y96.403 Z28.028 E1032.73735
G1 X102.874 Y96.011 Z28.03 E1032.79889
G1 X103.618 Y95.656 Z28.033 E1032.86059
G1 X104.366 Y95.346 Z28.035 E1032.92118
G1 X105.146 Y95.069 Z28.037 E1032.98312
G1 X105.937 Y94.835 Z28.04 E1033.04485
G1 X106.739 Y94.643 Z28.043 E1033.10657
G1 X107.552 Y94.492 Z28.045 E1033.16845
G1 X108.351 Y94.387 Z28.047 E1033.22876
G1 X109.176 Y94.322 Z28.05 E1033.29069
G1 X110 Y94.3 Z28.053 E1033.35238
G1 X110.824 Y94.322 Z28.055 E1033.41406
G1 X111.649 Y94.387 Z28.058 E1033.47599
G1 X112.448 Y94.492 Z28.06 E1033.5363
G1 X113.261 Y94.643 Z28.062 E1033.59818
G1 X114.063 Y94.835 Z28.065 E1033.6599
G1 X114.854 Y95.069 Z28.068 E1033.72163
G1 X115.634 Y95.346 Z28.07 E1033.78357
G1 X116.382 Y95.656 Z28.072 E1033.84416
G1 X117.126 Y96.011 Z28.075 E1033.90586
G1 X117.849 Y96.403 Z28.078 E1033.9674
G1 X118.557 Y96.837 Z28.08 E1034.02955
G1 X119.222 Y97.294 Z28.082 E1034.08993
G1 X119.886 Y97.804 Z28.085 E1034.15259
G1 X120.511 Y98.338 Z28.088 E1034.21411
G1 X121.102 Y98.898 Z28.09 E1034.27504
G1 X121.662 Y99.489 Z28.092 E1034.33597
G1 X122.196 Y100.114 Z28.095 E1034.39749
G1 X122.706 Y100.778 Z28.098 E1034.46014
G1 X123.163 Y101.443 Z28.1 E1034.52053
G1 X123.6 Y102.157 Z28.103 E1034.58317
G1 X123.992 Y102.879 Z28.105 E1034.64466
G1 X124.346 Y103.621 Z28.108 E1034.70618
G1 X124.654 Y104.366 Z28.11 E1034.76651
G1 X124.929 Y105.141 Z28.112 E1034.82805
G1 X125.163 Y105.929 Z28.115 E1034.88957
G1 X125.358 Y106.743 Z28.118 E1034.95221
G1 X125.508 Y107.552 Z28.12 E1035.01378
G1 X125.613 Y108.351 Z28.122 E1035.07409
G1 X125.678 Y109.171 Z28.125 E1035.13564
G1 X125.7 Y109.992 Z28.127 E1035.19711
G1 X125.678 Y110.824 Z28.13 E1035.25939
G1 X125.613 Y111.649 Z28.133 E1035.32132
G1 X125.508 Y112.448 Z28.135 E1035.38163
G1 X125.358 Y113.257 Z28.137 E1035.4432
G1 X125.167 Y114.056 Z28.14 E1035.50468
G1 X124.931 Y114.854 Z28.143 E1035.56696
G1 X124.655 Y115.631 Z28.145 E1035.62866
G1 X124.346 Y116.379 Z28.147 E1035.68923
G1 X123.992 Y117.121 Z28.15 E1035.75075
G1 X123.6 Y117.843 Z28.152 E1035.81224
G1 X123.163 Y118.557 Z28.155 E1035.87488
G1 X122.706 Y119.222 Z28.157 E1035.93527
G1 X122.198 Y119.883 Z28.16 E1035.99765
G1 X121.666 Y120.506 Z28.163 E1036.05896
G1 X121.102 Y121.102 Z28.165 E1036.12037
G1 X120.511 Y121.662 Z28.167 E1036.1813
G1 X119.886 Y122.196 Z28.17 E1036.24282
G1 X119.223 Y122.705 Z28.173 E1036.30537
G1 X118.557 Y123.163 Z28.175 E1036.36586
G1 X117.849 Y123.597 Z28.178 E1036.428
G1 X117.126 Y123.989 Z28.18 E1036.48955
G1 X116.382 Y124.344 Z28.183 E1036.55124
G1 X115.634 Y124.654 Z28.185 E1036.61184
G1 X114.854 Y124.931 Z28.187 E1036.67378
G1 X114.063 Y125.165 Z28.19 E1036.73551
G1 X113.261 Y125.357 Z28.193 E1036.79722
G1 X112.448 Y125.508 Z28.195 E1036.85911
G1 X111.649 Y125.613 Z28.197 E1036.91941
G1 X110.824 Y125.678 Z28.2 E1036.98134
;TIME_ELAPSED:543.164805
;LAYER:93
;TYPE:WALL-OUTER
;MESH:flow_cal_cylinder_32x30.stl
G1 X110 Y125.7 Z28.203 E1037.04303
G1 X109.176 Y125.678 Z28.205 E1037.10472
G1 X108.351 Y125.613 Z28.208 E1037.16665
G1 X107.552 Y125.508 Z28.21 E1037.22696
G1 X106.739 Y125.357 Z28.212 E1037.28884
G1 X105.937 Y125.165 Z28.215 E1037.35055
G1 X105.146 Y124.931 Z28.218 E1037.41228
G1 X104.366 Y124.654 Z28.22 E1037.47423
G1 X103.618 Y124.344 Z28.222 E1037.53482
G1 X102.874 Y123.989 Z28.225 E1037.59651
G1 X102.151 Y123.597 Z28.228 E1037.65806
G1 X101.443 Y123.163 Z28.23 E1037.7202
G1 X100.777 Y122.705 Z28.232 E1037.78069
G1 X100.114 Y122.196 Z28.235 E1037.84324
G1 X99.489 Y121.662 Z28.238 E1037.90476
G1 X98.898 Y121.102 Z28.24 E1037.96569
G1 X98.334 Y120.506 Z28.243 E1038.0271
G1 X97.802 Y119.883 Z28.245 E1038.08841
G1 X97.294 Y119.222 Z28.248 E1038.1508
G1 X96.837 Y118.557 Z28.25 E1038.21118
G1 X96.4 Y117.843 Z28.253 E1038.27383
G1 X96.008 Y117.121 Z28.255 E1038.33531
G1 X95.654 Y116.379 Z28.258 E1038.39683
G1 X95.345 Y115.631 Z28.26 E1038.4574
G1 X95.069 Y114.854 Z28.262 E1038.5191
G1 X94.833 Y114.056 Z28.265 E1038.58138
G1 X94.642 Y113.257 Z28.268 E1038.64286
G1 X94.492 Y112.448 Z28.27 E1038.70443
G1 X94.387 Y111.649 Z28.272 E1038.76474
G1 X94.322 Y110.824 Z28.275 E1038.82667
G1 X94.3 Y110.008 Z28.277 E1038.88776
G1 X94.322 Y109.171 Z28.28 E1038.95042
G1 X94.387 Y108.351 Z28.283 E1039.01198
G1 X94.492 Y107.552 Z28.285 E1039.07228
G1 X94.642 Y106.743 Z28.287 E1039.13386
G1 X94.833 Y105.944 Z28.29 E1039.19534
G1 X95.071 Y105.141 Z28.293 E1039.25801
G1 X95.346 Y104.366 Z28.295 E1039.31955
G1 X95.654 Y103.621 Z28.297 E1039.37988
G1 X96.008 Y102.879 Z28.3 E1039.44141
G1 X96.4 Y102.157 Z28.302 E1039.50289
G1 X96.837 Y101.443 Z28.305 E1039.56553
G1 X97.294 Y100.778 Z28.307 E1039.62592
G1 X97.804 Y100.114 Z28.31 E1039.68857
G1 X98.338 Y99.489 Z28.313 E1039.75009
G1 X98.898 Y98.898 Z28.315 E1039.81102
G1 X99.489 Y98.338 Z28.317 E1039.87195
G1 X100.114 Y97.804 Z28.32 E1039.93347
G1 X100.778 Y97.294 Z28.323 E1039.99613
G1 X101.443 Y96.837 Z28.325 E1040.05651
G1 X102.151 Y96.403 Z28.328 E1040.11866
G1 X102.874 Y96.011 Z28.33 E1040.18021
G1 X103.618 Y95.656 Z28.333 E1040.2419
G1 X104.366 Y95.346 Z28.335 E1040.30249
G1 X105.146 Y95.069 Z28.337 E1040.36443
G1 X105.937 Y94.835 Z28.34 E1040.42616
G1 X106.739 Y94.643 Z28.343 E1040.48788
G1 X107.552 Y94.492 Z28.345 E1040.54976
G1 X108.351 Y94.387 Z28.347 E1040.61007
G1 X109.176 Y94.322 Z28.35 E1040.672
G1 X110 Y94.3 Z28.353 E1040.73369
G1 X110.824 Y94.322 Z28.355 E1040.79537
G1 X111.649 Y94.387 Z28.358 E1040.8573
G1 X112.448 Y94.492 Z28.36 E1040.91761
G1 X113.261 Y94.643 Z28.362 E1040.97949
G1 X114.063 Y94.835 Z28.365 E1041.04121
G1 X114.854 Y95.069 Z28.368 E1041.10294
G1 X115.634 Y95.346 Z28.37 E1041.16488
G1 X116.382 Y95.656 Z28.372 E1041.22548
G1 X117.126 Y96.011 Z28.375 E1041.28717
G1 X117.849 Y96.403 Z28.378 E1041.34871
G1 X118.557 Y96.837 Z28.38 E1041.41086
G1 X119.222 Y97.294 Z28.382 E1041.47124
G1 X119.886 Y97.804 Z28.385 E1041.5339
G1 X120.511 Y98.338 Z28.388 E1041.59542
G1 X121.102 Y98.898 Z28.39 E1041.65635
G1 X121.662 Y99.489 Z28.392 E1041.71728
G1 X122.196 Y100.114 Z28.395 E1041.7788
G1 X122.706 Y100.778 Z28.398 E1041.84145
G1 X123.163 Y101.443 Z28.4 E1041.90184
G1 X123.6 Y102.157 Z28.403 E1041.96449
G1 X123.992 Y102.879 Z28.405 E1042.02597
G1 X124.346 Y103.621 Z28.408 E1042.08749
G1 X124.654 Y104.366 Z28.41 E1042.14782
G1 X124.929 Y105.141 Z28.412 E1042.20936
G1 X125.163 Y105.929 Z28.415 E1042.27088
G1 X125.358 Y106.743 Z28.418 E1042.33352
G1 X125.508 Y107.552 Z28.42 E1042.39509
G1 X125.613 Y108.351 Z28.422 E1042.4554
G1 X125.678 Y109.171 Z28.425 E1042.51696
G1 X125.7 Y109.992 Z28.427 E1042.57842
G1 X125.678 Y110.824 Z28.43 E1042.6407
G1 X125.613 Y111.649 Z28.433 E1042.70263
G1 X125.508 Y112.448 Z28.435 E1042.76294
G1 X125.358 Y113.257 Z28.437 E1042.82451
G1 X125.167 Y114.056 Z28.44 E1042.88599
G1 X124.931 Y114.854 Z28.443 E1042.94827
G1 X124.655 Y115.631 Z28.445 E1043.00998
G1 X124.346 Y116.379 Z28.447 E1043.07054
G1 X123.992 Y117.121 Z28.45 E1043.13206
G1 X123.6 Y117.843 Z28.452 E1043.19355
G1 X123.163 Y118.557 Z28.455 E1043.25619
G1 X122.706 Y119.222 Z28.457 E1043.31658
G1 X122.198 Y119.883 Z28.46 E1043.37896
G1 X121.666 Y120.506 Z28.463 E1043.44027
G1 X121.102 Y121.102 Z28.465 E1043.50168
G1 X120.511 Y121.662 Z28.467 E1043.56261
G1 X119.886 Y122.196 Z28.47 E1043.62413
G1 X119.223 Y122.705 Z28.473 E1043.68668
G1 X118.557 Y123.163 Z28.475 E1043.74717
G1 X117.849 Y123.597 Z28.478 E1043.80931
G1 X117.126 Y123.989 Z28.48 E1043.87086
G1 X116.382 Y124.344 Z28.483 E1043.93255
G1 X115.634 Y124.654 Z28.485 E1043.99315
G1 X114.854 Y124.931 Z28.487 E1044.05509
G1 X114.063 Y125.165 Z28.49 E1044.11682
G1 X113.261 Y125.357 Z28.493 E1044.17853
G1 X112.448 Y125.508 Z28.495 E1044.24042
G1 X111.649 Y125.613 Z28.497 E1044.30072
G1 X110.824 Y125.678 Z28.5 E1044.36265
;TIME_ELAPSED:546.503341
;LAYER:94
;TYPE:WALL-OUTER
;MESH:flow_cal_cylinder_32x30.stl
G1 X110 Y125.7 Z28.503 E1044.42434
G1 X109.176 Y125.678 Z28.505 E1044.48603
G1 X108.351 Y125.613 Z28.508 E1044.54796
G1 X107.552 Y125.508 Z28.51 E1044.60827
G1 X106.739 Y125.357 Z28.512 E1044.67015
G1 X105.937 Y125.165 Z28.515 E1044.73186
G1 X105.146 Y124.931 Z28.518 E1044.79359
G1 X104.366 Y124.654 Z28.52 E1044.85554
G1 X103.618 Y124.344 Z28.522 E1044.91613
G1 X102.874 Y123.989 Z28.525 E1044.97782
G1 X102.151 Y123.597 Z28.528 E1045.03937
G1 X101.443 Y123.163 Z28.53 E1045.10152
G1 X100.777 Y122.705 Z28.532 E1045.162
G1 X100.114 Y122.196 Z28.535 E1045.22456
G1 X99.489 Y121.662 Z28.538 E1045.28607
G1 X98.898 Y121.102 Z28.54 E1045.347
G1 X98.334 Y120.506 Z28.543 E1045.40841
G1 X97.802 Y119.883 Z28.545 E1045.46972
G1 X97.294 Y119.222 Z28.548 E1045.53211
G1 X96.837 Y118.557 Z28.55 E1045.59249
G1 X96.4 Y117.843 Z28.553 E1045.65514
G1 X96.008 Y117.121 Z28.555 E1045.71662
G1 X95.654 Y116.379 Z28.558 E1045.77814
G1 X95.345 Y115.631 Z28.56 E1045.83871
G1 X95.069 Y114.854 Z28.562 E1045.90041
G1 X94.833 Y114.056 Z28.565 E1045.96269
G1 X94.642 Y113.257 Z28.568 E1046.02417
G1 X94.492 Y112.448 Z28.57 E1046.08574
G1 X94.387 Y111.649 Z28.572 E1046.14605
G1 X94.322 Y110.824 Z28.575 E1046.20798
G1 X94.3 Y110.008 Z28.577 E1046.26907
G1 X94.322 Y109.171 Z28.58 E1046.33173
G1 X94.387 Y108.351 Z28.583 E1046.39329
G1 X94.492 Y107.552 Z28.585 E1046.45359
G1 X94.642 Y106.743 Z28.587 E1046.51517
G1 X94.833 Y105.944 Z28.59 E1046.57665
G1 X95.071 Y105.141 Z28.593 E1046.63932
G1 X95.346 Y104.366 Z28.595 E1046.70086
G1 X95.654 Y103.621 Z28.597 E1046.76119
G1 X96.008 Y102.879 Z28.6 E1046.82272
G1 X96.4 Y102.157 Z28.602 E1046.8842
G1 X96.837 Y101.443 Z28.605 E1046.94684
G1 X97.294 Y100.778 Z28.607 E1047.00723
G1 X97.804 Y100.114 Z28.61 E1047.06988
G1 X98.338 Y99.489 Z28.613 E1047.1314
G1 X98.898 Y98.898 Z28.615 E1047.19233
G1 X99.489 Y98.338 Z28.617 E1047.25326
G1 X100.114 Y97.804 Z28.62 E1047.31478
G1 X100.778 Y97.294 Z28.623 E1047.37744
G1 X101.443 Y96.837 Z28.625 E1047.43782
G1 X102.151 Y96.403 Z28.628 E1047.49997
G1 X102.874 Y96.011 Z28.63 E1047.56152
G1 X103.618 Y95.656 Z28.633 E1047.62321
G1 X104.366 Y95.346 Z28.635 E1047.6838
G1 X105.146 Y95.069 Z28.637 E1047.74574
G1 X105.937 Y94.835 Z28.64 E1047.80748
G1 X106.739 Y94.643 Z28.643 E1047.86919
G1 X107.552 Y94.492 Z28.645 E1047.93107
G1 X108.351 Y94.387 Z28.647 E1047.99138
G1 X109.176 Y94.322 Z28.65 E1048.05331
G1 X110 Y94.3 Z28.653 E1048.115
G1 X110.824 Y94.322 Z28.655 E1048.17668
G1 X111.649 Y94.387 Z28.658 E1048.23861
G1 X112.448 Y94.492 Z28.66 E1048.29892
G1 X113.261 Y94.643 Z28.662 E1048.3608
G1 X114.063 Y94.835 Z28.665 E1048.42252
G1 X114.854 Y95.069 Z28.668 E1048.48425
G1 X115.634 Y95.346 Z28.67 E1048.54619
G1 X116.382 Y95.656 Z28.672 E1048.60679
G1 X117.126 Y96.011 Z28.675 E1048.66848
G1 X117.849 Y96.403 Z28.678 E1048.73002
G1 X118.557 Y96.837 Z28.68 E1048.79217
G1 X119.222 Y97.294 Z28.682 E1048.85255
G1 X119.886 Y97.804 Z28.685 E1048.91521
G1 X120.511 Y98.338 Z28.688 E1048.97673
G1 X121.102 Y98.898 Z28.69 E1049.03766
G1 X121.662 Y99.489 Z28.692 E1049.09859
G1 X122.196 Y100.114 Z28.695 E1049.16011
G1 X122.706 Y100.778 Z28.698 E1049.22277
G1 X123.163 Y101.443 Z28.7 E1049.28315
G1 X123.6 Y102.157 Z28.703 E1049.3458
G1 X123.992 Y102.879 Z28.705 E1049.40728
G1 X124.346 Y103.621 Z28.708 E1049.4688
G1 X124.654 Y104.366 Z28.71 E1049.52913
G1 X124.929 Y105.141 Z28.712 E1049.59067
G1 X125.163 Y105.929 Z28.715 E1049.65219
G1 X125.358 Y106.743 Z28.718 E1049.71483
G1 X125.508 Y107.552 Z28.72 E1049.7764
G1 X125.613 Y108.351 Z28.722 E1049.83671
G1 X125.678 Y109.171 Z28.725 E1049.89827
G1 X125.7 Y109.992 Z28.727 E1049.95973
G1 X125.678 Y110.824 Z28.73 E1050.02201
G1 X125.613 Y111.649 Z28.733 E1050.08394
G1 X125.508 Y112.448 Z28.735 E1050.14425
G1 X125.358 Y113.257 Z28.737 E1050.20583
G1 X125.167 Y114.056 Z28.74 E1050.2673
G1 X124.931 Y114.854 Z28.743 E1050.32958
G1 X124.655 Y115.631 Z28.745 E1050.39129
G1 X124.346 Y116.379 Z28.747 E1050.45185
G1 X123.992 Y117.121 Z28.75 E1050.51338
G1 X123.6 Y117.843 Z28.752 E1050.57486
G1 X123.163 Y118.557 Z28.755 E1050.6375
G1 X122.706 Y119.222 Z28.757 E1050.69789
G1 X122.198 Y119.883 Z28.76 E1050.76027
G1 X121.666 Y120.506 Z28.763 E1050.82158
G1 X121.102 Y121.102 Z28.765 E1050.88299
G1 X120.511 Y121.662 Z28.767 E1050.94392
G1 X119.886 Y122.196 Z28.77 E1051.00544
G1 X119.223 Y122.705 Z28.773 E1051.06799
G1 X118.557 Y123.163 Z28.775 E1051.12848
G1 X117.849 Y123.597 Z28.778 E1051.19062
G1 X117.126 Y123.989 Z28.78 E1051.25217
G1 X116.382 Y124.344 Z28.783 E1051.31386
G1 X115.634 Y124.654 Z28.785 E1051.37446
G1 X114.854 Y124.931 Z28.787 E1051.4364
G1 X114.063 Y125.165 Z28.79 E1051.49813
G1 X113.261 Y125.357 Z28.793 E1051.55985
G1 X112.448 Y125.508 Z28.795 E1051.62173
G1 X111.649 Y125.613 Z28.797 E1051.68203
G1 X110.824 Y125.678 Z28.8 E1051.74397
;TIME_ELAPSED:549.841876
;LAYER:95
;TYPE:WALL-OUTER
;MESH:flow_cal_cylinder_32x30.stl
G1 X110 Y125.7 Z28.803 E1051.80565
G1 X109.176 Y125.678 Z28.805 E1051.86734
G1 X108.351 Y125.613 Z28.808 E1051.92927
G1 X107.552 Y125.508 Z28.81 E1051.98958
G1 X106.739 Y125.357 Z28.812 E1052.05146
G1 X105.937 Y125.165 Z28.815 E1052.11317
G1 X105.146 Y124.931 Z28.818 E1052.1749
G1 X104.366 Y124.654 Z28.82 E1052.23685
G1 X103.618 Y124.344 Z28.822 E1052.29744
G1 X102.874 Y123.989 Z28.825 E1052.35913
G1 X102.151 Y123.597 Z28.828 E1052.42068
G1 X101.443 Y123.163 Z28.83 E1052.48283
G1 X100.777 Y122.705 Z28.832 E1052.54331
G1 X100.114 Y122.196 Z28.835 E1052.60587
G1 X99.489 Y121.662 Z28.838 E1052.66739
G1 X98.898 Y121.102 Z28.84 E1052.72831
G1 X98.334 Y120.506 Z28.843 E1052.78972
G1 X97.802 Y119.883 Z28.845 E1052.85103
G1 X97.294 Y119.222 Z28.848 E1052.91342
G1 X96.837 Y118.557 Z28.85 E1052.9738
G1 X96.4 Y117.843 Z28.853 E1053.03645
G1 X96.008 Y117.121 Z28.855 E1053.09793
G1 X95.654 Y116.379 Z28.858 E1053.15945
G1 X95.345 Y115.631 Z28.86 E1053.22002
G1 X95.069 Y114.854 Z28.862 E1053.28172
G1 X94.833 Y114.056 Z28.865 E1053.344
G1 X94.642 Y113.257 Z28.868 E1053.40548
G1 X94.492 Y112.448 Z28.87 E1053.46705
G1 X94.387 Y111.649 Z28.872 E1053.52736
G1 X94.322 Y110.824 Z28.875 E1053.58929
G1 X94.3 Y110.008 Z28.877 E1053.65038
G1 X94.322 Y109.171 Z28.88 E1053.71304
G1 X94.387 Y108.351 Z28.883 E1053.7746
G1 X94.492 Y107.552 Z28.885 E1053.8349
G1 X94.642 Y106.743 Z28.887 E1053.89648
G1 X94.833 Y105.944 Z28.89 E1053.95796
G1 X95.071 Y105.141 Z28.893 E1054.02063
G1 X95.346 Y104.366 Z28.895 E1054.08217
G1 X95.654 Y103.621 Z28.897 E1054.1425
G1 X96.008 Y102.879 Z28.9 E1054.20403
G1 X96.4 Y102.157 Z28.902 E1054.26551
G1 X96.837 Y101.443 Z28.905 E1054.32815
G1 X97.294 Y100.778 Z28.907 E1054.38854
G1 X97.804 Y100.114 Z28.91 E1054.4512
G1 X98.338 Y99.489 Z28.913 E1054.51271
G1 X98.898 Y98.898 Z28.915 E1054.57364
G1 X99.489 Y98.338 Z28.917 E1054.63457
G1 X100.114 Y97.804 Z28.92 E1054.69609
G1 X100.778 Y97.294 Z28.923 E1054.75875
G1 X101.443 Y96.837 Z28.925 E1054.81913
G1 X102.151 Y96.403 Z28.928 E1054.88128
G1 X102.874 Y96.011 Z28.93 E1054.94283
G1 X103.618 Y95.656 Z28.933 E1055.00452
G1 X104.366 Y95.346 Z28.935 E1055.06511
G1 X105.146 Y95.069 Z28.937 E1055.12706
G1 X105.937 Y94.835 Z28.94 E1055.18879
G1 X106.739 Y94.643 Z28.943 E1055.2505
G1 X107.552 Y94.492 Z28.945 E1055.31238
G1 X108.351 Y94.387 Z28.947 E1055.37269
G1 X109.176 Y94.322 Z28.95 E1055.43462
G1 X110 Y94.3 Z28.953 E1055.49631
G1 X110.824 Y94.322 Z28.955 E1055.55799
G1 X111.649 Y94.387 Z28.958 E1055.61992
G1 X112.448 Y94.492 Z28.96 E1055.68023
G1 X113.261 Y94.643 Z28.962 E1055.74211
G1 X114.063 Y94.835 Z28.965 E1055.80383
G1 X114.854 Y95.069 Z28.968 E1055.86556
G1 X115.634 Y95.346 Z28.97 E1055.9275
G1 X116.382 Y95.656 Z28.972 E1055.9881
G1 X117.126 Y96.011 Z28.975 E1056.04979
G1 X117.849 Y96.403 Z28.978 E1056.11134
G1 X118.557 Y96.837 Z28.98 E1056.17348
G1 X119.222 Y97.294 Z28.982 E1056.23387
G1 X119.886 Y97.804 Z28.985 E1056.29652
G1 X120.511 Y98.338 Z28.988 E1056.35804
G1 X121.102 Y98.898 Z28.99 E1056.41897
G1 X121.662 Y99.489 Z28.992 E1056.4799
G1 X122.196 Y100.114 Z28.995 E1056.54142
G1 X122.706 Y100.778 Z28.998 E1056.60408
G1 X123.163 Y101.443 Z29 E1056.66446
G1 X123.6 Y102.157 Z29.003 E1056.72711
G1 X123.992 Y102.879 Z29.005 E1056.78859
G1 X124.346 Y103.621 Z29.008 E1056.85011
G1 X124.654 Y104.366 Z29.01 E1056.91044
G1 X124.929 Y105.141 Z29.012 E1056.97198
G1 X125.163 Y105.929 Z29.015 E1057.0335
G1 X125.358 Y106.743 Z29.018 E1057.09614
G1 X125.508 Y107.552 Z29.02 E1057.15771
G1 X125.613 Y108.351 Z29.022 E1057.21802
G1 X125.678 Y109.171 Z29.025 E1057.27958
G1 X125.7 Y109.992 Z29.027 E1057.34104
G1 X125.678 Y110.824 Z29.03 E1057.40332
G1 X125.613 Y111.649 Z29.033 E1057.46525
G1 X125.508 Y112.448 Z29.035 E1057.52556
G1 X125.358 Y113.257 Z29.037 E1057.58714
G1 X125.167 Y114.056 Z29.04 E1057.64861
G1 X124.931 Y114.854 Z29.043 E1057.71089
G1 X124.655 Y115.631 Z29.045 E1057.7726
G1 X124.346 Y116.379 Z29.047 E1057.83316
G1 X123.992 Y117.121 Z29.05 E1057.89469
G1 X123.6 Y117.843 Z29.052 E1057.95617
G1 X123.163 Y118.557 Z29.055 E1058.01881
G1 X122.706 Y119.222 Z29.057 E1058.0792
G1 X122.198 Y119.883 Z29.06 E1058.14159
G1 X121.666 Y120.506 Z29.063 E1058.20289
G1 X121.102 Y121.102 Z29.065 E1058.2643
G1 X120.511 Y121.662 Z29.067 E1058.32523
G1 X119.886 Y122.196 Z29.07 E1058.38675
G1 X119.223 Y122.705 Z29.073 E1058.4493
G1 X118.557 Y123.163 Z29.075 E1058.50979
G1 X117.849 Y123.597 Z29.078 E1058.57194
G1 X117.126 Y123.989 Z29.08 E1058.63348
G1 X116.382 Y124.344 Z29.083 E1058.69517
G1 X115.634 Y124.654 Z29.085 E1058.75577
G1 X114.854 Y124.931 Z29.087 E1058.81771
G1 X114.063 Y125.165 Z29.09 E1058.87944
G1 X113.261 Y125.357 Z29.093 E1058.94116
G1 X112.448 Y125.508 Z29.095 E1059.00304
G1 X111.649 Y125.613 Z29.097 E1059.06335
G1 X110.824 Y125.678 Z29.1 E1059.12528
;TIME_ELAPSED:553.180412
;LAYER:96
;TYPE:WALL-OUTER
;MESH:flow_cal_cylinder_32x30.stl
G1 X110 Y125.7 Z29.103 E1059.18696
G1 X109.176 Y125.678 Z29.105 E1059.24865
G1 X108.351 Y125.613 Z29.108 E1059.31058
G1 X107.552 Y125.508 Z29.11 E1059.37089
G1 X106.739 Y125.357 Z29.112 E1059.43277
G1 X105.937 Y125.165 Z29.115 E1059.49448
G1 X105.146 Y124.931 Z29.118 E1059.55621
G1 X104.366 Y124.654 Z29.12 E1059.61816
G1 X103.618 Y124.344 Z29.122 E1059.67875
G1 X102.874 Y123.989 Z29.125 E1059.74044
G1 X102.151 Y123.597 Z29.128 E1059.80199
G1 X101.443 Y123.163 Z29.13 E1059.86414
G1 X100.777 Y122.705 Z29.132 E1059.92462
G1 X100.114 Y122.196 Z29.135 E1059.98718
G1 X99.489 Y121.662 Z29.138 E1060.0487
G1 X98.898 Y121.102 Z29.14 E1060.10963
G1 X98.334 Y120.506 Z29.143 E1060.17103
G1 X97.802 Y119.883 Z29.145 E1060.23234
G1 X97.294 Y119.222 Z29.148 E1060.29473
G1 X96.837 Y118.557 Z29.15 E1060.35511
G1 X96.4 Y117.843 Z29.153 E1060.41776
G1 X96.008 Y117.121 Z29.155 E1060.47924
G1 X95.654 Y116.379 Z29.158 E1060.54076
G1 X95.345 Y115.631 Z29.16 E1060.60133
G1 X95.069 Y114.854 Z29.162 E1060.66304
G1 X94.833 Y114.056 Z29.165 E1060.72531
G1 X94.642 Y113.257 Z29.168 E1060.78679
G1 X94.492 Y112.448 Z29.17 E1060.84836
G1 X94.387 Y111.649 Z29.172 E1060.90867
G1 X94.322 Y110.824 Z29.175 E1060.9706
G1 X94.3 Y110.008 Z29.177 E1061.03169
G1 X94.322 Y109.171 Z29.18 E1061.09435
G1 X94.387 Y108.351 Z29.183 E1061.15591
G1 X94.492 Y107.552 Z29.185 E1061.21621
G1 X94.642 Y106.743 Z29.187 E1061.27779
G1 X94.833 Y105.944 Z29.19 E1061.33927
G1 X95.071 Y105.141 Z29.193 E1061.40194
G1 X95.346 Y104.366 Z29.195 E1061.46348
G1 X95.654 Y103.621 Z29.197 E1061.52381
G1 X96.008 Y102.879 Z29.2 E1061.58534
G1 X96.4 Y102.157 Z29.202 E1061.64682
G1 X96.837 Y101.443 Z29.205 E1061.70947
G1 X97.294 Y100.778 Z29.207 E1061.76985
G1 X97.804 Y100.114 Z29.21 E1061.83251
G1 X98.338 Y99.489 Z29.213 E1061.89403
G1 X98.898 Y98.898 Z29.215 E1061.95495
G1 X99.489 Y98.338 Z29.217 E1062.01588
G1 X100.114 Y97.804 Z29.22 E1062.0774
G1 X100.778 Y97.294 Z29.223 E1062.14006
G1 X101.443 Y96.837 Z29.225 E1062.20044
G1 X102.151 Y96.403 Z29.228 E1062.26259
G1 X102.874 Y96.011 Z29.23 E1062.32414
G1 X103.618 Y95.656 Z29.233 E1062.38583
G1 X104.366 Y95.346 Z29.235 E1062.44642
G1 X105.146 Y95.069 Z29.237 E1062.50837
G1 X105.937 Y94.835 Z29.24 E1062.5701
G1 X106.739 Y94.643 Z29.243 E1062.63181
G1 X107.552 Y94.492 Z29.245 E1062.69369
G1 X108.351 Y94.387 Z29.247 E1062.754
G1 X109.176 Y94.322 Z29.25 E1062.81593
G1 X110 Y94.3 Z29.253 E1062.87762
G1 X110.824 Y94.322 Z29.255 E1062.9393
G1 X111.649 Y94.387 Z29.258 E1063.00124
G1 X112.448 Y94.492 Z29.26 E1063.06154
G1 X113.261 Y94.643 Z29.262 E1063.12342
G1 X114.063 Y94.835 Z29.265 E1063.18514
G1 X114.854 Y95.069 Z29.268 E1063.24687
G1 X115.634 Y95.346 Z29.27 E1063.30881
G1 X116.382 Y95.656 Z29.272 E1063.36941
G1 X117.126 Y96.011 Z29.275 E1063.4311
G1 X117.849 Y96.403 Z29.278 E1063.49265
G1 X118.557 Y96.837 Z29.28 E1063.55479
G1 X119.222 Y97.294 Z29.282 E1063.61518
G1 X119.886 Y97.804 Z29.285 E1063.67783
G1 X120.511 Y98.338 Z29.288 E1063.73935
G1 X121.102 Y98.898 Z29.29 E1063.80028
G1 X121.662 Y99.489 Z29.292 E1063.86121
G1 X122.196 Y100.114 Z29.295 E1063.92273
G1 X122.706 Y100.778 Z29.298 E1063.98539
G1 X123.163 Y101.443 Z29.3 E1064.04577
G1 X123.6 Y102.157 Z29.303 E1064.10842
G1 X123.992 Y102.879 Z29.305 E1064.1699
G1 X124.346 Y103.621 Z29.308 E1064.23142
G1 X124.654 Y104.366 Z29.31 E1064.29175
G1 X124.929 Y105.141 Z29.312 E1064.35329
G1 X125.163 Y105.929 Z29.315 E1064.41481
G1 X125.358 Y106.743 Z29.318 E1064.47745
G1 X125.508 Y107.552 Z29.32 E1064.53902
G1 X125.613 Y108.351 Z29.322 E1064.59933
G1 X125.678 Y109.171 Z29.325 E1064.66089
G1 X125.7 Y109.992 Z29.327 E1064.72235
G1 X125.678 Y110.824 Z29.33 E1064.78463
G1 X125.613 Y111.649 Z29.333 E1064.84657
G1 X125.508 Y112.448 Z29.335 E1064.90687
G1 X125.358 Y113.257 Z29.337 E1064.96845
G1 X125.167 Y114.056 Z29.34 E1065.02993
G1 X124.931 Y114.854 Z29.343 E1065.0922
G1 X124.655 Y115.631 Z29.345 E1065.15391
G1 X124.346 Y116.379 Z29.347 E1065.21447
G1 X123.992 Y117.121 Z29.35 E1065.276
G1 X123.6 Y117.843 Z29.352 E1065.33748
G1 X123.163 Y118.557 Z29.355 E1065.40012
G1 X122.706 Y119.222 Z29.357 E1065.46051
G1 X122.198 Y119.883 Z29.36 E1065.5229
G1 X121.666 Y120.506 Z29.363 E1065.5842
G1 X121.102 Y121.102 Z29.365 E1065.64561
G1 X120.511 Y121.662 Z29.367 E1065.70654
G1 X119.886 Y122.196 Z29.37 E1065.76806
G1 X119.223 Y122.705 Z29.373 E1065.83061
G1 X118.557 Y123.163 Z29.375 E1065.8911
G1 X117.849 Y123.597 Z29.378 E1065.95325
G1 X117.126 Y123.989 Z29.38 E1066.01479
G1 X116.382 Y124.344 Z29.383 E1066.07648
G1 X115.634 Y124.654 Z29.385 E1066.13708
G1 X114.854 Y124.931 Z29.387 E1066.19902
G1 X114.063 Y125.165 Z29.39 E1066.26075
G1 X113.261 Y125.357 Z29.393 E1066.32247
G1 X112.448 Y125.508 Z29.395 E1066.38435
G1 X111.649 Y125.613 Z29.397 E1066.44466
G1 X110.824 Y125.678 Z29.4 E1066.50659
;TIME_ELAPSED:556.518948
;LAYER:97
;TYPE:WALL-OUTER
;MESH:flow_cal_cylinder_32x30.stl
G1 X110 Y125.7 Z29.403 E1066.56827
G1 X109.176 Y125.678 Z29.405 E1066.62996
G1 X108.351 Y125.613 Z29.408 E1066.69189
G1 X107.552 Y125.508 Z29.41 E1066.7522
G1 X106.739 Y125.357 Z29.412 E1066.81408
G1 X105.937 Y125.165 Z29.415 E1066.87579
G1 X105.146 Y124.931 Z29.418 E1066.93753
G1 X104.366 Y124.654 Z29.42 E1066.99947
G1 X103.618 Y124.344 Z29.422 E1067.06006
G1 X102.874 Y123.989 Z29.425 E1067.12175
G1 X102.151 Y123.597 Z29.428 E1067.1833
G1 X101.443 Y123.163 Z29.43 E1067.24545
G1 X100.777 Y122.705 Z29.432 E1067.30594
G1 X100.114 Y122.196 Z29.435 E1067.36849
G1 X99.489 Y121.662 Z29.438 E1067.43001
G1 X98.898 Y121.102 Z29.44 E1067.49094
G1 X98.334 Y120.506 Z29.443 E1067.55234
G1 X97.802 Y119.883 Z29.445 E1067.61365
G1 X97.294 Y119.222 Z29.448 E1067.67604
G1 X96.837 Y118.557 Z29.45 E1067.73642
G1 X96.4 Y117.843 Z29.453 E1067.79907
G1 X96.008 Y117.121 Z29.455 E1067.86055
G1 X95.654 Y116.379 Z29.458 E1067.92207
G1 X95.345 Y115.631 Z29.46 E1067.98264
G1 X95.069 Y114.854 Z29.462 E1068.04435
G1 X94.833 Y114.056 Z29.465 E1068.10662
G1 X94.642 Y113.257 Z29.468 E1068.1681
G1 X94.492 Y112.448 Z29.47 E1068.22967
G1 X94.387 Y111.649 Z29.472 E1068.28998
G1 X94.322 Y110.824 Z29.475 E1068.35191
G1 X94.3 Y110.008 Z29.477 E1068.413
G1 X94.322 Y109.171 Z29.48 E1068.47566
G1 X94.387 Y108.351 Z29.483 E1068.53722
G1 X94.492 Y107.552 Z29.485 E1068.59753
G1 X94.642 Y106.743 Z29.487 E1068.6591
G1 X94.833 Y105.944 Z29.49 E1068.72058
G1 X95.071 Y105.141 Z29.493 E1068.78325
G1 X95.346 Y104.366 Z29.495 E1068.8448
G1 X95.654 Y103.621 Z29.497 E1068.90512
G1 X96.008 Y102.879 Z29.5 E1068.96665
G1 X96.4 Y102.157 Z29.502 E1069.02813
G1 X96.837 Y101.443 Z29.505 E1069.09078
G1 X97.294 Y100.778 Z29.507 E1069.15116
G1 X97.804 Y100.114 Z29.51 E1069.21382
G1 X98.338 Y99.489 Z29.513 E1069.27534
G1 X98.898 Y98.898 Z29.515 E1069.33627
G1 X99.489 Y98.338 Z29.517 E1069.39719
G1 X100.114 Y97.804 Z29.52 E1069.45871
G1 X100.778 Y97.294 Z29.523 E1069.52137
G1 X101.443 Y96.837 Z29.525 E1069.58175
G1 X102.151 Y96.403 Z29.528 E1069.6439
G1 X102.874 Y96.011 Z29.53 E1069.70545
G1 X103.618 Y95.656 Z29.533 E1069.76714
G1 X104.366 Y95.346 Z29.535 E1069.82773
G1 X105.146 Y95.069 Z29.537 E1069.88968
G1 X105.937 Y94.835 Z29.54 E1069.95141
G1 X106.739 Y94.643 Z29.543 E1070.01312
G1 X107.552 Y94.492 Z29.545 E1070.075
G1 X108.351 Y94.387 Z29.547 E1070.13531
G1 X109.176 Y94.322 Z29.55 E1070.19724
G1 X110 Y94.3 Z29.553 E1070.25893
G1 X110.824 Y94.322 Z29.555 E1070.32062
G1 X111.649 Y94.387 Z29.558 E1070.38255
G1 X112.448 Y94.492 Z29.56 E1070.44285
G1 X113.261 Y94.643 Z29.562 E1070.50474
G1 X114.063 Y94.835 Z29.565 E1070.56645
G1 X114.854 Y95.069 Z29.568 E1070.62818
G1 X115.634 Y95.346 Z29.57 E1070.69012
G1 X116.382 Y95.656 Z29.572 E1070.75072
G1 X117.126 Y96.011 Z29.575 E1070.81241
G1 X117.849 Y96.403 Z29.578 E1070.87396
G1 X118.557 Y96.837 Z29.58 E1070.9361
G1 X119.222 Y97.294 Z29.582 E1070.99649
G1 X119.886 Y97.804 Z29.585 E1071.05914
G1 X120.511 Y98.338 Z29.588 E1071.12066
G1 X121.102 Y98.898 Z29.59 E1071.18159
G1 X121.662 Y99.489 Z29.592 E1071.24252
G1 X122.196 Y100.114 Z29.595 E1071.30404
G1 X122.706 Y100.778 Z29.598 E1071.3667
G1 X123.163 Y101.443 Z29.6 E1071.42708
G1 X123.6 Y102.157 Z29.603 E1071.48973
G1 X123.992 Y102.879 Z29.605 E1071.55121
G1 X124.346 Y103.621 Z29.608 E1071.61273
G1 X124.654 Y104.366 Z29.61 E1071.67306
G1 X124.929 Y105.141 Z29.612 E1071.7346
G1 X125.163 Y105.929 Z29.615 E1071.79612
G1 X125.358 Y106.743 Z29.618 E1071.85876
G1 X125.508 Y107.552 Z29.62 E1071.92033
G1 X125.613 Y108.351 Z29.622 E1071.98064
G1 X125.678 Y109.171 Z29.625 E1072.0422
G1 X125.7 Y109.992 Z29.627 E1072.10366
G1 X125.678 Y110.824 Z29.63 E1072.16594
G1 X125.613 Y111.649 Z29.633 E1072.22788
G1 X125.508 Y112.448 Z29.635 E1072.28818
G1 X125.358 Y113.257 Z29.637 E1072.34976
G1 X125.167 Y114.056 Z29.64 E1072.41124
G1 X124.931 Y114.854 Z29.643 E1072.47351
G1 X124.655 Y115.631 Z29.645 E1072.53522
G1 X124.346 Y116.379 Z29.647 E1072.59578
G1 X123.992 Y117.121 Z29.65 E1072.65731
G1 X123.6 Y117.843 Z29.652 E1072.71879
G1 X123.163 Y118.557 Z29.655 E1072.78143
G1 X122.706 Y119.222 Z29.657 E1072.84182
G1 X122.198 Y119.883 Z29.66 E1072.90421
G1 X121.666 Y120.506 Z29.663 E1072.96551
G1 X121.102 Y121.102 Z29.665 E1073.02692
G1 X120.511 Y121.662 Z29.667 E1073.08785
G1 X119.886 Y122.196 Z29.67 E1073.14937
G1 X119.223 Y122.705 Z29.673 E1073.21192
G1 X118.557 Y123.163 Z29.675 E1073.27241
G1 X117.849 Y123.597 Z29.678 E1073.33456
G1 X117.126 Y123.989 Z29.68 E1073.3961
G1 X116.382 Y124.344 Z29.683 E1073.45779
G1 X115.634 Y124.654 Z29.685 E1073.51839
G1 X114.854 Y124.931 Z29.687 E1073.58033
G1 X114.063 Y125.165 Z29.69 E1073.64206
G1 X113.261 Y125.357 Z29.693 E1073.70378
G1 X112.448 Y125.508 Z29.695 E1073.76566
G1 X111.649 Y125.613 Z29.697 E1073.82597
G1 X110.824 Y125.678 Z29.7 E1073.8879
;TIME_ELAPSED:559.857484
;LAYER:98
;TYPE:WALL-OUTER
;MESH:flow_cal_cylinder_32x30.stl
G1 X110 Y125.7 Z29.703 E1073.94958
G1 X109.176 Y125.678 Z29.705 E1074.01127
G1 X108.351 Y125.613 Z29.708 E1074.0732
G1 X107.552 Y125.508 Z29.71 E1074.13351
G1 X106.739 Y125.357 Z29.712 E1074.19539
G1 X105.937 Y125.165 Z29.715 E1074.25711
G1 X105.146 Y124.931 Z29.718 E1074.31884
G1 X104.366 Y124.654 Z29.72 E1074.38078
G1 X103.618 Y124.344 Z29.722 E1074.44137
G1 X102.874 Y123.989 Z29.725 E1074.50306
G1 X102.151 Y123.597 Z29.728 E1074.56461
G1 X101.443 Y123.163 Z29.73 E1074.62676
G1 X100.777 Y122.705 Z29.732 E1074.68725
G1 X100.114 Y122.196 Z29.735 E1074.7498
G1 X99.489 Y121.662 Z29.738 E1074.81132
G1 X98.898 Y121.102 Z29.74 E1074.87225
G1 X98.334 Y120.506 Z29.743 E1074.93365
G1 X97.802 Y119.883 Z29.745 E1074.99496
G1 X97.294 Y119.222 Z29.748 E1075.05735
G1 X96.837 Y118.557 Z29.75 E1075.11773
G1 X96.4 Y117.843 Z29.753 E1075.18038
G1 X96.008 Y117.121 Z29.755 E1075.24186
G1 X95.654 Y116.379 Z29.758 E1075.30338
G1 X95.345 Y115.631 Z29.76 E1075.36395
G1 X95.069 Y114.854 Z29.762 E1075.42566
G1 X94.833 Y114.056 Z29.765 E1075.48793
G1 X94.642 Y113.257 Z29.768 E1075.54941
G1 X94.492 Y112.448 Z29.77 E1075.61098
G1 X94.387 Y111.649 Z29.772 E1075.67129
G1 X94.322 Y110.824 Z29.775 E1075.73322
G1 X94.3 Y110.008 Z29.777 E1075.79431
G1 X94.322 Y109.171 Z29.78 E1075.85697
G1 X94.387 Y108.351 Z29.783 E1075.91853
G1 X94.492 Y107.552 Z29.785 E1075.97884
G1 X94.642 Y106.743 Z29.787 E1076.04041
G1 X94.833 Y105.944 Z29.79 E1076.10189
G1 X95.071 Y105.141 Z29.793 E1076.16457
G1 X95.346 Y104.366 Z29.795 E1076.22611
G1 X95.654 Y103.621 Z29.797 E1076.28644
G1 X96.008 Y102.879 Z29.8 E1076.34796
G1 X96.4 Y102.157 Z29.802 E1076.40944
G1 X96.837 Y101.443 Z29.805 E1076.47209
G1 X97.294 Y100.778 Z29.807 E1076.53247
G1 X97.804 Y100.114 Z29.81 E1076.59513
G1 X98.338 Y99.489 Z29.813 E1076.65665
G1 X98.898 Y98.898 Z29.815 E1076.71758
G1 X99.489 Y98.338 Z29.817 E1076.77851
G1 X100.114 Y97.804 Z29.82 E1076.84002
G1 X100.778 Y97.294 Z29.823 E1076.90268
G1 X101.443 Y96.837 Z29.825 E1076.96307
G1 X102.151 Y96.403 Z29.828 E1077.02521
G1 X102.874 Y96.011 Z29.83 E1077.08676
G1 X103.618 Y95.656 Z29.833 E1077.14845
G1 X104.366 Y95.346 Z29.835 E1077.20904
G1 X105.146 Y95.069 Z29.837 E1077.27099
G1 X105.937 Y94.835 Z29.84 E1077.33272
G1 X106.739 Y94.643 Z29.843 E1077.39443
G1 X107.552 Y94.492 Z29.845 E1077.45631
G1 X108.351 Y94.387 Z29.847 E1077.51662
G1 X109.176 Y94.322 Z29.85 E1077.57855
G1 X110 Y94.3 Z29.853 E1077.64024
G1 X110.824 Y94.322 Z29.855 E1077.70193
G1 X111.649 Y94.387 Z29.858 E1077.76386
G1 X112.448 Y94.492 Z29.86 E1077.82416
G1 X113.261 Y94.643 Z29.862 E1077.88605
G1 X114.063 Y94.835 Z29.865 E1077.94776
G1 X114.854 Y95.069 Z29.868 E1078.00949
G1 X115.634 Y95.346 Z29.87 E1078.07143
G1 X116.382 Y95.656 Z29.872 E1078.13203
G1 X117.126 Y96.011 Z29.875 E1078.19372
G1 X117.849 Y96.403 Z29.878 E1078.25527
G1 X118.557 Y96.837 Z29.88 E1078.31741
G1 X119.222 Y97.294 Z29.882 E1078.3778
G1 X119.886 Y97.804 Z29.885 E1078.44045
G1 X120.511 Y98.338 Z29.888 E1078.50197
G1 X121.102 Y98.898 Z29.89 E1078.5629
G1 X121.662 Y99.489 Z29.892 E1078.62383
G1 X122.196 Y100.114 Z29.895 E1078.68535
G1 X122.706 Y100.778 Z29.898 E1078.74801
G1 X123.163 Y101.443 Z29.9 E1078.80839
G1 X123.6 Y102.157 Z29.903 E1078.87104
G1 X123.992 Y102.879 Z29.905 E1078.93252
G1 X124.346 Y103.621 Z29.908 E1078.99404
G1 X124.654 Y104.366 Z29.91 E1079.05437
G1 X124.929 Y105.141 Z29.912 E1079.11591
G1 X125.163 Y105.929 Z29.915 E1079.17743
G1 X125.358 Y106.743 Z29.918 E1079.24007
G1 X125.508 Y107.552 Z29.92 E1079.30164
G1 X125.613 Y108.351 Z29.922 E1079.36195
G1 X125.678 Y109.171 Z29.925 E1079.42351
G1 X125.7 Y109.992 Z29.927 E1079.48497
G1 X125.679 Y110.811 Z29.93 E1079.54628
G1 X125.613 Y111.649 Z29.933 E1079.60919
G1 X125.508 Y112.448 Z29.935 E1079.6695
G1 X125.358 Y113.257 Z29.937 E1079.73107
G1 X125.167 Y114.056 Z29.94 E1079.79255
G1 X124.931 Y114.854 Z29.943 E1079.85482
G1 X124.655 Y115.631 Z29.945 E1079.91653
G1 X124.346 Y116.379 Z29.947 E1079.9771
G1 X123.992 Y117.121 Z29.95 E1080.03862
G1 X123.6 Y117.843 Z29.952 E1080.1001
G1 X123.163 Y118.557 Z29.955 E1080.16275
G1 X122.706 Y119.222 Z29.957 E1080.22313
G1 X122.198 Y119.883 Z29.96 E1080.28552
G1 X121.666 Y120.506 Z29.963 E1080.34683
G1 X121.102 Y121.102 Z29.965 E1080.40823
G1 X120.511 Y121.662 Z29.967 E1080.46916
G1 X119.886 Y122.196 Z29.97 E1080.53068
G1 X119.223 Y122.705 Z29.973 E1080.59323
G1 X118.557 Y123.163 Z29.975 E1080.65372
G1 X117.849 Y123.597 Z29.978 E1080.71587
G1 X117.126 Y123.989 Z29.98 E1080.77742
G1 X116.382 Y124.344 Z29.983 E1080.83911
G1 X115.634 Y124.654 Z29.985 E1080.8997
G1 X114.854 Y124.931 Z29.987 E1080.96164
G1 X114.063 Y125.165 Z29.99 E1081.02337
G1 X113.261 Y125.357 Z29.993 E1081.08509
G1 X112.448 Y125.508 Z29.995 E1081.14697
G1 X111.649 Y125.613 Z29.997 E1081.20728
G1 X110.824 Y125.678 Z30 E1081.26921
;TIME_ELAPSED:563.196020
;LAYER:99
;TYPE:WALL-OUTER
;MESH:flow_cal_cylinder_32x30.stl
G1 X110 Y125.7 Z30.001 E1081.3309
G1 X109.176 Y125.678 Z30.003 E1081.39258
G1 X108.351 Y125.613 Z30.004 E1081.45451
G1 X107.552 Y125.508 Z30.005 E1081.51482
G1 X106.739 Y125.357 Z30.007 E1081.5767
G1 X105.937 Y125.165 Z30.008 E1081.63842
G1 X105.146 Y124.931 Z30.009 E1081.70015
G1 X104.366 Y124.654 Z30.011 E1081.76209
G1 X103.618 Y124.344 Z30.012 E1081.82268
G1 X102.874 Y123.989 Z30.013 E1081.88437
G1 X102.151 Y123.597 Z30.015 E1081.94592
G1 X101.443 Y123.163 Z30.016 E1082.00807
G1 X100.777 Y122.705 Z30.017 E1082.06856
G1 X100.114 Y122.196 Z30.019 E1082.13111
G1 X99.489 Y121.662 Z30.02 E1082.19263
G1 X98.898 Y121.102 Z30.022 E1082.25356
G1 X98.334 Y120.506 Z30.023 E1082.31496
G1 X97.802 Y119.883 Z30.024 E1082.37627
G1 X97.294 Y119.222 Z30.026 E1082.43866
G1 X96.837 Y118.557 Z30.027 E1082.49904
G1 X96.4 Y117.843 Z30.028 E1082.56169
G1 X96.008 Y117.121 Z30.03 E1082.62317
G1 X95.654 Y116.379 Z30.031 E1082.68469
G1 X95.345 Y115.631 Z30.032 E1082.74526
G1 X95.069 Y114.854 Z30.034 E1082.80696
G1 X94.833 Y114.056 Z30.035 E1082.86924
G1 X94.642 Y113.257 Z30.036 E1082.93072
G1 X94.492 Y112.448 Z30.038 E1082.99229
G1 X94.387 Y111.649 Z30.039 E1083.0526
G1 X94.322 Y110.824 Z30.04 E1083.11453
G1 X94.3 Y110.008 Z30.042 E1083.17562
G1 X94.322 Y109.171 Z30.043 E1083.23828
G1 X94.387 Y108.351 Z30.044 E1083.29983
G1 X94.492 Y107.552 Z30.046 E1083.36014
G1 X94.642 Y106.743 Z30.047 E1083.42171
G1 X94.833 Y105.944 Z30.048 E1083.48319
G1 X95.071 Y105.141 Z30.05 E1083.54587
G1 X95.346 Y104.366 Z30.051 E1083.60741
G1 X95.654 Y103.621 Z30.052 E1083.66774
G1 X96.008 Y102.879 Z30.054 E1083.72926
G1 X96.4 Y102.157 Z30.055 E1083.79074
G1 X96.837 Y101.443 Z30.057 E1083.85339
G1 X97.294 Y100.778 Z30.058 E1083.91377
G1 X97.804 Y100.114 Z30.059 E1083.97643
G1 X98.338 Y99.489 Z30.061 E1084.03795
G1 X98.898 Y98.898 Z30.062 E1084.09888
G1 X99.489 Y98.338 Z30.063 E1084.15981
G1 X100.114 Y97.804 Z30.065 E1084.22133
G1 X100.778 Y97.294 Z30.066 E1084.28398
G1 X101.443 Y96.837 Z30.067 E1084.34437
G1 X102.151 Y96.403 Z30.069 E1084.40651
G1 X102.874 Y96.011 Z30.07 E1084.46806
G1 X103.618 Y95.656 Z30.071 E1084.52975
G1 X104.366 Y95.346 Z30.073 E1084.59034
G1 X105.146 Y95.069 Z30.074 E1084.65229
G1 X105.937 Y94.835 Z30.075 E1084.71402
G1 X106.739 Y94.643 Z30.077 E1084.77573
G1 X107.552 Y94.492 Z30.078 E1084.83761
G1 X108.351 Y94.387 Z30.079 E1084.89792
G1 X109.176 Y94.322 Z30.081 E1084.95985
G1 X110 Y94.3 Z30.082 E1085.02154
G1 X110.824 Y94.322 Z30.083 E1085.08323
G1 X111.649 Y94.387 Z30.085 E1085.14516
G1 X112.448 Y94.492 Z30.086 E1085.20546
G1 X113.261 Y94.643 Z30.087 E1085.26735
G1 X114.063 Y94.835 Z30.089 E1085.32906
G1 X114.854 Y95.069 Z30.09 E1085.39079
G1 X115.634 Y95.346 Z30.091 E1085.45273
G1 X116.382 Y95.656 Z30.093 E1085.51333
G1 X117.126 Y96.011 Z30.094 E1085.57502
G1 X117.849 Y96.403 Z30.096 E1085.63656
G1 X118.557 Y96.837 Z30.097 E1085.69871
G1 X119.222 Y97.294 Z30.098 E1085.75909
G1 X119.886 Y97.804 Z30.1 E1085.82175
G1 X120.511 Y98.338 Z30.101 E1085.88327
G1 X121.102 Y98.898 Z30.102 E1085.9442
G1 X121.662 Y99.489 Z30.104 E1086.00513
G1 X122.196 Y100.114 Z30.105 E1086.06665
G1 X122.706 Y100.778 Z30.106 E1086.1293
G1 X123.163 Y101.443 Z30.108 E1086.18969
G1 X123.6 Y102.157 Z30.109 E1086.25233
G1 X123.992 Y102.879 Z30.11 E1086.31381
G1 X124.346 Y103.621 Z30.112 E1086.37534
G1 X124.654 Y104.366 Z30.113 E1086.43567
G1 X124.929 Y105.141 Z30.114 E1086.49721
G1 X125.163 Y105.929 Z30.116 E1086.55872
G1 X125.358 Y106.743 Z30.117 E1086.62136
G1 X125.508 Y107.552 Z30.118 E1086.68294
G1 X125.613 Y108.351 Z30.12 E1086.74324
G1 X125.678 Y109.171 Z30.121 E1086.8048
G1 X125.7 Y109.992 Z30.122 E1086.86626
G1 X125.678 Y110.822 Z30.124 E1086.9284
G1 X125.613 Y111.648 Z30.125 E1086.9904
G1 X125.508 Y112.448 Z30.126 E1087.05079
G1 X125.358 Y113.257 Z30.128 E1087.11236
G1 X125.167 Y114.056 Z30.129 E1087.17384
G1 X124.931 Y114.854 Z30.131 E1087.23611
G1 X124.655 Y115.631 Z30.132 E1087.29782
G1 X124.346 Y116.379 Z30.133 E1087.35839
G1 X123.992 Y117.121 Z30.135 E1087.41991
G1 X123.6 Y117.843 Z30.136 E1087.48139
G1 X123.163 Y118.557 Z30.137 E1087.54404
G1 X122.706 Y119.222 Z30.139 E1087.60442
G1 X122.198 Y119.883 Z30.14 E1087.66681
G1 X121.666 Y120.506 Z30.141 E1087.72812
G1 X121.102 Y121.102 Z30.143 E1087.78952
G1 X120.511 Y121.662 Z30.144 E1087.85045
G1 X119.886 Y122.196 Z30.145 E1087.91197
G1 X119.223 Y122.705 Z30.147 E1087.97452
G1 X118.557 Y123.163 Z30.148 E1088.03501
G1 X117.849 Y123.597 Z30.149 E1088.09716
G1 X117.126 Y123.989 Z30.151 E1088.1587
G1 X116.382 Y124.344 Z30.152 E1088.22039
G1 X115.634 Y124.654 Z30.153 E1088.28099
G1 X114.854 Y124.931 Z30.155 E1088.34293
G1 X114.063 Y125.165 Z30.156 E1088.40466
G1 X113.261 Y125.357 Z30.157 E1088.46638
G1 X112.448 Y125.508 Z30.159 E1088.52826
G1 X111.649 Y125.613 Z30.16 E1088.58856
G1 X110.824 Y125.678 Z30.161 E1088.65049
G1 X110 Y125.7 Z30.3 E1088.70992
G1 X109.176 Y125.678 E1088.76853
G1 X108.351 Y125.613 E1088.82736
G1 X107.552 Y125.508 E1088.88465
G1 X106.739 Y125.357 E1088.94344
G1 X105.937 Y125.165 E1088.99898
G1 X105.146 Y124.931 E1089.05454
G1 X104.366 Y124.654 E1089.11029
G1 X103.618 Y124.344 E1089.16482
G1 X102.874 Y123.989 E1089.22034
G1 X102.151 Y123.597 E1089.27574
G1 X101.443 Y123.163 E1089.32856
G1 X100.777 Y122.705 E1089.37998
G1 X100.114 Y122.196 E1089.43314
G1 X99.489 Y121.662 E1089.48544
G1 X98.898 Y121.102 E1089.53722
G1 X98.334 Y120.506 E1089.58942
G1 X97.802 Y119.883 E1089.64153
G1 X97.294 Y119.222 E1089.69144
G1 X96.837 Y118.557 E1089.73975
G1 X96.4 Y117.843 E1089.78987
G1 X96.008 Y117.121 E1089.83905
G1 X95.654 Y116.379 E1089.88827
G1 X95.345 Y115.631 E1089.93672
G1 X95.069 Y114.854 E1089.983
G1 X94.833 Y114.056 E1090.02971
G1 X94.642 Y113.257 E1090.07582
G1 X94.492 Y112.448 E1090.122
G1 X94.387 Y111.649 E1090.16723
G1 X94.322 Y110.824 E1090.21368
G1 X94.3 Y110.008 E1090.25644
G1 X94.322 Y109.171 E1090.3003
G1 X94.387 Y108.351 E1090.34339
G1 X94.492 Y107.552 E1090.3856
G1 X94.642 Y106.743 E1090.4287
G1 X94.833 Y105.944 E1090.47174
G1 X95.071 Y105.141 E1090.51248
G1 X95.346 Y104.366 E1090.55248
G1 X95.654 Y103.621 E1090.59169
G1 X96.008 Y102.879 E1090.63168
G1 X96.4 Y102.157 E1090.67165
G1 X96.837 Y101.443 E1090.70924
G1 X97.294 Y100.778 E1090.74547
G1 X97.804 Y100.114 E1090.78306
G1 X98.338 Y99.489 E1090.81997
G1 X98.898 Y98.898 E1090.85653
G1 X99.489 Y98.338 E1090.89309
G1 X100.114 Y97.804 E1090.93
G1 X100.778 Y97.294 E1090.96446
G1 X101.443 Y96.837 E1090.99767
G1 X102.151 Y96.403 E1091.03185
G1 X102.874 Y96.011 E1091.0657
G1 X103.618 Y95.656 E1091.09963
G1 X104.366 Y95.346 E1091.13296
G1 X105.146 Y95.069 E1091.16393
G1 X105.937 Y94.835 E1091.19479
G1 X106.739 Y94.643 E1091.22565
G1 X107.552 Y94.492 E1091.25659
G1 X108.351 Y94.387 E1091.28674
G1 X109.176 Y94.322 E1091.31461
G1 X110 Y94.3 E1091.34237
G1 X110.824 Y94.322 E1091.37013
G1 X111.649 Y94.387 E1091.398
G1 X112.448 Y94.492 E1091.42514
G1 X113.261 Y94.643 E1091.45298
G1 X114.063 Y94.835 E1091.47767
G1 X114.854 Y95.069 E1091.50236
G1 X115.634 Y95.346 E1091.52714
G1 X116.382 Y95.656 E1091.55138
G1 X117.126 Y96.011 E1091.57605
G1 X117.849 Y96.403 E1091.60067
G1 X118.557 Y96.837 E1091.62242
G1 X119.222 Y97.294 E1091.64356
G1 X119.886 Y97.804 E1091.66549
G1 X120.511 Y98.338 E1091.68702
G1 X121.102 Y98.898 E1091.70834
G1 X121.662 Y99.489 E1091.72967
G1 X122.196 Y100.114 E1091.7512
G1 X122.706 Y100.778 E1091.77
G1 X123.163 Y101.443 E1091.78811
G1 X123.6 Y102.157 E1091.80691
G1 X123.992 Y102.879 E1091.82535
G1 X124.346 Y103.621 E1091.84381
G1 X124.654 Y104.366 E1091.86191
G1 X124.929 Y105.141 E1091.87729
G1 X125.163 Y105.929 E1091.89267
G1 X125.358 Y106.743 E1091.90833
G1 X125.508 Y107.552 E1091.92372
G1 X125.613 Y108.351 E1091.9388
G1 X125.678 Y109.171 E1091.95419
G1 X125.7 Y109.992
G1 X125.678 Y110.822
G1 X125.613 Y111.648
G1 X125.508 Y112.448
G1 X125.358 Y113.257
G1 X125.167 Y114.056
G1 X124.931 Y114.854
G1 X124.655 Y115.631
G1 X124.346 Y116.379
G1 X123.992 Y117.121
G1 X123.6 Y117.843
G1 X123.163 Y118.557
G1 X122.706 Y119.222
;TIME_ELAPSED:569.452329
G1 F1500 E1085.45419
M140 S0
M107
G91 ;Relative positioning
G1 E-2 F2700 ;Retract a bit
G1 E-2 Z0.2 F2400 ;Retract and raise Z
G1 X5 Y5 F3000 ;Wipe out
G1 Z10 ;Raise Z more
G90 ;Absolute positioning

G1 X0 Y220 ;Present print
M106 S0 ;Turn-off fan
M104 S0 ;Turn-off hotend
M140 S0 ;Turn-off bed

M84 X Y E ;Disable all steppers but Z

M82 ;absolute extrusion mode
M104 S0
;End of Gcode
;SETTING_3 {"global_quality": "[general]\\nversion = 4\\nname = CE3PRO FLOWTEST 
;SETTING_3 N0.6 L0.3\\ndefinition = creality_ender3pro\\n\\n[metadata]\\ntype = 
;SETTING_3 quality_changes\\nquality_type = standard\\nsetting_version = 27\\n\\
;SETTING_3 n[values]\\nadhesion_type = skirt\\nlayer_height = 0.3\\nlayer_height
;SETTING_3 _0 = 0.3\\nmagic_spiralize = True\\nmaterial_bed_temperature = 60\\nm
;SETTING_3 aterial_bed_temperature_layer_0 = 60\\nsmooth_spiralized_contours = T
;SETTING_3 rue\\n\\n", "extruder_quality": ["[general]\\nversion = 4\\nname = CE
;SETTING_3 3PRO FLOWTEST N0.6 L0.3\\ndefinition = creality_ender3pro\\n\\n[metad
;SETTING_3 ata]\\ntype = quality_changes\\nquality_type = standard\\nintent_cate
;SETTING_3 gory = default\\nposition = 0\\nsetting_version = 27\\n\\n[values]\\n
;SETTING_3 bottom_layers = 3\\ncool_fan_speed = 100\\ncool_fan_speed_0 = 0\\ncoo
;SETTING_3 l_min_layer_time = 3\\ninfill_sparse_density = 0\\nline_width = 0.6\\
;SETTING_3 nmaterial_flow = 100\\nmaterial_flow_layer_0 = 100\\nmaterial_print_t
;SETTING_3 emperature = 205\\nmaterial_print_temperature_layer_0 = 210\\nretract
;SETTING_3 ion_hop_enabled = False\\nspeed_layer_0 = 20\\nspeed_print = 30\\nspe
;SETTING_3 ed_topbottom = 30\\nspeed_travel = 150\\nspeed_wall_0 = 30\\nspeed_wa
;SETTING_3 ll_x = 30\\ntop_layers = 0\\nwall_line_count = 1\\nwall_line_width = 
;SETTING_3 0.6\\n\\n"]}
